temperature,ph,dissolved_oxygen,salinity,water_color,mortality_count,feed_given,pond_age,disease_risk
31.9,7.8,2.1,14,Brown,25,89,80,High
34.7,9.5,7.7,28,Green,11,202,26,Moderate
30.0,8.0,5.1,24,Light Green,23,275,72,Healthy
31.5,9.2,4.4,17,Brown,32,286,42,High
31.5,6.8,4.6,7,Green,40,169,51,Moderate
25.1,9.5,3.9,23,Green,8,43,142,High
34.3,7.6,5.5,34,Brown,14,252,106,Moderate
25.4,6.6,5.3,29,Light Green,40,80,103,Moderate
28.9,8.2,5.8,6,Black,39,265,37,Moderate
25.8,8.0,4.2,35,Dark Green,10,244,54,Moderate
29.4,7.6,7.7,14,Dark Green,24,254,1,Moderate
29.2,8.5,6.4,27,Black,39,98,82,Moderate
31.2,7.7,7.5,12,Dark Green,34,271,114,Moderate
28.9,8.4,2.9,33,Black,24,29,137,High
26.5,8.1,3.1,6,Dark Green,7,131,150,Moderate
34.3,8.4,2.3,28,Black,8,99,1,High
28.9,8.7,7.6,18,Brown,3,96,24,Healthy
26.4,9.2,4.7,28,Green,11,164,9,Moderate
30.7,6.7,4.9,7,Light Green,5,106,26,Healthy
27.1,8.1,5.3,15,Black,19,128,20,Moderate
34.4,8.2,6.0,18,Brown,1,261,1,Healthy
30.0,7.2,4.8,30,Dark Green,34,163,137,Moderate
28.9,8.2,7.0,14,Black,28,106,20,Moderate
34.4,8.3,2.8,10,Black,32,107,94,High
33.9,9.1,5.0,16,Dark Green,29,162,77,High
25.1,7.8,2.6,17,Green,2,99,48,Moderate
34.3,6.6,5.5,21,Green,4,107,2,Moderate
30.6,6.5,5.6,8,Brown,14,148,60,Moderate
26.4,6.6,4.0,5,Light Green,24,150,52,Moderate
30.3,8.3,5.0,10,Green,34,148,16,Healthy
32.5,6.7,6.3,13,Brown,0,210,136,Moderate
34.0,8.2,4.1,33,Dark Green,0,293,130,Moderate
24.3,7.1,2.7,12,Black,10,134,96,High
25.9,8.1,7.9,32,Black,24,124,133,High
29.6,9.3,3.6,28,Green,21,270,108,High
24.5,7.0,5.5,17,Dark Green,15,155,62,Moderate
27.9,7.1,4.4,18,Green,6,210,74,Healthy
30.2,6.6,3.0,27,Light Green,7,291,44,Moderate
30.1,9.5,6.8,18,Green,15,138,71,Healthy
28.8,6.8,5.3,34,Brown,17,79,143,Moderate
24.8,7.9,3.3,33,Dark Green,33,154,139,High
34.8,7.2,2.6,33,Black,15,207,41,High
30.5,9.2,4.2,26,Light Green,12,67,98,Moderate
34.6,8.0,3.7,6,Brown,38,293,1,High
24.3,7.8,2.9,28,Dark Green,9,117,43,High
33.4,9.2,3.1,8,Brown,14,239,5,High
28.3,8.9,4.1,15,Black,26,271,7,High
28.6,7.2,7.9,33,Green,2,142,140,Healthy
24.8,8.8,4.9,24,Brown,5,80,32,Moderate
31.6,8.5,6.8,24,Dark Green,9,179,37,Moderate
31.8,6.9,2.9,19,Black,2,122,67,High
34.9,6.8,5.6,23,Dark Green,25,292,19,High
34.3,7.1,7.5,35,Green,28,55,75,Moderate
28.0,8.5,5.7,31,Green,6,274,148,Healthy
24.2,8.0,6.0,26,Light Green,14,145,89,Healthy
31.1,7.6,4.0,23,Black,22,128,3,High
31.3,7.3,2.2,15,Black,31,135,59,High
34.0,8.0,4.3,18,Brown,24,84,57,Moderate
31.0,8.8,6.8,18,Dark Green,18,167,10,Moderate
34.5,7.2,3.0,24,Green,35,242,65,High
28.5,8.4,6.9,32,Dark Green,19,136,10,Moderate
32.3,8.6,3.0,20,Green,12,55,84,Moderate
33.9,7.4,4.6,26,Brown,3,186,31,Moderate
33.6,9.2,5.5,14,Light Green,16,48,96,Moderate
32.4,8.0,2.0,13,Light Green,13,192,105,Moderate
33.8,9.1,6.5,17,Brown,40,42,15,High
28.9,9.5,4.5,13,Black,15,60,74,Moderate
32.3,9.2,7.3,15,Dark Green,23,272,33,High
32.1,9.0,5.3,13,Black,11,221,62,Moderate
30.7,7.5,2.1,18,Green,16,229,95,Moderate
30.3,7.7,4.3,21,Light Green,25,67,39,Moderate
34.1,8.5,3.9,13,Brown,4,63,57,Moderate
32.7,7.0,5.2,21,Green,4,62,107,Healthy
31.8,6.7,6.8,27,Black,21,87,7,High
29.7,8.5,4.4,34,Green,1,135,74,Healthy
24.2,8.3,2.7,30,Light Green,37,229,34,High
29.1,8.3,6.4,15,Black,30,21,40,Moderate
28.3,8.8,2.3,21,Black,37,221,115,High
34.9,9.0,5.9,15,Light Green,16,62,9,Moderate
34.8,8.8,2.4,24,Green,1,273,149,Moderate
32.0,6.5,5.5,12,Brown,29,179,80,Moderate
27.2,8.8,6.2,9,Black,12,249,135,Moderate
29.4,6.7,4.7,18,Green,38,155,58,Moderate
25.6,6.7,6.9,33,Green,11,125,48,Moderate
25.4,6.6,8.0,10,Dark Green,24,71,23,High
29.1,8.4,6.9,7,Green,13,243,103,Healthy
28.7,7.0,8.0,16,Brown,14,143,113,Healthy
26.0,8.6,6.5,31,Green,13,143,2,Healthy
28.0,9.2,7.5,27,Light Green,10,134,8,Healthy
26.6,7.1,3.3,21,Dark Green,2,54,120,Moderate
34.6,6.6,3.8,14,Black,34,180,139,High
25.3,9.0,5.4,23,Green,5,217,33,Healthy
26.4,9.4,6.2,32,Green,2,31,148,Healthy
30.4,8.6,2.1,14,Green,10,24,67,Moderate
32.0,7.0,2.5,20,Black,31,199,47,High
33.9,7.3,3.9,12,Dark Green,2,94,140,High
34.6,8.4,5.0,10,Green,9,38,35,Healthy
30.9,8.2,2.9,29,Black,32,61,20,High
29.7,7.9,6.2,22,Dark Green,2,111,12,Healthy
24.3,9.0,5.0,21,Brown,23,281,18,Moderate
26.3,7.1,7.2,9,Black,10,76,149,Moderate
30.0,8.4,3.8,27,Green,2,37,101,Healthy
32.5,8.5,3.0,8,Black,25,297,70,High
33.0,8.5,5.8,29,Brown,7,252,27,Healthy
34.9,9.3,3.1,9,Black,40,42,43,High
32.2,7.6,2.9,19,Black,10,253,148,High
34.1,8.8,4.3,30,Green,3,213,122,Moderate
28.0,7.8,5.0,29,Green,22,211,30,Healthy
33.4,9.2,4.8,17,Dark Green,22,52,81,High
27.2,8.6,4.2,33,Brown,38,260,95,Moderate
31.2,7.2,4.3,24,Dark Green,5,291,83,Moderate
31.8,7.6,6.7,26,Black,18,36,64,Moderate
29.6,8.7,6.9,17,Brown,8,290,73,Healthy
27.1,7.9,5.7,16,Dark Green,17,268,111,Moderate
32.5,6.9,5.6,13,Dark Green,35,111,27,High
25.5,6.9,7.4,16,Brown,20,120,51,High
32.7,6.7,7.7,20,Black,37,184,103,High
28.5,6.5,6.6,30,Black,23,265,18,High
25.8,6.6,3.9,32,Dark Green,9,46,59,High
29.6,9.1,2.8,16,Green,14,286,146,Moderate
33.0,9.3,2.1,22,Green,8,295,44,Moderate
32.8,8.4,4.9,30,Brown,22,22,117,Moderate
33.3,9.2,6.3,28,Light Green,26,217,91,Moderate
28.7,9.5,2.5,20,Brown,28,131,96,High
33.3,8.9,2.2,28,Green,21,124,110,High
25.1,9.1,6.4,18,Brown,6,243,75,Moderate
31.5,8.7,2.5,30,Brown,12,139,130,Moderate
34.5,7.3,6.0,23,Green,9,90,113,Moderate
27.5,9.4,6.6,8,Black,4,166,90,Moderate
32.9,6.7,2.5,34,Green,28,288,88,High
24.3,8.2,7.3,9,Light Green,2,106,127,Healthy
28.1,8.5,3.4,16,Dark Green,38,253,137,High
32.2,7.0,7.2,22,Brown,10,155,51,Moderate
24.5,8.8,2.3,26,Black,22,199,22,High
27.7,7.5,2.6,15,Light Green,39,122,97,Moderate
26.3,8.2,7.5,30,Green,29,117,34,Healthy
34.7,7.9,4.1,15,Brown,11,144,36,Moderate
32.2,7.4,6.4,15,Light Green,29,283,111,Moderate
28.0,7.2,3.7,6,Black,22,276,81,High
31.5,9.2,5.2,30,Light Green,3,230,69,Healthy
25.7,7.4,4.4,25,Dark Green,38,261,136,High
32.4,7.6,7.8,34,Brown,14,119,134,Healthy
26.1,9.4,4.3,7,Light Green,10,86,100,Moderate
28.4,9.2,2.6,22,Light Green,12,130,36,Moderate
26.5,9.2,4.5,22,Green,29,120,51,Moderate
29.2,8.9,6.6,18,Green,14,56,77,Healthy
24.8,8.1,5.5,25,Dark Green,33,244,105,Moderate
26.0,8.6,5.3,13,Black,38,214,115,Moderate
33.2,7.7,7.1,23,Light Green,14,282,53,Healthy
29.8,8.1,5.7,9,Green,40,266,127,Healthy
25.1,8.4,5.7,10,Black,33,152,40,High
24.0,8.8,7.3,24,Green,13,213,28,Moderate
30.1,8.0,4.6,22,Light Green,17,219,75,Moderate
27.6,8.7,7.6,5,Black,7,38,119,Moderate
29.3,6.8,2.7,8,Green,19,50,112,High
33.4,8.2,5.9,19,Brown,13,272,48,Moderate
27.2,7.7,4.7,12,Light Green,6,31,108,Healthy
28.7,7.3,5.3,13,Dark Green,24,70,90,Moderate
29.2,7.3,3.2,9,Light Green,20,116,111,Moderate
24.6,7.5,2.4,5,Brown,24,58,141,High
26.0,8.8,3.1,23,Black,28,165,59,High
26.0,7.0,4.2,9,Dark Green,8,288,67,Moderate
29.5,7.4,6.5,7,Brown,11,240,62,Healthy
32.6,6.6,3.5,25,Green,27,185,67,High
26.4,6.7,6.3,31,Brown,38,225,34,Moderate
34.6,7.0,2.6,31,Brown,10,36,138,High
28.7,6.6,6.3,24,Black,7,162,73,Moderate
24.0,7.7,3.6,9,Light Green,3,281,135,Moderate
30.9,7.2,6.5,28,Green,39,113,148,Moderate
29.2,8.7,5.3,6,Dark Green,34,225,106,Moderate
27.6,7.7,5.5,11,Brown,18,85,73,Moderate
30.2,7.5,3.3,27,Black,14,107,116,Moderate
28.0,7.8,7.4,24,Dark Green,38,254,93,Moderate
30.5,8.2,7.3,27,Dark Green,22,274,117,Moderate
29.4,7.3,6.7,17,Green,28,180,51,Moderate
30.3,6.8,7.9,23,Green,23,259,47,Moderate
33.6,8.4,5.0,19,Black,24,298,62,High
25.3,8.6,6.9,12,Brown,40,162,112,Moderate
29.3,8.9,7.1,33,Black,35,171,10,Moderate
27.0,6.8,3.6,22,Light Green,28,188,14,High
24.8,8.5,2.5,23,Light Green,23,290,17,High
27.7,9.3,5.6,25,Black,18,286,76,High
24.2,6.7,5.3,28,Light Green,24,158,90,Moderate
27.6,6.7,5.3,7,Green,35,87,140,Moderate
31.3,8.6,3.1,22,Light Green,34,185,10,High
33.2,8.6,3.9,12,Dark Green,16,267,27,High
28.9,7.7,4.4,30,Black,0,225,21,Moderate
27.6,7.2,3.6,22,Green,19,95,103,Moderate
29.6,7.1,6.4,27,Light Green,31,209,73,Moderate
31.2,8.6,3.0,9,Black,40,289,142,High
25.0,6.9,2.8,12,Black,37,171,39,High
24.2,9.3,2.3,20,Green,36,279,61,High
31.9,6.8,3.6,30,Light Green,34,260,148,High
30.5,8.0,4.5,9,Black,34,285,35,Moderate
25.4,9.0,7.7,11,Green,30,258,96,Moderate
26.1,6.8,5.9,5,Green,16,197,65,Moderate
31.8,7.7,2.2,34,Dark Green,17,289,138,High
33.6,6.8,3.0,33,Brown,9,197,115,High
26.7,8.5,2.4,32,Brown,39,275,29,Moderate
34.8,7.8,7.1,19,Green,3,95,71,Healthy
25.4,7.8,5.8,34,Dark Green,39,122,23,Moderate
27.5,7.5,2.6,15,Brown,15,133,107,Moderate
29.8,7.7,3.3,19,Light Green,6,125,93,Moderate
32.6,9.0,6.8,19,Black,0,53,21,Moderate
25.4,8.0,2.4,13,Dark Green,31,125,36,High
25.8,8.2,4.7,9,Brown,21,258,127,Moderate
27.6,7.0,4.7,34,Light Green,13,256,130,Healthy
33.9,9.4,3.9,7,Dark Green,5,185,29,High
31.0,9.4,5.1,11,Black,24,208,7,High
24.7,6.6,6.1,21,Dark Green,38,136,74,High
28.3,6.8,7.4,28,Light Green,7,115,4,Healthy
25.9,6.7,3.8,34,Green,23,61,142,High
34.0,8.6,4.8,24,Brown,26,190,60,High
29.9,9.3,5.3,14,Black,3,195,32,Moderate
31.8,7.1,4.1,30,Green,12,141,136,Moderate
27.2,7.4,6.8,31,Brown,18,87,24,Moderate
34.3,8.0,7.7,27,Green,38,62,137,Moderate
31.2,7.1,8.0,30,Light Green,12,197,115,Healthy
31.0,8.7,3.0,33,Light Green,4,177,97,Moderate
24.9,7.9,6.9,10,Dark Green,12,224,49,Moderate
24.9,6.7,5.5,19,Dark Green,38,282,97,High
25.8,8.9,2.6,30,Light Green,31,53,107,High
34.8,7.2,2.9,7,Black,17,74,149,High
25.3,8.5,6.4,33,Brown,37,186,143,Moderate
31.4,7.0,5.7,8,Black,21,139,97,High
33.3,8.0,3.7,10,Black,14,103,87,High
30.1,9.2,2.9,6,Dark Green,3,52,93,Moderate
27.6,9.3,4.5,11,Brown,1,101,11,Moderate
26.5,7.2,3.8,19,Black,8,298,30,High
27.9,6.9,6.6,11,Green,7,206,101,Healthy
30.5,8.8,2.3,27,Brown,2,88,55,Moderate
25.4,7.2,7.0,12,Black,5,101,45,Moderate
24.1,7.3,2.1,29,Dark Green,38,209,127,High
26.0,8.6,7.7,6,Dark Green,6,237,14,Moderate
25.4,6.5,4.7,28,Brown,1,242,70,Moderate
31.6,6.7,7.6,19,Brown,15,238,16,Moderate
28.5,7.9,4.7,21,Dark Green,26,85,105,Moderate
28.7,8.6,6.9,10,Brown,15,131,38,Healthy
25.5,9.5,7.6,19,Black,28,214,98,High
31.8,8.7,2.9,15,Dark Green,11,160,106,High
33.1,7.9,4.4,22,Black,37,199,80,High
33.6,8.6,4.3,12,Dark Green,15,50,64,Moderate
27.4,9.3,4.9,16,Dark Green,21,156,34,High
25.3,8.7,7.5,23,Brown,13,141,102,Moderate
33.7,6.8,4.8,5,Brown,31,218,55,High
32.3,8.8,6.9,24,Dark Green,29,78,66,Moderate
24.9,8.6,3.1,22,Black,13,279,91,High
24.9,7.6,5.9,20,Dark Green,9,175,67,Moderate
31.6,7.6,2.3,29,Green,14,283,96,Moderate
25.3,7.2,6.7,25,Black,19,203,66,High
27.3,6.8,7.6,5,Black,33,252,88,High
32.8,8.2,3.9,31,Light Green,28,25,47,Moderate
27.7,8.1,6.3,15,Dark Green,9,89,52,Healthy
30.0,7.0,7.7,7,Brown,28,142,99,Moderate
30.4,8.7,5.0,23,Dark Green,18,187,113,Moderate
34.1,7.8,3.5,27,Light Green,4,260,48,Moderate
27.8,7.0,6.9,35,Brown,7,103,118,Healthy
29.1,6.7,5.1,5,Dark Green,39,185,15,Moderate
31.1,8.1,7.8,14,Light Green,33,190,2,Moderate
31.0,9.4,7.1,8,Green,39,212,104,Moderate
24.5,8.0,3.3,13,Green,35,82,37,High
25.6,7.1,5.8,15,Black,36,90,118,High
31.7,8.2,6.3,16,Black,36,167,18,Moderate
31.7,7.0,2.8,17,Dark Green,12,161,100,High
34.7,6.8,3.0,23,Green,13,43,85,High
24.5,8.2,3.5,27,Light Green,4,32,101,Moderate
27.7,8.1,2.4,17,Dark Green,19,269,47,High
34.1,7.0,6.1,11,Green,12,252,115,Moderate
24.2,8.4,7.8,18,Black,4,36,59,Moderate
32.4,7.8,6.6,23,Dark Green,23,242,18,Moderate
25.4,7.4,3.0,22,Brown,24,214,48,High
26.9,7.4,2.9,35,Light Green,32,294,5,Moderate
29.6,8.7,6.1,17,Brown,40,217,54,Moderate
32.3,8.1,3.2,33,Black,18,51,76,High
33.4,8.6,2.6,21,Dark Green,8,141,21,High
27.0,9.3,4.9,21,Green,18,61,34,Moderate
26.9,7.2,6.4,21,Brown,29,260,74,Moderate
28.8,8.2,7.1,29,Dark Green,38,82,48,Moderate
27.9,8.6,7.1,19,Black,38,130,43,Moderate
31.5,8.4,2.5,18,Black,0,128,113,Moderate
33.1,7.5,5.3,28,Dark Green,40,151,99,Moderate
33.0,9.4,5.5,29,Brown,37,28,107,Moderate
24.8,6.9,7.1,18,Green,23,73,64,Moderate
28.6,8.7,6.3,7,Light Green,14,79,91,Healthy
31.0,7.9,7.8,13,Dark Green,21,212,128,Moderate
25.5,7.5,5.2,9,Light Green,14,240,65,Healthy
29.7,7.5,4.9,5,Brown,22,202,62,Moderate
26.8,6.6,3.8,22,Brown,16,156,15,High
32.7,9.4,3.4,33,Green,0,139,65,Moderate
27.3,8.5,7.2,10,Black,10,142,42,Moderate
24.6,7.8,7.2,10,Dark Green,11,241,7,Moderate
30.2,7.8,4.6,14,Light Green,40,248,112,Moderate
28.9,6.7,6.8,30,Black,8,209,59,Moderate
26.3,6.7,6.0,21,Green,27,55,8,Moderate
26.1,8.5,3.7,23,Black,31,233,10,High
32.6,7.6,5.8,10,Black,20,215,140,Moderate
33.6,7.3,2.7,6,Dark Green,15,156,76,High
33.2,6.9,5.7,20,Brown,2,113,96,Moderate
24.8,6.7,5.2,7,Brown,32,298,25,High
32.1,8.2,7.9,7,Green,18,222,104,Moderate
29.9,9.4,5.6,22,Green,9,158,84,Healthy
29.2,8.5,6.6,29,Black,14,56,10,Moderate
32.3,7.3,3.2,30,Black,7,300,113,High
24.1,7.9,4.4,28,Green,25,168,28,Moderate
26.2,9.5,5.7,29,Green,26,141,52,Moderate
26.7,7.8,3.1,27,Black,0,242,22,Moderate
31.4,7.1,5.7,22,Light Green,0,74,117,Healthy
33.6,9.5,2.6,8,Green,16,104,37,High
27.2,9.1,3.9,16,Black,38,262,105,High
32.7,6.6,2.8,7,Dark Green,21,24,49,High
33.7,6.9,4.5,5,Light Green,25,49,10,High
34.1,7.2,5.2,33,Green,15,145,55,Moderate
27.6,9.3,7.8,23,Green,6,124,130,Healthy
30.3,7.4,4.1,25,Green,34,300,18,Moderate
34.8,9.0,3.0,27,Green,18,229,148,High
28.7,8.0,3.0,10,Black,36,257,31,High
33.9,9.0,2.3,10,Light Green,10,208,8,Moderate
28.0,8.4,2.9,13,Light Green,8,285,54,Moderate
34.6,9.2,6.8,21,Dark Green,1,103,70,Moderate
31.2,7.2,5.4,12,Light Green,8,139,22,Healthy
25.7,6.8,5.4,10,Black,33,297,12,High
30.6,7.7,2.7,20,Green,23,130,54,Moderate
25.9,7.8,6.8,27,Light Green,3,261,8,Healthy
27.4,7.2,6.5,30,Light Green,13,34,126,Healthy
30.1,9.1,7.7,18,Brown,28,134,126,Moderate
28.0,7.2,4.4,29,Brown,24,171,67,Moderate
25.5,7.9,3.1,20,Dark Green,38,258,57,High
25.4,8.5,3.8,23,Green,19,281,146,High
24.9,7.4,6.8,14,Light Green,10,205,149,Moderate
32.8,8.8,4.6,24,Brown,30,88,92,Moderate
25.6,7.0,7.5,34,Dark Green,26,132,150,High
31.7,9.0,4.1,11,Black,24,140,51,High
28.2,8.1,7.4,24,Black,1,52,129,Healthy
28.6,8.9,3.9,23,Black,25,193,20,High
34.7,8.4,6.3,7,Green,25,225,17,Moderate
27.1,9.1,3.9,31,Light Green,16,86,91,High
31.1,9.2,4.5,34,Black,26,72,51,High
33.8,8.1,5.8,15,Light Green,11,246,47,Healthy
26.3,7.9,5.9,7,Light Green,6,235,26,Healthy
33.9,7.1,2.2,21,Light Green,32,178,51,High
29.0,7.7,4.1,17,Green,5,206,113,Healthy
26.1,7.7,4.9,30,Dark Green,39,161,53,Moderate
29.6,6.7,2.9,18,Brown,39,219,94,High
32.4,8.4,4.0,28,Black,13,112,101,Moderate
26.6,7.1,5.7,22,Black,20,32,117,Moderate
31.7,7.1,7.6,11,Brown,28,58,135,Moderate
33.6,8.9,3.6,7,Green,31,168,132,High
32.1,6.6,7.7,24,Brown,17,159,68,Moderate
32.6,7.5,6.6,23,Black,32,207,21,Moderate
24.3,7.6,7.6,7,Light Green,18,242,135,Moderate
25.2,7.6,3.8,21,Green,9,78,72,Moderate
25.4,8.9,3.1,21,Light Green,23,147,57,High
25.1,9.1,5.8,26,Green,2,242,14,Moderate
28.6,9.4,6.2,28,Green,7,238,71,Healthy
34.6,7.6,6.0,28,Brown,13,67,52,Moderate
32.1,7.5,4.3,23,Light Green,10,170,91,Healthy
25.0,8.3,6.5,26,Black,5,188,122,Moderate
30.0,6.8,2.7,7,Black,8,46,45,High
24.4,7.7,6.0,20,Dark Green,16,188,3,Moderate
32.6,7.4,5.4,10,Dark Green,26,289,67,Moderate
33.1,6.9,3.2,8,Dark Green,36,102,93,High
25.6,7.9,4.5,12,Green,0,121,107,Healthy
25.6,7.9,2.6,7,Green,34,218,129,High
29.3,9.1,3.0,15,Dark Green,7,24,93,High
33.5,8.5,2.1,15,Light Green,24,198,131,High
29.9,8.7,6.3,34,Brown,24,39,39,Moderate
30.9,9.0,5.0,27,Dark Green,16,131,61,Moderate
34.7,7.6,7.2,24,Dark Green,19,125,133,Moderate
24.9,7.3,2.1,28,Dark Green,24,54,28,High
30.6,8.2,6.1,35,Black,26,97,92,Moderate
34.0,7.1,3.0,15,Green,25,29,31,High
34.6,7.8,7.3,30,Brown,5,268,119,Healthy
28.2,9.5,7.4,5,Black,30,204,68,High
33.3,8.1,3.7,14,Green,33,285,31,High
24.8,8.9,3.1,29,Light Green,1,158,34,Moderate
26.5,8.0,3.4,31,Brown,3,39,88,Moderate
32.4,7.8,2.2,34,Brown,26,273,9,High
29.7,7.0,4.4,31,Black,35,146,99,High
25.8,6.9,4.9,27,Brown,7,83,59,Moderate
24.2,9.3,4.7,22,Light Green,15,21,94,Moderate
26.8,6.9,4.2,5,Light Green,30,295,31,Moderate
27.9,8.2,2.9,14,Green,34,128,138,Moderate
32.1,6.5,5.6,5,Brown,11,176,134,Moderate
29.8,8.2,4.3,35,Brown,34,113,88,Moderate
27.5,6.8,4.1,5,Green,9,273,74,Moderate
30.5,7.8,6.2,27,Black,36,209,50,Moderate
34.8,7.8,7.9,18,Dark Green,1,47,22,Moderate
26.5,7.8,7.8,17,Dark Green,19,239,115,Moderate
24.9,6.7,5.3,26,Dark Green,30,254,137,High
28.4,7.2,6.6,26,Dark Green,1,126,64,Healthy
33.5,7.5,4.4,27,Light Green,17,84,2,Moderate
34.6,9.0,5.3,17,Black,39,116,86,High
28.5,7.6,4.6,18,Dark Green,24,215,51,Moderate
27.7,7.2,5.4,26,Black,9,258,110,Moderate
24.1,9.1,7.0,23,Green,2,170,87,Moderate
27.6,7.9,6.3,23,Green,26,108,79,Healthy
30.0,6.5,7.2,14,Green,7,294,82,Healthy
34.3,8.2,3.0,18,Green,2,158,73,Moderate
27.0,9.1,4.3,11,Brown,21,55,58,Moderate
33.3,7.8,5.5,15,Dark Green,35,162,57,Moderate
34.6,7.6,6.8,19,Black,30,202,72,High
24.8,7.4,5.2,19,Light Green,13,251,116,Moderate
30.5,6.6,2.9,31,Dark Green,31,238,64,High
26.8,6.7,4.3,9,Light Green,0,178,94,Healthy
32.8,8.9,4.5,8,Light Green,4,149,110,Healthy
30.8,9.4,4.8,11,Brown,40,155,2,Moderate
28.4,8.6,6.5,8,Dark Green,26,93,139,Moderate
33.0,8.0,3.6,9,Brown,28,130,89,High
33.2,7.6,3.2,21,Black,5,120,95,High
28.3,8.3,3.9,27,Dark Green,23,85,29,High
29.8,8.6,8.0,27,Light Green,35,86,26,Moderate
28.7,8.2,5.4,21,Dark Green,8,178,1,Healthy
31.4,7.4,6.1,27,Dark Green,24,139,90,Moderate
31.1,8.5,6.4,24,Dark Green,4,33,39,Healthy
26.8,9.1,6.0,13,Light Green,33,246,45,Moderate
28.9,7.9,6.8,32,Light Green,39,240,71,Healthy
34.5,7.4,4.0,32,Black,4,96,69,Moderate
24.7,8.9,5.4,10,Light Green,28,74,64,Moderate
26.7,8.4,6.7,23,Green,12,228,21,Healthy
33.3,8.5,5.4,22,Black,26,146,16,High
30.0,7.7,2.5,6,Brown,11,34,106,Moderate
24.3,8.2,4.2,30,Black,32,41,47,High
24.3,7.0,4.9,17,Black,27,68,28,High
31.1,8.4,3.4,27,Dark Green,3,151,109,Moderate
25.1,8.6,5.9,7,Green,22,86,10,Moderate
33.9,8.0,3.3,20,Black,23,217,32,High
31.9,8.3,3.3,11,Dark Green,16,170,25,High
33.7,7.6,6.2,14,Green,34,112,56,Moderate
28.6,8.1,4.9,23,Green,38,59,126,Moderate
33.4,7.2,5.4,21,Green,13,205,16,Moderate
34.3,6.7,7.2,11,Brown,29,35,21,High
24.7,7.2,7.5,29,Brown,17,151,140,Moderate
26.7,8.2,7.7,23,Dark Green,37,258,52,Moderate
29.7,9.2,5.2,10,Brown,37,82,129,Moderate
26.3,7.9,7.9,9,Light Green,26,43,95,Healthy
25.4,7.6,7.0,29,Brown,1,231,20,Healthy
33.3,9.0,3.0,26,Black,7,38,37,High
26.8,6.7,7.9,35,Dark Green,22,126,4,Moderate
30.4,7.1,7.4,30,Black,4,117,2,Moderate
29.7,7.5,7.3,17,Dark Green,23,271,54,Moderate
35.0,8.7,3.6,17,Light Green,31,118,17,High
28.1,8.3,2.8,10,Black,22,62,77,High
26.3,8.8,3.6,29,Brown,14,296,150,Moderate
33.9,7.7,3.1,7,Dark Green,13,206,44,High
33.6,9.3,3.9,16,Brown,25,282,112,High
34.2,8.8,7.4,11,Light Green,37,109,86,Moderate
24.1,7.1,5.2,5,Dark Green,16,179,136,High
34.9,8.5,4.9,26,Dark Green,4,297,70,Moderate
29.1,9.5,4.4,19,Light Green,17,243,136,Moderate
29.3,7.5,2.3,31,Light Green,9,243,98,Moderate
29.3,7.2,5.3,23,Black,6,157,114,Moderate
30.8,8.5,8.0,8,Black,7,172,110,Moderate
32.9,8.1,7.4,28,Light Green,19,190,42,Moderate
25.1,6.9,5.1,26,Black,29,162,112,High
30.9,8.8,2.0,13,Black,20,192,16,High
25.5,8.3,7.5,14,Dark Green,28,70,84,Moderate
27.9,9.1,4.4,9,Black,17,249,116,High
34.5,7.0,3.6,11,Green,12,206,29,Moderate
31.4,8.7,6.0,7,Light Green,23,98,113,Moderate
34.3,9.2,4.7,21,Green,13,49,102,Moderate
25.8,7.1,6.3,5,Brown,36,205,52,Moderate
34.8,8.3,6.7,24,Brown,24,72,89,Moderate
25.8,7.6,4.1,20,Dark Green,23,175,8,High
25.1,7.3,4.2,17,Black,29,145,98,High
34.3,8.6,5.2,32,Dark Green,4,46,68,Moderate
29.6,8.9,5.4,22,Brown,2,186,44,Healthy
30.3,9.1,3.5,17,Dark Green,8,101,92,High
33.7,6.6,6.4,28,Brown,31,110,97,High
24.7,7.4,4.1,5,Light Green,11,91,106,Moderate
33.8,7.1,5.7,20,Black,28,80,28,High
30.4,9.4,6.5,31,Dark Green,31,43,64,Moderate
30.2,8.8,3.2,34,Dark Green,24,64,81,High
29.0,8.6,6.5,8,Dark Green,18,79,119,Moderate
30.8,8.6,3.8,27,Black,12,70,6,High
26.8,7.8,3.2,24,Light Green,23,22,145,Moderate
31.7,8.4,6.1,14,Light Green,36,183,137,Moderate
34.0,7.8,7.0,13,Light Green,22,247,39,Moderate
30.4,8.4,4.8,13,Brown,8,101,102,Healthy
29.8,8.1,5.2,30,Black,5,29,81,Healthy
28.4,8.2,6.5,24,Light Green,37,177,71,Healthy
32.4,6.8,2.5,24,Black,22,131,94,High
31.5,6.8,5.0,20,Black,15,165,12,Moderate
28.9,6.8,6.4,20,Dark Green,32,246,128,Moderate
32.2,6.9,3.0,29,Brown,10,276,5,High
31.6,7.7,5.7,30,Green,33,287,68,Moderate
24.3,9.0,3.4,7,Brown,12,174,47,High
24.7,7.7,3.2,9,Light Green,12,175,134,Moderate
33.0,7.7,3.2,32,Light Green,32,232,122,Moderate
29.3,7.5,4.1,10,Black,25,176,10,Moderate
30.8,6.9,6.3,22,Dark Green,23,117,4,Moderate
24.9,7.3,5.3,23,Green,28,105,56,Moderate
28.6,8.1,2.0,18,Black,1,106,65,Moderate
29.9,7.3,3.4,9,Brown,17,197,145,High
24.6,8.3,3.2,17,Black,12,33,88,High
29.2,9.2,4.6,5,Green,3,72,72,Healthy
28.4,8.5,7.5,28,Light Green,37,200,39,Healthy
30.0,6.9,7.0,9,Dark Green,14,221,6,Moderate
25.9,7.6,4.0,32,Light Green,18,175,18,Moderate
28.1,7.3,2.3,24,Light Green,7,90,75,Moderate
32.0,7.4,2.4,23,Green,27,179,21,High
35.0,8.7,6.6,28,Dark Green,27,173,140,High
25.4,7.2,6.3,6,Brown,9,183,150,Moderate
24.5,8.9,2.0,13,Green,36,119,2,High
24.3,8.2,5.2,7,Brown,10,126,54,Moderate
33.9,7.4,6.1,29,Dark Green,24,126,90,High
25.4,9.2,6.8,35,Dark Green,6,200,56,Moderate
28.3,7.2,3.3,13,Brown,24,33,116,High
34.1,7.0,7.6,5,Brown,11,168,26,Moderate
30.1,6.5,3.2,29,Dark Green,27,57,19,High
34.3,7.5,2.4,26,Dark Green,30,212,7,High
26.0,9.2,5.8,5,Dark Green,36,244,13,Moderate
29.1,8.3,5.1,8,Light Green,40,285,36,Healthy
27.1,7.5,5.7,31,Light Green,16,46,68,Healthy
26.9,7.8,3.7,18,Brown,28,22,115,Moderate
27.3,7.1,2.6,34,Light Green,35,53,47,Moderate
33.7,8.9,3.4,10,Green,21,66,99,High
29.5,7.9,5.4,13,Dark Green,18,175,61,Moderate
30.2,9.0,2.8,5,Light Green,3,23,7,Moderate
28.6,7.7,4.2,14,Green,35,199,51,Moderate
35.0,7.7,3.8,35,Dark Green,5,166,25,Moderate
34.8,7.6,7.8,20,Black,39,79,77,High
28.4,9.2,4.8,28,Dark Green,19,139,131,High
26.1,7.3,7.5,20,Black,11,33,121,Moderate
25.3,7.0,3.5,28,Dark Green,25,252,132,High
31.8,8.7,3.2,28,Brown,29,48,39,High
27.4,7.7,2.8,23,Dark Green,22,209,98,High
29.1,8.9,3.3,11,Black,37,97,93,High
32.7,7.2,3.8,9,Brown,33,58,1,High
24.4,9.1,6.2,28,Black,8,281,69,High
34.5,7.3,6.5,26,Black,19,97,16,High
30.8,6.6,7.2,31,Light Green,28,56,79,Moderate
29.9,8.8,7.6,30,Brown,9,147,60,Healthy
31.9,7.5,3.2,20,Black,36,160,65,High
24.7,6.8,7.7,6,Black,22,104,3,High
25.8,6.8,8.0,7,Light Green,31,244,68,Moderate
31.3,7.5,3.4,19,Dark Green,4,125,53,Moderate
29.7,8.9,3.3,24,Green,14,218,50,Moderate
33.9,6.9,5.7,29,Light Green,4,172,93,Moderate
34.4,7.8,7.1,34,Dark Green,15,278,14,Moderate
29.9,7.0,3.2,33,Dark Green,23,210,49,High
29.3,7.6,5.1,14,Light Green,17,134,116,Healthy
27.2,7.2,7.5,20,Green,13,207,9,Healthy
32.8,7.3,5.8,27,Green,27,79,137,Moderate
25.6,7.0,7.8,8,Dark Green,40,229,107,High
32.9,8.0,6.4,19,Brown,16,197,47,Moderate
31.1,8.3,7.3,22,Dark Green,3,288,79,Healthy
28.4,7.0,6.6,13,Green,39,139,23,Moderate
24.6,9.4,5.2,6,Green,3,133,44,Moderate
26.4,7.5,4.4,11,Brown,19,166,147,Moderate
29.1,6.6,6.3,11,Black,20,113,145,High
26.7,6.7,3.8,10,Brown,38,162,61,High
26.8,9.5,2.9,15,Brown,8,194,92,Moderate
33.6,7.2,6.9,28,Brown,27,300,69,Moderate
33.0,6.6,3.1,14,Brown,4,48,126,Moderate
32.0,8.4,6.9,32,Black,2,247,38,Moderate
34.4,8.4,7.6,6,Black,16,222,69,High
27.1,7.3,5.6,27,Light Green,5,84,17,Healthy
24.3,7.5,2.8,8,Light Green,7,23,63,Moderate
24.3,8.9,5.4,22,Black,16,189,3,High
32.9,6.8,6.7,17,Brown,12,24,107,Moderate
33.5,7.6,7.9,15,Black,8,264,57,Moderate
26.4,7.2,6.2,16,Dark Green,24,118,128,Moderate
27.8,7.3,3.2,28,Green,21,123,65,Moderate
29.9,8.5,4.3,15,Brown,15,250,85,Healthy
30.8,7.7,7.7,5,Brown,38,89,130,Moderate
32.7,7.1,3.2,27,Black,13,73,50,High
27.1,6.6,5.1,23,Light Green,23,265,98,Moderate
33.1,7.2,6.3,19,Black,30,272,60,High
26.0,8.1,7.0,17,Black,25,44,130,Moderate
32.5,7.5,6.6,8,Black,38,246,66,Moderate
27.2,6.9,4.7,29,Black,36,133,33,High
33.5,8.0,7.8,13,Brown,1,279,150,Healthy
26.5,9.3,4.6,34,Brown,10,211,20,Moderate
26.2,7.5,5.2,25,Light Green,14,69,136,Healthy
29.8,7.3,3.8,35,Brown,35,253,143,High
27.3,7.2,5.2,18,Brown,16,70,76,Moderate
27.5,8.7,4.4,12,Green,17,141,67,Moderate
27.0,6.5,4.4,26,Light Green,32,76,17,Moderate
26.7,7.3,5.4,26,Dark Green,40,229,53,Moderate
34.1,7.5,2.1,31,Brown,32,166,41,High
24.7,7.3,5.7,23,Light Green,12,53,47,Moderate
34.1,8.7,3.5,28,Black,10,203,62,High
28.6,9.0,3.8,9,Brown,11,137,58,Moderate
29.2,7.8,4.2,17,Green,35,229,25,Moderate
27.4,9.2,2.0,12,Brown,6,289,97,Moderate
28.1,7.2,4.3,32,Black,33,137,106,High
33.1,8.8,5.9,31,Brown,7,100,148,Moderate
31.9,7.2,4.8,11,Dark Green,35,77,137,High
34.2,6.9,7.1,20,Black,7,270,124,High
33.8,8.6,7.6,8,Black,11,298,123,Moderate
28.5,6.8,2.3,13,Light Green,4,196,89,Moderate
25.0,8.3,2.9,29,Black,1,35,88,High
30.8,8.7,2.1,17,Black,36,131,41,High
31.3,9.3,5.6,22,Brown,27,100,41,Moderate
24.3,6.9,2.5,17,Green,32,294,131,High
31.8,6.6,2.1,25,Black,28,171,32,High
28.7,7.7,7.7,11,Black,5,87,133,Healthy
26.8,7.9,7.3,34,Dark Green,33,300,108,Moderate
34.8,8.2,5.8,20,Black,28,277,92,High
25.0,7.8,6.2,33,Light Green,7,163,81,Healthy
34.9,8.7,7.8,27,Black,28,279,20,High
32.5,7.5,2.5,5,Black,7,185,111,High
31.4,6.9,4.6,6,Dark Green,27,118,34,High
25.4,6.9,5.0,34,Dark Green,8,230,85,Moderate
30.1,8.4,3.2,19,Brown,26,256,21,Moderate
27.2,8.4,2.5,9,Black,14,216,100,Moderate
31.6,6.7,2.9,15,Dark Green,22,215,96,High
32.4,8.2,3.1,12,Black,5,102,139,Moderate
33.1,9.3,3.3,18,Brown,24,81,122,High
34.8,8.0,3.0,29,Dark Green,28,106,94,High
24.1,7.1,4.9,20,Brown,34,155,76,High
25.8,8.9,2.6,13,Black,30,226,3,High
31.0,8.5,2.4,29,Green,33,167,112,Moderate
26.1,8.7,3.5,25,Brown,18,224,94,High
33.4,8.8,7.1,10,Green,33,85,113,Moderate
34.4,7.6,3.6,11,Dark Green,14,142,118,High
26.9,8.9,7.7,14,Black,18,159,20,Moderate
32.1,8.6,6.1,18,Black,2,58,118,Moderate
30.3,6.8,2.8,29,Brown,9,246,147,Moderate
26.3,6.8,3.9,24,Dark Green,7,292,2,High
24.5,9.0,5.8,5,Green,27,280,18,Moderate
29.7,7.1,6.1,23,Dark Green,17,85,94,Moderate
29.1,7.6,7.0,29,Light Green,15,51,76,Healthy
24.7,7.6,6.5,22,Light Green,5,101,2,Healthy
34.2,6.9,6.2,17,Brown,28,48,38,High
32.3,6.7,5.7,10,Brown,32,233,30,Moderate
24.5,8.5,2.3,14,Dark Green,1,57,31,Moderate
32.1,9.1,7.5,18,Light Green,7,193,128,Moderate
25.3,8.3,6.0,13,Dark Green,1,138,137,Moderate
32.7,9.2,5.6,22,Dark Green,0,270,141,Moderate
24.2,6.9,4.0,27,Light Green,0,65,8,Moderate
26.1,7.5,2.5,5,Light Green,20,227,44,Moderate
28.2,7.8,6.9,33,Light Green,25,34,56,Healthy
24.4,7.4,6.6,23,Black,27,123,79,High
32.9,7.1,3.6,12,Green,19,194,29,High
27.4,9.1,5.9,30,Dark Green,26,238,1,Moderate
34.5,7.9,8.0,29,Brown,10,120,17,Moderate
26.4,7.9,7.1,23,Green,15,59,122,Healthy
27.7,9.2,6.2,26,Brown,28,97,38,Moderate
31.2,8.7,7.5,26,Black,20,110,39,High
30.0,8.1,7.6,31,Brown,38,247,105,Moderate
32.0,8.2,6.3,10,Black,32,143,141,Moderate
31.7,7.7,8.0,7,Green,22,167,124,Moderate
34.3,8.6,5.1,15,Green,0,62,88,Healthy
32.0,6.5,7.7,9,Brown,6,220,45,Moderate
24.0,7.5,2.1,32,Green,20,211,37,High
31.8,8.8,4.1,25,Dark Green,27,223,99,High
25.1,9.1,3.8,6,Light Green,14,239,75,High
28.0,6.6,2.1,22,Light Green,25,136,133,High
28.3,6.8,6.8,31,Dark Green,24,71,97,Moderate
29.0,7.0,5.1,25,Green,5,283,60,Healthy
28.7,7.2,4.1,21,Light Green,29,62,20,Moderate
25.2,8.5,4.1,9,Light Green,39,211,83,Moderate
33.2,9.3,5.1,32,Brown,25,208,94,High
29.3,8.3,4.2,29,Black,27,288,117,Moderate
29.0,7.4,4.5,27,Green,2,217,7,Healthy
26.8,7.3,3.0,11,Dark Green,13,158,113,Moderate
34.1,9.4,3.1,5,Light Green,12,149,130,High
24.8,9.3,6.6,19,Dark Green,30,292,53,High
26.8,8.1,6.1,30,Black,21,249,40,Moderate
25.6,8.5,3.1,13,Green,13,141,118,Moderate
31.3,7.8,6.9,28,Green,0,146,26,Healthy
33.2,7.1,5.3,8,Green,39,137,23,Moderate
32.8,7.2,3.4,31,Black,13,106,35,High
32.3,6.7,2.6,31,Black,11,20,133,High
33.6,8.8,5.5,6,Black,5,263,23,Moderate
29.7,9.0,7.0,9,Black,6,225,142,Moderate
29.3,9.4,2.7,12,Green,18,232,107,High
25.5,8.0,3.9,5,Green,26,193,88,High
24.3,8.2,2.8,8,Black,36,189,52,High
31.5,8.9,3.3,30,Light Green,9,201,139,Moderate
25.7,7.4,4.9,5,Light Green,27,182,23,Moderate
28.8,6.5,6.8,28,Black,37,151,2,High
35.0,9.1,6.2,10,Light Green,29,49,101,Moderate
34.1,7.2,4.0,20,Black,26,281,141,High
25.6,7.2,7.7,33,Dark Green,18,92,51,High
25.5,8.1,6.0,16,Dark Green,23,25,117,Moderate
28.0,7.6,4.0,30,Dark Green,5,71,108,Healthy
25.3,6.9,7.2,25,Brown,15,82,150,Moderate
30.5,6.6,5.0,6,Black,17,226,75,High
27.8,6.7,3.1,32,Dark Green,28,90,33,High
31.6,9.4,4.3,24,Brown,23,23,116,High
32.8,7.7,2.0,16,Dark Green,10,79,138,Moderate
31.6,7.9,3.6,9,Light Green,39,271,97,Moderate
33.4,8.2,5.4,28,Dark Green,16,238,125,Moderate
34.2,6.7,7.1,26,Light Green,39,149,89,Moderate
32.3,8.9,4.8,33,Light Green,25,142,81,Moderate
34.7,7.4,2.5,10,Brown,34,113,111,High
27.2,6.5,5.4,7,Brown,14,72,60,Moderate
26.3,7.9,7.5,34,Brown,9,296,138,Healthy
24.5,7.4,7.4,16,Dark Green,7,177,22,Moderate
26.6,7.6,7.2,11,Brown,22,68,14,Moderate
30.8,6.7,5.8,17,Brown,22,236,45,Moderate
24.8,7.1,5.8,28,Black,31,211,122,High
29.6,6.9,3.4,32,Green,12,39,63,Moderate
28.9,8.3,3.7,30,Light Green,40,81,18,Moderate
24.0,9.2,3.8,22,Dark Green,23,239,65,High
30.5,9.0,4.1,26,Green,6,62,76,Healthy
34.8,9.2,2.4,18,Brown,15,222,61,High
30.5,8.3,2.1,10,Black,38,246,37,High
34.6,9.1,2.8,14,Green,39,75,15,High
28.2,7.9,4.6,35,Green,30,36,46,Moderate
24.3,7.1,7.2,35,Black,20,98,146,High
29.0,7.6,2.2,10,Green,14,231,105,Moderate
33.0,9.3,5.4,21,Light Green,34,213,54,Moderate
24.3,8.1,2.4,32,Black,17,102,145,High
27.9,7.0,7.5,21,Green,15,227,99,Healthy
33.2,6.6,5.7,34,Light Green,13,228,2,Moderate
32.4,6.7,4.5,5,Black,0,242,51,Moderate
33.3,7.3,2.6,32,Light Green,39,145,69,High
32.6,9.4,3.2,13,Brown,33,24,102,High
31.3,8.4,5.8,25,Green,28,58,134,Moderate
33.8,7.1,7.1,23,Light Green,0,113,79,Healthy
29.5,8.4,4.6,27,Black,12,181,107,Moderate
30.4,6.7,4.3,11,Black,23,153,142,High
29.2,6.9,5.8,5,Dark Green,32,53,56,Moderate
24.6,8.0,5.0,26,Brown,1,63,147,Healthy
30.1,8.7,6.1,5,Green,3,108,102,Healthy
28.2,7.5,3.1,9,Brown,1,75,24,Moderate
31.1,8.5,2.4,32,Light Green,6,249,71,Moderate
29.6,9.2,6.3,35,Dark Green,18,235,148,Moderate
29.5,7.0,7.5,22,Brown,19,196,126,Moderate
32.2,7.5,5.2,23,Light Green,17,43,46,Moderate
32.0,7.2,7.9,16,Dark Green,23,148,120,Moderate
28.5,7.2,7.4,6,Green,17,237,139,Moderate
32.8,8.0,4.1,18,Light Green,11,182,9,Healthy
28.5,8.5,6.9,33,Brown,22,299,150,Moderate
31.0,9.4,2.1,25,Green,40,247,11,High
27.2,7.4,4.6,35,Black,36,296,49,High
30.1,9.4,2.8,32,Light Green,26,118,21,High
26.9,8.9,6.2,34,Light Green,9,188,137,Healthy
31.0,7.6,3.1,14,Dark Green,38,215,110,High
34.9,8.5,3.8,29,Dark Green,5,126,41,Moderate
30.3,7.9,6.9,34,Black,36,286,37,Moderate
27.3,7.3,6.9,32,Light Green,3,92,68,Healthy
28.4,7.0,7.7,29,Light Green,14,67,99,Healthy
26.2,6.9,7.6,22,Green,25,26,53,Moderate
34.6,8.8,7.3,12,Black,30,30,27,High
31.1,9.2,4.5,14,Black,36,144,77,High
25.0,7.1,5.0,35,Green,20,183,31,Moderate
28.9,9.0,5.9,14,Brown,10,140,119,Healthy
31.8,8.4,3.9,16,Light Green,38,219,93,Moderate
26.7,6.7,6.3,10,Light Green,3,150,95,Healthy
34.9,7.9,5.2,28,Dark Green,37,126,51,Moderate
26.3,7.0,4.9,29,Black,23,167,3,High
25.8,8.6,3.2,28,Dark Green,6,106,90,High
26.4,8.9,4.2,30,Green,17,151,1,Moderate
30.9,9.4,3.9,29,Brown,19,39,45,High
28.2,7.5,4.8,9,Green,9,28,146,Healthy
26.1,8.0,6.6,15,Black,25,116,37,Moderate
34.8,7.8,5.6,27,Light Green,18,147,91,Moderate
28.8,9.3,5.1,13,Light Green,26,149,63,Moderate
24.9,6.8,2.8,35,Brown,21,253,111,High
34.8,9.2,7.3,22,Green,14,123,123,Moderate
28.6,8.7,4.6,15,Green,34,169,48,Moderate
24.5,6.8,4.4,15,Light Green,14,200,128,Moderate
25.4,8.4,7.2,32,Brown,28,121,98,Moderate
24.4,7.4,4.6,5,Dark Green,1,89,86,Moderate
30.4,8.3,6.0,5,Black,18,277,40,Moderate
24.1,8.0,6.6,14,Light Green,10,89,80,Healthy
28.7,8.8,7.6,8,Black,30,94,99,Moderate
27.5,7.1,2.4,31,Light Green,39,144,3,Moderate
28.4,8.5,4.7,26,Green,22,44,62,Moderate
31.3,9.1,4.7,20,Green,25,116,125,Moderate
30.4,8.2,3.2,33,Brown,8,196,58,Moderate
31.7,6.8,4.6,21,Green,33,33,132,Moderate
29.7,7.2,5.5,12,Dark Green,12,92,30,Moderate
33.2,9.4,3.7,31,Green,9,245,144,High
31.0,9.1,3.8,28,Green,13,154,4,Moderate
30.5,8.4,4.1,24,Green,1,277,125,Healthy
29.9,7.5,3.7,9,Light Green,16,279,4,Moderate
32.3,6.6,7.7,16,Brown,0,60,3,Moderate
31.2,9.0,6.2,22,Black,20,111,3,High
27.9,9.0,2.7,29,Dark Green,36,150,109,High
27.1,7.6,3.0,6,Light Green,28,45,100,Moderate
31.7,9.0,2.2,12,Black,0,286,45,High
24.5,8.1,5.0,15,Dark Green,37,203,44,Moderate
25.4,6.5,3.4,22,Light Green,0,24,115,Moderate
31.6,9.1,7.0,28,Dark Green,11,252,28,Moderate
30.5,8.6,6.2,32,Light Green,11,65,88,Healthy
25.5,7.6,6.6,7,Black,24,25,9,High
24.5,8.6,2.3,30,Brown,16,61,46,High
28.9,7.5,2.3,7,Black,8,300,39,Moderate
33.3,8.4,4.5,30,Brown,32,219,15,Moderate
26.8,8.1,6.9,34,Light Green,34,112,88,Healthy
29.8,9.3,3.9,26,Black,30,28,84,High
26.5,9.3,4.6,26,Dark Green,34,149,59,High
26.4,9.2,6.6,34,Black,6,182,120,Moderate
24.3,6.9,7.2,26,Black,18,195,51,High
24.2,6.8,4.0,5,Green,3,297,51,Moderate
28.6,8.7,7.8,12,Green,29,69,83,Moderate
31.0,8.9,6.3,30,Brown,20,282,83,Moderate
34.2,7.2,5.3,18,Green,27,45,134,Moderate
33.0,9.2,4.0,25,Black,39,51,44,High
30.4,8.6,3.6,24,Black,31,174,54,High
32.0,7.1,6.4,13,Light Green,31,139,19,Moderate
33.3,9.2,2.9,21,Black,31,91,87,High
28.3,7.5,2.1,10,Brown,30,184,12,Moderate
30.9,7.2,7.0,24,Brown,12,100,54,Healthy
30.5,9.3,5.4,21,Black,7,109,72,Moderate
28.3,7.8,4.8,32,Light Green,19,103,77,Moderate
31.8,8.2,7.3,8,Light Green,13,31,79,Healthy
24.8,7.6,2.7,34,Dark Green,40,126,111,High
31.0,8.7,3.1,17,Dark Green,11,214,4,Moderate
26.8,8.1,5.5,29,Dark Green,40,128,36,Moderate
25.2,7.1,7.9,25,Light Green,37,66,5,Moderate
27.4,7.5,5.9,17,Dark Green,34,83,42,Moderate
32.5,7.2,3.3,28,Light Green,1,20,2,Moderate
32.7,9.5,2.1,13,Black,29,154,144,High
30.1,9.0,7.0,33,Green,2,289,109,Healthy
31.1,9.4,7.4,23,Dark Green,8,137,108,Moderate
34.5,6.9,3.6,27,Light Green,13,273,87,High
30.7,6.7,3.3,24,Light Green,4,254,63,Moderate
29.4,7.9,3.9,5,Light Green,14,251,51,Moderate
27.7,6.9,6.2,13,Green,22,283,121,Moderate
27.2,7.2,5.4,13,Dark Green,32,234,147,Moderate
28.2,7.9,7.7,19,Black,3,32,28,Healthy
26.7,9.0,2.2,8,Black,14,105,31,High
27.8,8.0,5.2,13,Brown,8,231,148,Healthy
34.1,7.4,5.8,27,Green,27,209,42,Moderate
30.4,8.9,4.0,10,Dark Green,19,142,139,Moderate
28.1,9.5,4.3,33,Dark Green,23,179,83,High
29.9,6.7,7.3,14,Green,13,50,104,Healthy
24.4,7.2,3.3,18,Black,16,64,124,High
33.3,7.7,2.2,23,Dark Green,0,220,106,Moderate
28.7,7.6,3.2,33,Green,39,24,9,Moderate
34.4,8.3,4.2,18,Light Green,32,260,118,Moderate
33.0,6.6,3.8,24,Brown,36,290,124,High
34.7,6.6,4.3,28,Brown,18,293,16,High
24.6,7.1,5.4,5,Brown,32,174,91,Moderate
34.6,8.2,4.0,32,Dark Green,32,142,146,High
25.8,7.7,5.4,23,Dark Green,28,38,118,Moderate
30.8,8.9,2.2,35,Dark Green,17,233,147,High
24.8,7.8,2.2,19,Dark Green,20,157,61,High
29.5,7.6,6.7,20,Dark Green,8,300,141,Healthy
25.3,9.2,7.3,20,Dark Green,33,165,38,High
26.9,9.3,4.1,32,Black,13,153,49,Moderate
28.7,8.2,3.7,9,Brown,30,23,72,Moderate
33.6,8.1,6.4,35,Green,40,177,117,Moderate
25.6,7.9,5.6,21,Light Green,30,112,127,Moderate
27.6,7.4,4.7,19,Black,26,256,95,High
31.3,7.3,3.1,24,Brown,19,238,128,High
26.1,7.6,4.6,5,Brown,37,230,67,Moderate
30.3,9.3,6.4,29,Black,14,122,34,Moderate
31.7,7.5,3.7,23,Black,38,185,59,High
35.0,8.2,5.5,7,Dark Green,39,196,145,Moderate
26.4,7.8,3.6,13,Brown,36,199,64,Moderate
29.1,8.5,4.7,27,Dark Green,25,277,13,Moderate
26.1,7.7,6.6,16,Brown,4,105,104,Healthy
34.4,8.5,4.8,20,Black,26,56,134,High
33.5,8.8,6.8,6,Brown,7,154,74,Moderate
33.6,8.9,4.4,26,Dark Green,4,257,76,Moderate
24.4,6.8,5.0,32,Green,7,189,25,Moderate
26.6,9.0,5.3,24,Light Green,7,298,1,Healthy
29.7,8.2,5.5,32,Light Green,5,279,112,Healthy
33.0,8.1,6.3,31,Green,14,166,17,Healthy
24.5,9.0,7.8,22,Dark Green,20,248,133,High
26.1,7.5,4.0,31,Black,30,87,76,Moderate
28.2,8.2,6.5,21,Light Green,34,75,142,Healthy
25.0,6.7,2.9,24,Green,12,135,74,High
33.6,7.6,2.0,6,Light Green,8,58,87,Moderate
33.1,8.7,2.5,34,Black,35,266,16,High
32.5,9.4,5.0,34,Black,29,112,15,High
32.0,8.4,6.1,33,Green,28,293,142,Moderate
31.1,8.6,7.2,27,Dark Green,39,128,9,Moderate
26.7,7.3,2.7,5,Green,11,197,24,Moderate
30.6,7.6,5.2,25,Brown,19,57,52,Moderate
27.3,9.1,4.4,32,Dark Green,23,265,14,High
33.0,6.6,5.5,30,Brown,29,271,12,Moderate
31.5,7.4,5.4,16,Black,18,253,31,High
28.2,6.7,4.3,13,Light Green,23,90,15,Moderate
34.3,6.9,7.9,31,Black,7,191,124,High
26.1,7.2,2.3,23,Green,28,94,100,Moderate
24.4,7.2,4.6,11,Dark Green,30,205,52,High
27.0,6.7,7.9,23,Brown,1,125,31,Healthy
31.3,9.3,2.8,17,Black,18,250,65,High
34.7,7.6,5.6,10,Light Green,16,65,82,Moderate
34.2,9.0,6.7,8,Black,3,139,111,Moderate
25.4,9.2,7.7,23,Brown,19,230,83,High
24.9,6.8,4.2,11,Brown,14,28,24,Moderate
28.6,7.1,3.8,16,Brown,5,238,82,Moderate
30.0,6.6,4.3,17,Dark Green,15,25,66,Moderate
26.5,7.6,5.1,21,Dark Green,21,71,33,Moderate
33.8,7.0,3.9,33,Dark Green,37,152,111,High
34.5,8.2,5.3,21,Black,2,239,49,Moderate
27.4,7.8,5.8,10,Brown,29,24,130,Moderate
30.9,6.8,7.3,17,Green,18,149,11,Moderate
25.6,7.1,6.2,20,Green,15,161,75,Moderate
34.3,7.4,3.8,25,Dark Green,2,220,89,High
27.2,7.5,5.6,33,Brown,11,45,12,Healthy
29.3,6.9,3.7,29,Black,34,271,33,High
24.1,8.8,4.8,34,Brown,37,244,137,High
27.5,6.7,3.8,21,Light Green,36,78,149,High
26.7,9.4,3.3,27,Brown,37,282,93,High
31.9,7.7,4.7,34,Light Green,31,182,39,Moderate
28.8,8.7,2.6,8,Dark Green,12,132,40,Moderate
24.6,9.5,2.6,28,Dark Green,38,194,141,High
31.5,7.1,2.9,27,Light Green,27,67,114,High
24.3,8.7,2.3,7,Brown,5,84,114,Moderate
24.1,6.9,7.9,12,Green,37,218,51,Moderate
29.9,9.4,2.4,28,Black,22,93,16,High
24.9,7.2,4.9,19,Dark Green,4,242,56,Moderate
25.6,9.3,2.7,22,Black,38,266,118,High
34.1,8.1,4.5,26,Green,9,39,139,Moderate
32.3,9.0,6.2,24,Brown,16,63,116,Moderate
34.9,8.7,4.9,13,Dark Green,15,164,112,Moderate
32.9,9.2,3.2,27,Black,18,186,55,High
33.0,7.7,7.5,14,Green,11,171,137,Healthy
24.9,8.4,5.9,25,Green,37,189,54,Moderate
25.2,6.9,2.2,6,Dark Green,24,107,16,High
31.6,8.2,3.7,12,Black,22,172,100,High
34.6,6.7,6.8,6,Dark Green,12,289,144,Moderate
26.4,7.8,5.2,9,Black,20,269,149,Moderate
30.8,9.0,3.6,21,Black,17,83,2,High
31.4,8.4,7.4,25,Brown,23,123,67,Moderate
34.6,9.3,8.0,33,Dark Green,37,133,34,High
34.9,7.0,6.6,6,Dark Green,30,254,67,High
26.8,7.1,6.7,24,Green,17,54,35,Moderate
30.8,9.2,7.4,19,Light Green,0,63,64,Healthy
27.1,8.4,3.9,20,Green,35,160,7,Moderate
28.9,8.3,3.6,18,Brown,26,136,92,Moderate
27.1,6.8,8.0,5,Black,14,270,77,Moderate
31.5,7.6,3.8,32,Light Green,22,122,49,Moderate
24.2,9.2,3.4,30,Green,29,279,104,High
24.2,7.4,2.3,34,Green,16,44,119,High
28.1,9.0,3.3,10,Brown,22,116,68,High
34.7,8.9,7.7,23,Light Green,4,25,29,Healthy
31.6,7.6,7.4,30,Dark Green,37,269,136,Moderate
26.2,9.1,2.4,8,Brown,32,123,90,High
31.2,9.1,5.2,7,Black,9,211,4,Moderate
25.2,7.3,6.6,21,Light Green,29,63,12,Moderate
34.2,6.6,4.3,32,Dark Green,29,81,68,High
33.6,7.7,5.4,12,Brown,13,251,24,Moderate
30.8,9.0,7.9,19,Light Green,30,89,125,Moderate
26.4,7.8,4.9,11,Black,28,188,114,Moderate
24.1,7.1,3.2,13,Dark Green,6,220,83,High
30.7,8.7,2.5,18,Brown,34,196,56,High
30.4,9.4,5.2,8,Green,40,178,66,Moderate
32.9,6.8,7.8,17,Light Green,0,254,86,Healthy
26.3,7.6,7.5,18,Light Green,39,84,105,Healthy
33.5,8.8,6.6,28,Dark Green,29,263,21,High
24.6,7.5,2.9,5,Green,33,25,3,High
26.8,7.8,7.4,28,Light Green,8,57,132,Healthy
25.6,9.4,6.6,7,Black,4,76,71,Moderate
28.4,7.3,2.9,17,Light Green,11,258,10,Moderate
34.7,7.4,8.0,29,Green,0,58,150,Healthy
28.8,7.7,6.1,20,Green,24,256,72,Healthy
33.3,7.0,5.1,23,Black,38,128,67,High
28.0,8.6,3.7,13,Black,17,279,50,High
28.4,8.2,7.2,19,Dark Green,22,116,97,Moderate
31.3,8.2,3.3,23,Light Green,30,44,94,Moderate
33.3,6.6,7.2,13,Brown,7,36,142,Moderate
31.0,6.5,7.9,11,Green,12,38,78,Healthy
31.2,9.0,2.4,31,Green,13,26,109,Moderate
28.3,8.3,5.8,27,Brown,27,47,16,Moderate
30.6,7.5,7.3,29,Dark Green,27,59,124,Moderate
33.4,8.2,4.0,21,Black,21,267,16,High
33.5,6.9,4.0,15,Light Green,17,247,96,High
31.8,8.9,5.1,6,Green,26,93,6,Moderate
33.6,9.1,5.8,7,Black,10,121,27,High
33.9,9.2,3.5,17,Black,3,267,39,High
27.5,9.0,3.3,7,Green,36,138,136,Moderate
28.2,7.4,6.0,21,Light Green,4,268,70,Healthy
28.2,9.0,5.6,23,Dark Green,18,143,118,Moderate
26.1,7.0,4.8,5,Green,12,202,32,Healthy
33.8,8.8,3.9,7,Light Green,28,183,60,High
24.0,9.0,2.2,16,Light Green,7,143,115,Moderate
32.8,7.4,4.2,14,Black,25,258,62,High
29.4,8.5,7.0,13,Dark Green,35,61,25,Moderate
34.4,8.5,4.5,5,Light Green,30,85,59,Moderate
31.5,8.3,5.2,20,Green,5,101,30,Healthy
27.1,7.4,3.6,23,Black,23,173,96,High
29.1,9.0,3.0,32,Light Green,8,206,145,Moderate
31.6,7.7,3.8,18,Black,0,45,39,Moderate
31.7,7.2,3.0,20,Light Green,9,127,83,Moderate
27.6,9.4,3.3,24,Brown,10,219,78,Moderate
25.3,7.6,3.4,24,Green,25,276,112,High
30.4,8.5,2.1,35,Green,40,246,150,Moderate
32.4,7.8,6.7,25,Black,39,132,108,Moderate
27.9,9.2,6.4,20,Brown,7,83,13,Moderate
29.1,7.8,3.3,12,Dark Green,16,238,82,High
30.0,6.6,3.9,34,Light Green,16,113,132,High
30.3,7.5,4.0,18,Dark Green,5,195,3,Healthy
33.2,8.2,5.7,20,Brown,10,162,117,Moderate
24.7,8.6,2.1,12,Light Green,35,248,116,High
25.0,6.6,7.3,26,Dark Green,26,140,67,High
35.0,7.1,6.3,27,Black,31,271,23,High
34.9,9.2,7.0,7,Dark Green,22,91,114,High
30.1,8.8,5.4,11,Green,5,240,24,Healthy
25.1,9.2,3.5,15,Black,35,112,66,High
29.2,7.7,2.2,30,Brown,32,47,6,Moderate
25.7,7.7,2.2,19,Light Green,38,122,28,High
28.2,7.2,6.0,32,Black,40,193,50,Moderate
24.3,8.4,3.4,34,Black,37,177,51,High
29.4,7.8,2.3,8,Black,39,114,20,High
26.5,8.5,4.0,17,Dark Green,6,214,8,Moderate
26.9,6.6,3.1,6,Brown,18,271,66,High
27.3,8.7,7.5,14,Light Green,38,45,83,Moderate
27.1,9.2,6.2,7,Black,21,84,66,High
34.5,7.8,3.1,35,Light Green,31,234,113,High
25.3,9.0,7.9,20,Light Green,25,245,74,Moderate
28.4,8.7,6.4,12,Light Green,12,73,116,Healthy
35.0,9.3,3.0,34,Black,12,185,18,High
28.6,7.6,4.3,20,Dark Green,0,291,98,Healthy
32.9,8.1,4.4,18,Light Green,39,21,19,Moderate
34.8,7.3,5.7,35,Light Green,15,197,77,Moderate
34.8,7.0,4.9,16,Light Green,3,243,48,Moderate
31.1,6.6,5.1,6,Dark Green,23,199,60,High
32.8,8.4,3.9,5,Light Green,36,185,88,Moderate
29.7,6.9,3.0,28,Green,6,80,15,Moderate
34.5,8.0,2.1,22,Brown,34,22,40,High
30.2,8.2,4.3,28,Light Green,34,121,1,Moderate
33.7,8.8,5.6,28,Dark Green,37,274,133,High
30.2,8.3,3.5,16,Green,15,196,75,Moderate
32.3,7.5,5.4,34,Light Green,34,178,28,Moderate
26.3,6.7,6.4,19,Dark Green,26,115,115,Moderate
25.1,7.4,7.0,21,Black,25,83,72,High
28.7,7.0,7.8,28,Black,5,83,134,Moderate
33.2,8.2,2.7,11,Light Green,10,40,104,Moderate
26.4,8.0,4.0,18,Dark Green,2,266,3,Healthy
32.0,8.2,3.9,31,Light Green,25,140,150,Moderate
29.7,8.8,2.5,18,Green,21,241,45,Moderate
32.0,8.5,3.5,8,Dark Green,33,118,78,High
29.9,7.2,5.6,33,Dark Green,10,112,85,Moderate
29.1,6.9,3.0,27,Brown,17,56,133,High
25.0,7.7,5.6,19,Green,39,160,127,Moderate
26.2,8.7,6.2,25,Dark Green,40,36,82,Moderate
28.5,7.7,2.8,13,Light Green,22,106,37,Moderate
26.8,8.3,2.2,34,Green,13,225,82,Moderate
25.2,7.8,6.9,35,Green,27,152,147,Moderate
25.4,7.3,4.3,22,Light Green,13,183,46,Moderate
30.7,6.6,7.8,13,Light Green,22,182,34,Moderate
28.1,7.3,3.7,27,Brown,26,108,23,High
30.3,7.6,5.7,16,Black,40,116,30,Moderate
31.6,8.6,3.1,13,Light Green,23,269,52,High
27.1,7.3,4.2,8,Brown,12,287,35,Moderate
33.3,8.2,6.5,9,Black,33,295,87,High
25.3,8.1,2.5,18,Brown,31,115,126,High
34.4,7.8,4.8,6,Brown,29,88,30,Moderate
31.0,8.6,5.1,14,Dark Green,34,155,72,Moderate
27.3,8.0,6.2,5,Light Green,12,283,135,Healthy
28.4,9.0,7.5,21,Black,38,185,28,Moderate
33.6,7.5,5.2,16,Light Green,14,77,99,Healthy
30.4,8.0,7.2,20,Light Green,14,81,52,Healthy
33.6,9.3,2.2,30,Light Green,16,114,16,High
34.4,7.3,7.9,5,Brown,29,221,146,Moderate
34.9,8.0,3.9,18,Light Green,18,240,90,High
32.4,7.6,3.2,20,Light Green,18,135,7,Moderate
28.0,6.7,4.2,5,Dark Green,30,93,10,High
34.4,8.8,4.0,7,Brown,40,198,73,High
24.7,7.7,6.0,33,Brown,39,298,10,Moderate
28.2,6.5,3.3,5,Green,31,255,72,High
33.3,7.3,4.9,32,Light Green,28,151,123,Moderate
34.3,8.4,4.6,29,Brown,15,45,62,Moderate
33.4,6.7,4.8,23,Green,22,212,75,High
32.1,9.2,4.4,15,Green,12,230,14,Moderate
31.5,8.7,6.8,12,Black,34,285,16,High
32.1,9.4,6.8,29,Green,40,284,116,Moderate
25.0,7.7,3.4,24,Green,3,67,21,Moderate
27.0,8.2,4.9,10,Dark Green,34,35,60,Moderate
27.4,7.6,5.1,12,Dark Green,5,24,25,Healthy
32.3,6.5,5.3,32,Green,3,202,26,Healthy
29.6,8.8,3.5,27,Black,40,244,5,High
27.9,8.0,5.3,16,Green,34,75,29,Healthy
27.4,7.9,3.4,32,Brown,9,162,84,Moderate
24.0,7.9,2.6,14,Green,5,68,9,Moderate
35.0,8.7,3.5,7,Black,1,299,18,High
30.7,9.2,7.3,7,Brown,14,83,52,Moderate
24.9,7.2,3.6,10,Black,38,230,26,High
27.2,9.0,6.7,29,Dark Green,1,203,101,Healthy
32.1,8.2,7.8,12,Black,2,81,47,Moderate
24.2,7.7,3.3,18,Black,11,96,73,High
26.4,8.7,4.0,29,Light Green,16,54,23,Moderate
31.8,7.5,3.2,22,Black,36,139,27,High
25.2,8.1,2.2,9,Dark Green,36,177,122,High
29.6,8.2,5.9,19,Brown,14,148,113,Healthy
24.1,7.9,4.5,33,Black,27,185,33,High
30.2,8.0,3.0,20,Black,38,150,19,High
33.1,8.0,2.0,27,Green,17,295,110,High
25.0,7.7,3.3,31,Green,7,197,108,Moderate
29.9,8.9,6.4,5,Green,36,156,141,Moderate
27.4,8.1,2.5,32,Black,23,296,124,High
30.9,6.8,7.8,7,Light Green,21,51,12,Moderate
31.8,7.6,6.7,15,Green,30,279,58,Moderate
29.2,8.2,4.5,13,Dark Green,3,183,135,Healthy
29.3,9.4,5.7,14,Dark Green,13,268,85,Moderate
25.1,7.8,4.4,19,Dark Green,0,38,48,Moderate
25.0,7.9,7.8,29,Dark Green,23,273,9,Moderate
28.0,8.4,3.1,23,Dark Green,25,122,110,High
31.7,6.9,4.9,6,Light Green,20,260,139,Moderate
34.2,8.5,6.6,8,Dark Green,34,216,109,Moderate
26.2,8.3,6.2,17,Green,38,165,138,Healthy
29.3,8.7,6.9,25,Light Green,27,43,128,Moderate
28.0,7.5,7.9,18,Brown,12,273,63,Healthy
30.1,6.8,3.4,32,Dark Green,27,134,148,High
32.7,7.8,2.3,32,Black,34,78,47,High
28.6,7.5,7.1,35,Green,10,56,50,Healthy
25.3,7.0,4.8,18,Black,20,71,7,High
31.3,7.1,7.8,23,Black,3,186,38,Moderate
31.7,9.2,4.1,8,Brown,10,51,56,Moderate
30.7,8.6,4.7,16,Light Green,10,176,7,Healthy
34.8,9.0,7.7,13,Black,16,272,91,High
27.5,8.7,7.2,28,Black,20,157,118,Moderate
27.6,7.9,6.2,13,Light Green,34,213,28,Healthy
34.6,8.2,6.5,6,Green,5,264,31,Healthy
27.4,6.7,3.6,29,Dark Green,3,208,121,Moderate
32.4,7.0,2.1,18,Green,1,291,145,Moderate
25.4,7.8,7.9,10,Brown,5,50,19,Healthy
25.2,7.8,7.9,10,Black,29,157,36,High
28.8,8.4,3.3,9,Brown,15,115,50,Moderate
30.3,8.4,7.7,21,Brown,3,94,60,Healthy
29.9,7.7,5.6,26,Light Green,39,103,17,Healthy
29.1,6.8,7.0,15,Dark Green,26,201,110,Moderate
31.8,9.3,4.4,24,Light Green,33,40,6,Moderate
26.4,7.8,6.9,7,Black,38,247,134,Moderate
30.6,7.1,2.0,10,Light Green,25,292,144,Moderate
28.2,7.6,4.4,11,Green,11,254,123,Healthy
34.9,7.0,2.3,10,Brown,27,226,85,High
32.0,9.4,2.7,32,Light Green,14,153,106,Moderate
33.8,6.6,5.0,18,Dark Green,27,295,36,High
32.3,8.5,6.7,18,Black,30,196,52,Moderate
31.4,9.1,3.9,28,Dark Green,29,235,80,High
24.7,6.8,6.4,22,Brown,18,192,29,High
26.3,9.2,5.1,8,Light Green,22,222,99,Moderate
33.7,8.8,2.6,32,Brown,37,106,46,High
26.9,7.2,6.6,13,Green,35,295,121,Moderate
28.5,7.3,2.2,33,Green,0,28,6,Moderate
33.0,6.7,3.4,30,Black,14,79,57,High
30.5,7.7,4.3,25,Light Green,38,51,54,Moderate
30.4,6.6,6.3,29,Green,30,189,124,Moderate
24.2,9.3,4.8,23,Brown,21,85,23,High
31.7,6.6,7.2,33,Green,35,133,5,Moderate
31.0,7.2,5.7,27,Light Green,7,131,148,Healthy
26.1,8.2,7.9,12,Green,2,170,124,Healthy
32.8,8.2,4.4,19,Black,0,90,1,Moderate
33.6,9.3,5.8,7,Black,9,298,81,High
26.5,7.3,2.7,23,Light Green,40,45,108,Moderate
33.9,7.9,2.4,13,Dark Green,37,239,140,High
26.5,6.5,7.0,25,Brown,30,176,80,Moderate
33.8,8.3,3.1,32,Dark Green,3,193,93,Moderate
33.4,9.5,2.5,7,Brown,40,173,50,High
28.2,8.0,6.8,27,Dark Green,40,144,22,Moderate
32.9,8.3,3.9,10,Green,40,128,38,Moderate
24.3,6.8,6.4,34,Brown,2,232,82,Moderate
30.1,8.7,5.2,33,Brown,25,26,126,Moderate
33.1,7.0,4.8,12,Brown,30,168,95,High
27.6,9.4,7.9,29,Black,18,58,61,High
28.1,9.0,7.4,20,Green,36,276,11,Moderate
32.6,7.1,2.6,7,Green,18,103,52,High
25.9,9.0,2.8,18,Light Green,3,120,26,Moderate
32.8,6.6,7.9,15,Light Green,27,74,4,Moderate
25.0,8.6,4.8,19,Black,39,138,65,High
31.5,7.4,3.2,9,Green,24,111,89,High
29.9,9.0,6.4,29,Black,20,248,128,Moderate
25.0,8.9,2.0,24,Dark Green,31,196,75,High
30.1,8.7,7.1,18,Light Green,37,50,121,Moderate
29.8,6.9,3.5,13,Dark Green,8,105,85,High
24.5,7.6,4.2,5,Light Green,35,84,143,Moderate
28.2,6.8,3.8,12,Light Green,25,299,108,High
31.4,7.9,5.3,6,Brown,26,46,127,Moderate
30.6,9.0,3.4,18,Light Green,7,219,49,Moderate
33.3,6.6,7.3,8,Black,40,277,94,High
29.8,8.4,7.0,30,Brown,26,74,74,Moderate
31.8,8.7,2.1,24,Black,37,251,119,High
31.1,9.3,2.4,11,Light Green,22,30,107,High
24.4,9.1,7.5,7,Black,21,173,59,High
28.6,7.5,6.7,16,Dark Green,1,27,118,Healthy
32.5,8.0,6.1,10,Brown,15,245,128,Healthy
25.0,6.7,4.5,19,Black,23,123,100,High
26.7,9.1,6.2,19,Brown,22,258,93,Moderate
27.0,9.3,7.5,19,Light Green,21,122,50,Moderate
33.0,9.2,5.1,21,Brown,19,40,67,Moderate
28.2,8.1,6.1,7,Brown,30,163,15,Moderate
25.9,6.8,6.4,24,Black,23,208,110,High
29.2,7.6,2.1,22,Light Green,26,224,126,Moderate
34.2,9.1,7.0,28,Light Green,6,247,35,Moderate
34.8,6.6,4.9,19,Black,33,106,29,High
28.0,8.2,3.3,11,Light Green,34,112,135,Moderate
33.3,7.0,4.4,19,Brown,22,218,9,High
29.2,8.4,6.0,27,Light Green,6,257,60,Healthy
32.5,8.6,3.2,28,Dark Green,0,146,51,Moderate
33.3,6.5,4.9,14,Green,26,218,46,High
27.7,7.3,7.3,27,Green,33,187,120,Moderate
31.0,9.4,7.5,14,Brown,22,89,150,Moderate
27.9,8.9,4.9,27,Light Green,24,273,58,Moderate
31.2,8.3,2.1,18,Black,24,144,17,High
29.5,7.4,4.4,10,Light Green,25,156,137,Moderate
31.5,8.4,5.3,35,Dark Green,4,171,147,Healthy
34.2,6.7,4.9,10,Light Green,27,226,6,High
32.9,7.0,5.4,12,Light Green,23,209,16,Moderate
33.3,7.8,3.3,23,Brown,34,192,111,High
25.5,9.1,4.5,25,Light Green,3,51,74,Moderate
34.0,8.2,7.7,27,Dark Green,11,203,63,Moderate
31.9,9.4,4.8,25,Green,36,291,60,Moderate
27.3,9.1,4.3,13,Brown,3,248,38,Moderate
31.2,6.6,5.6,25,Black,24,294,65,High
34.5,7.5,7.6,23,Light Green,25,182,139,Moderate
26.3,8.4,3.6,33,Dark Green,21,92,4,High
27.6,7.9,3.7,16,Brown,36,114,146,Moderate
33.4,8.7,4.9,8,Green,28,133,61,Moderate
31.6,7.7,6.4,7,Black,8,185,143,Moderate
28.2,6.6,3.0,27,Black,31,70,65,High
25.3,9.4,6.8,6,Black,19,78,97,High
28.3,7.3,4.1,31,Black,35,63,9,High
24.1,8.6,6.3,26,Dark Green,40,161,148,High
31.6,8.6,6.9,12,Brown,14,112,117,Moderate
32.3,8.0,6.7,21,Dark Green,22,224,37,Moderate
29.9,7.3,5.1,6,Green,1,52,118,Healthy
32.7,8.8,2.1,14,Green,20,176,107,High
33.9,6.9,2.4,11,Dark Green,29,227,56,High
27.2,7.3,6.9,24,Green,3,22,129,Healthy
31.4,9.2,7.3,35,Green,10,273,12,Moderate
34.5,8.7,4.4,11,Light Green,39,295,30,Moderate
29.6,6.8,6.1,24,Black,36,62,112,High
30.7,6.6,3.9,20,Dark Green,39,118,148,High
34.0,8.2,6.8,20,Dark Green,4,261,13,Moderate
30.3,9.3,5.5,20,Light Green,2,97,13,Healthy
31.0,8.7,3.0,10,Green,34,221,36,Moderate
32.7,9.5,7.0,26,Black,21,58,109,High
31.5,8.9,6.4,7,Light Green,36,249,14,Moderate
32.8,7.1,2.7,32,Black,9,234,6,High
25.6,7.4,4.7,22,Light Green,35,117,1,Moderate
34.3,7.6,6.6,11,Dark Green,30,107,47,Moderate
27.4,9.2,7.3,26,Dark Green,9,270,76,Moderate
33.9,7.9,4.9,30,Green,7,32,42,Moderate
31.0,7.2,7.6,11,Brown,14,188,12,Healthy
26.0,8.2,5.8,19,Black,5,272,2,Healthy
33.2,8.4,7.3,34,Brown,6,179,21,Moderate
33.0,9.5,6.3,10,Black,18,120,140,High
25.9,9.4,5.7,32,Dark Green,39,129,124,High
29.8,9.0,2.3,29,Dark Green,5,50,21,Moderate
25.8,8.1,2.1,26,Dark Green,19,92,146,High
34.2,8.5,2.7,15,Green,2,90,129,Moderate
29.7,7.7,2.2,30,Green,9,72,17,Moderate
24.3,6.9,6.2,35,Dark Green,33,188,130,High
30.8,8.4,5.8,14,Black,37,49,74,Moderate
28.9,7.5,6.0,31,Dark Green,11,78,93,Healthy
27.2,8.2,3.0,5,Light Green,33,220,92,Moderate
28.5,6.9,4.2,21,Dark Green,27,23,41,High
34.6,7.8,5.5,14,Dark Green,23,217,36,Moderate
34.1,7.7,3.0,33,Brown,9,185,96,Moderate
34.5,7.1,5.5,31,Light Green,4,227,26,Healthy
34.9,9.4,3.4,24,Green,23,146,146,High
29.4,9.5,6.0,26,Dark Green,15,255,125,Moderate
32.0,9.1,7.9,34,Green,2,110,71,Healthy
33.8,9.3,3.9,28,Brown,24,90,102,High
33.7,7.3,3.1,21,Light Green,32,153,33,High
28.8,7.7,4.6,12,Brown,7,76,113,Healthy
28.2,8.7,4.9,6,Dark Green,9,253,150,Moderate
30.3,8.5,2.1,32,Black,29,92,107,High
26.9,7.7,8.0,13,Green,29,231,21,Healthy
24.1,9.2,2.8,35,Green,13,78,131,High
31.3,9.1,4.4,34,Dark Green,21,133,125,High
29.9,9.2,2.4,30,Dark Green,36,270,91,High
25.0,7.7,2.3,5,Black,35,129,18,High
34.9,7.3,3.0,23,Light Green,21,61,64,High
30.2,7.6,5.0,33,Green,21,275,127,Healthy
26.4,8.2,7.0,13,Brown,34,89,37,Moderate
29.9,8.0,3.7,5,Brown,23,272,143,Moderate
24.8,8.2,6.2,29,Green,19,135,22,Moderate
28.3,6.7,5.6,5,Black,35,170,31,High
28.6,8.7,3.3,6,Brown,19,100,36,High
28.9,9.5,3.0,22,Green,30,144,147,High
31.5,8.4,6.6,29,Green,6,158,122,Healthy
25.4,7.5,2.8,25,Dark Green,19,38,15,High
28.6,9.1,2.0,6,Light Green,10,172,89,Moderate
31.4,8.0,5.8,15,Brown,34,149,5,Moderate
34.2,9.1,7.8,26,Brown,24,139,130,High
24.0,8.9,4.8,27,Light Green,29,190,75,Moderate
28.5,8.4,2.4,13,Brown,37,201,117,Moderate
28.9,8.9,5.0,23,Black,25,167,8,Moderate
34.6,6.9,4.0,18,Black,26,224,92,High
28.4,7.0,7.4,35,Light Green,25,139,22,Moderate
27.9,7.6,6.7,32,Dark Green,31,226,47,Moderate
33.5,7.3,4.9,26,Dark Green,20,229,53,High
34.0,7.6,5.3,34,Dark Green,15,212,19,Moderate
28.7,7.4,2.4,26,Black,27,38,122,High
24.7,6.9,3.4,17,Brown,12,228,117,High
28.5,7.6,7.5,32,Brown,40,24,49,Moderate
30.1,9.3,2.1,21,Black,23,135,93,High
26.5,8.4,2.2,31,Green,12,163,50,Moderate
32.2,8.8,6.2,18,Dark Green,19,244,18,Moderate
30.4,8.8,6.9,31,Light Green,24,213,137,Moderate
28.0,8.6,3.1,34,Light Green,37,275,137,Moderate
30.6,8.5,3.6,26,Light Green,9,275,119,Moderate
31.1,9.3,4.2,6,Light Green,3,163,2,Moderate
32.9,7.2,7.6,34,Black,37,95,142,High
24.8,8.7,5.1,25,Light Green,34,147,5,Moderate
32.8,6.7,4.3,25,Dark Green,3,120,144,Moderate
34.5,7.4,5.9,21,Black,18,147,32,High
26.4,9.5,4.5,27,Green,19,243,117,Moderate
25.3,8.3,4.8,34,Brown,5,42,88,Moderate
29.7,7.5,4.2,28,Green,20,108,80,Moderate
25.5,8.3,7.1,24,Light Green,15,126,3,Healthy
24.4,7.5,4.0,27,Brown,24,87,5,Moderate
30.2,7.2,6.4,26,Black,0,143,44,Moderate
24.4,7.9,3.6,24,Green,2,99,56,Moderate
24.9,9.2,4.0,34,Light Green,0,140,128,Moderate
33.1,7.9,7.0,26,Light Green,8,169,63,Healthy
30.0,7.3,6.3,33,Brown,26,243,72,Moderate
28.9,8.4,6.5,28,Dark Green,14,37,82,Healthy
27.6,7.7,2.3,35,Brown,20,58,38,Moderate
32.5,8.3,3.0,12,Dark Green,20,128,11,High
26.7,7.4,5.6,26,Light Green,26,151,49,Moderate
27.4,8.5,4.9,17,Dark Green,34,291,95,Moderate
24.7,8.4,7.9,26,Light Green,22,171,40,Moderate
33.6,9.4,2.5,30,Light Green,38,106,12,High
25.4,9.4,2.3,10,Dark Green,5,299,116,High
31.1,8.9,7.9,6,Green,0,229,46,Healthy
30.3,6.7,2.3,31,Black,3,264,32,High
24.8,8.2,3.1,17,Brown,14,176,36,Moderate
34.6,8.4,6.3,30,Dark Green,29,66,20,Moderate
25.7,7.3,3.0,18,Dark Green,21,112,54,High
33.8,9.2,6.4,12,Green,16,188,61,Moderate
31.5,7.5,7.5,24,Light Green,2,156,122,Healthy
31.8,8.9,5.1,23,Green,17,30,136,Moderate
27.3,6.6,3.7,32,Black,17,61,131,High
33.0,9.4,7.7,14,Green,19,205,128,Moderate
29.7,9.2,3.2,14,Green,7,131,132,Moderate
24.4,8.2,3.4,10,Dark Green,40,141,21,High
31.6,8.0,2.3,14,Dark Green,1,147,112,Moderate
25.0,9.3,3.1,28,Black,22,295,123,High
34.4,7.5,5.9,28,Black,17,276,68,High
33.6,6.7,6.8,24,Light Green,5,93,96,Moderate
32.7,7.3,3.3,9,Brown,4,47,81,Moderate
28.7,7.4,3.3,31,Dark Green,34,298,33,High
24.2,8.9,6.3,12,Light Green,6,44,84,Moderate
31.3,6.9,3.6,29,Brown,27,21,119,High
30.6,7.0,6.0,13,Light Green,3,139,5,Healthy
27.6,8.7,5.2,33,Light Green,25,107,65,Moderate
31.5,9.1,5.3,15,Dark Green,10,23,105,Moderate
31.5,8.2,6.3,9,Green,14,203,73,Healthy
30.2,8.1,5.9,19,Green,19,243,137,Healthy
32.0,8.0,2.5,33,Black,5,209,80,Moderate
28.5,9.1,6.2,33,Black,20,175,89,High
27.1,8.7,7.6,31,Black,17,214,68,Moderate
33.9,9.3,4.8,15,Green,36,98,104,High
29.2,9.4,8.0,6,Dark Green,25,285,58,Moderate
34.6,7.5,4.8,21,Brown,39,62,126,Moderate
34.6,8.1,4.3,19,Dark Green,7,103,118,Moderate
33.5,7.2,5.7,29,Dark Green,14,33,105,Moderate
25.5,6.8,2.7,30,Dark Green,9,177,101,High
34.5,8.3,3.0,28,Green,0,104,115,Moderate
28.6,9.1,4.5,19,Green,38,289,9,Moderate
28.3,7.6,3.9,20,Brown,1,292,107,Moderate
34.5,7.5,6.2,25,Brown,17,193,59,Moderate
26.2,8.7,7.2,11,Green,29,111,63,Moderate
33.0,8.7,5.0,16,Brown,9,66,139,Moderate
30.0,9.0,2.6,31,Brown,32,122,78,High
25.4,7.2,3.3,33,Light Green,38,236,135,High
31.9,8.9,4.6,28,Light Green,29,270,39,Moderate
27.5,6.6,3.0,14,Dark Green,11,45,8,High
32.4,8.2,7.6,9,Black,7,269,39,Moderate
25.8,9.5,5.9,34,Light Green,37,83,11,Moderate
30.2,9.1,5.2,15,Light Green,1,169,33,Healthy
31.0,7.4,5.2,30,Black,13,176,43,Moderate
24.7,7.0,6.2,29,Black,12,279,100,Moderate
26.1,7.2,5.4,35,Brown,3,54,83,Healthy
27.1,8.0,4.2,29,Black,13,141,133,Moderate
27.8,9.4,6.7,29,Green,37,192,15,Moderate
28.2,9.2,7.8,25,Brown,16,123,40,Moderate
24.4,8.0,4.1,20,Dark Green,18,53,106,High
26.8,8.4,6.6,6,Brown,6,240,23,Healthy
29.7,7.0,4.3,15,Brown,19,27,128,Moderate
27.8,9.4,5.3,29,Brown,40,115,69,Moderate
33.9,8.8,2.5,30,Green,25,290,5,High
29.8,9.3,4.3,26,Black,11,181,104,Moderate
25.2,8.6,5.2,30,Green,28,83,120,Moderate
32.2,8.1,8.0,6,Light Green,5,268,83,Healthy
25.9,8.3,2.1,7,Green,11,102,26,Moderate
35.0,9.1,5.0,31,Brown,16,290,137,High
24.4,6.9,6.7,22,Black,7,61,120,High
30.6,8.0,2.7,19,Dark Green,19,147,41,High
32.3,7.1,4.1,15,Light Green,4,31,134,Healthy
32.3,7.2,3.5,9,Black,17,146,114,High
24.8,7.6,5.4,22,Brown,19,61,30,Moderate
26.2,8.3,5.3,24,Black,37,34,141,Moderate
34.4,9.1,4.2,6,Dark Green,22,291,140,High
27.0,8.0,3.9,17,Black,27,23,34,High
34.0,8.7,2.2,25,Light Green,24,95,67,High
25.4,6.9,4.4,12,Green,6,189,13,Moderate
31.0,6.9,7.5,29,Light Green,10,151,79,Healthy
26.8,6.6,3.7,33,Dark Green,1,24,41,Moderate
31.9,7.7,7.3,17,Dark Green,32,254,121,Moderate
25.9,8.6,2.7,35,Black,19,234,22,High
33.4,7.2,7.6,15,Brown,1,105,11,Moderate
26.0,8.5,4.3,10,Dark Green,14,190,108,Moderate
34.9,8.4,2.6,35,Brown,19,161,32,High
25.8,7.3,7.5,31,Dark Green,25,282,139,High
26.2,6.8,3.7,22,Dark Green,31,159,113,High
29.3,9.1,5.6,5,Black,18,177,113,High
33.6,9.0,5.5,24,Light Green,40,286,27,Moderate
26.3,9.2,6.8,15,Light Green,19,227,63,Moderate
33.5,9.4,4.0,7,Dark Green,22,201,25,High
32.0,8.0,3.3,22,Black,21,177,28,High
34.4,6.8,6.5,19,Brown,8,67,123,Moderate
31.5,7.8,3.5,31,Green,29,162,56,Moderate
31.4,7.4,4.0,30,Green,22,41,138,Moderate
31.2,7.2,4.4,19,Dark Green,0,38,135,Moderate
33.9,7.1,7.5,34,Green,26,21,58,Moderate
30.3,7.2,6.3,22,Black,22,157,100,Moderate
32.8,6.7,4.9,9,Dark Green,13,156,54,Moderate
25.0,9.2,5.0,16,Black,15,183,129,High
32.8,8.8,7.8,15,Light Green,1,217,4,Healthy
34.7,8.3,7.9,19,Green,15,72,125,Healthy
24.6,6.9,2.2,28,Black,31,289,141,High
26.0,7.5,4.6,29,Black,25,205,22,Moderate
24.9,7.4,5.8,32,Green,37,257,94,Moderate
25.8,9.5,2.5,21,Dark Green,12,43,21,High
26.7,7.1,7.7,13,Light Green,10,271,18,Healthy
34.7,7.4,7.8,26,Light Green,8,234,119,Moderate
30.3,8.5,4.8,26,Green,35,203,76,Moderate
29.6,8.9,7.2,9,Dark Green,36,60,15,Moderate
33.9,6.8,3.3,29,Brown,31,208,73,High
25.6,7.7,3.4,34,Brown,18,165,54,High
24.4,9.2,7.4,6,Black,27,268,134,High
32.0,8.2,4.1,30,Black,29,105,100,High
28.4,9.0,3.8,25,Light Green,5,299,7,Moderate
34.3,8.0,3.1,27,Black,0,77,2,High
31.8,6.7,2.9,16,Green,14,204,75,Moderate
24.5,8.4,4.3,31,Light Green,4,286,56,Healthy
30.5,7.7,2.2,13,Green,18,191,68,Moderate
26.4,9.3,6.3,6,Green,24,198,39,Moderate
28.2,8.1,7.6,28,Dark Green,11,66,5,Healthy
28.5,9.3,3.1,31,Black,19,236,120,High
32.5,9.0,8.0,8,Dark Green,36,265,95,Moderate
32.4,8.6,3.6,13,Black,28,274,116,High
26.6,9.1,7.7,34,Green,27,167,53,Moderate
27.7,9.1,7.7,33,Black,17,296,125,High
34.4,7.4,2.6,13,Dark Green,36,202,38,High
25.2,8.3,2.4,30,Black,5,252,36,High
31.8,7.6,5.9,11,Dark Green,13,250,99,Moderate
27.6,9.0,6.8,22,Green,9,197,6,Healthy
28.9,6.5,3.0,32,Brown,18,288,25,High
30.2,8.4,6.8,20,Black,32,264,102,Moderate
26.4,6.7,7.4,5,Dark Green,22,131,65,Moderate
27.3,9.0,6.1,10,Black,2,106,74,Moderate
28.7,7.5,7.5,32,Green,28,131,73,Healthy
31.0,6.7,7.2,10,Dark Green,0,199,26,Moderate
34.3,8.7,5.4,32,Black,31,54,112,High
33.3,9.3,4.2,16,Black,23,237,4,High
31.1,7.6,6.7,25,Black,3,97,136,Moderate
24.0,7.7,7.8,27,Light Green,15,68,116,Healthy
31.1,9.2,5.2,8,Black,10,272,48,Moderate
25.8,9.2,7.9,16,Black,11,61,148,High
33.3,7.5,4.2,27,Black,33,275,146,High
34.2,8.4,4.7,33,Dark Green,15,31,93,Moderate
31.2,7.6,4.6,5,Light Green,35,289,145,Moderate
32.8,8.9,2.4,33,Dark Green,7,28,149,High
33.5,7.3,3.0,11,Brown,40,264,87,High
31.7,8.7,5.6,22,Brown,37,263,141,Moderate
27.9,9.0,2.4,7,Dark Green,30,224,19,High
27.9,8.0,6.4,28,Green,35,267,112,Healthy
31.6,8.9,5.2,15,Green,29,168,80,Moderate
30.6,9.0,7.7,35,Brown,9,267,81,Healthy
24.1,6.9,6.2,28,Brown,30,124,81,High
33.2,7.6,4.4,7,Dark Green,19,104,85,High
26.6,9.1,3.9,11,Green,20,153,145,High
29.1,7.9,6.4,19,Green,29,156,114,Healthy
30.9,8.4,3.2,14,Brown,4,48,102,Moderate
25.7,9.2,3.2,22,Light Green,40,256,139,High
26.8,8.8,5.7,13,Black,17,38,72,Moderate
25.7,8.4,6.1,5,Light Green,34,57,79,Moderate
25.4,6.8,4.2,22,Green,21,215,135,High
33.2,9.3,6.5,5,Brown,1,196,81,Moderate
32.9,8.3,6.6,11,Brown,26,160,36,Moderate
24.7,8.6,4.1,24,Dark Green,11,56,106,Moderate
27.2,6.6,7.5,11,Light Green,37,161,132,Moderate
31.6,6.9,2.3,26,Black,4,61,127,High
26.2,8.3,5.9,21,Black,30,128,33,Moderate
26.3,8.0,3.8,14,Black,28,161,29,High
34.1,8.2,7.8,18,Black,18,292,96,High
33.0,8.3,4.9,34,Black,15,83,54,Moderate
27.4,7.8,2.3,23,Green,19,44,101,Moderate
34.0,6.6,7.5,20,Dark Green,19,285,147,High
26.8,7.1,4.1,13,Light Green,14,50,135,Healthy
34.1,7.4,5.4,8,Light Green,22,235,95,Moderate
30.6,8.9,3.0,23,Green,40,53,6,Moderate
32.4,8.2,7.1,18,Brown,26,46,131,Moderate
25.4,9.0,5.6,23,Green,18,101,26,Moderate
25.7,7.0,6.4,35,Black,32,38,107,High
25.8,8.0,3.9,24,Brown,16,262,88,High
31.7,8.9,6.1,31,Black,22,62,112,High
34.5,8.0,5.6,5,Green,28,125,43,Moderate
25.9,8.0,3.6,17,Brown,10,217,37,Moderate
31.7,7.9,4.3,7,Green,2,161,111,Healthy
31.9,7.7,7.5,24,Light Green,33,242,84,Moderate
33.8,7.7,2.0,8,Light Green,31,204,138,High
24.3,8.8,5.1,35,Brown,40,147,98,Moderate
29.2,8.8,5.3,10,Black,40,103,28,Moderate
31.3,9.2,7.1,28,Black,18,119,11,High
25.7,8.7,4.8,10,Brown,20,223,25,High
29.7,7.0,5.6,8,Light Green,31,81,79,Moderate
28.2,7.9,7.7,15,Light Green,22,162,113,Healthy
32.1,8.0,6.8,19,Black,28,102,57,Moderate
25.2,8.4,2.9,27,Green,18,219,80,High
32.2,8.1,4.9,30,Black,25,254,15,High
29.4,8.5,3.8,15,Light Green,8,108,32,Moderate
31.0,7.6,2.0,23,Brown,38,149,140,Moderate
28.3,6.9,2.5,15,Brown,15,236,147,Moderate
28.0,6.6,3.1,23,Black,6,208,43,High
24.3,6.8,6.2,31,Black,18,154,108,High
25.6,8.9,7.1,9,Light Green,8,153,10,Moderate
29.5,9.4,4.1,7,Dark Green,26,45,87,High
27.2,7.9,7.8,16,Black,22,179,90,Moderate
29.1,7.4,5.0,31,Black,25,100,114,Moderate
25.3,8.5,4.3,20,Light Green,34,136,78,Moderate
32.9,6.8,6.5,25,Green,32,211,105,Moderate
24.5,9.2,7.2,8,Green,13,129,57,Moderate
30.7,8.3,4.1,30,Black,3,252,27,Moderate
33.0,6.7,3.8,23,Dark Green,38,95,120,High
27.8,9.0,7.2,9,Green,1,271,127,Healthy
26.3,8.0,2.4,10,Brown,8,47,74,Moderate
29.8,9.4,5.0,22,Green,8,50,65,Healthy
31.2,6.9,4.6,6,Dark Green,16,108,50,High
30.2,8.6,7.2,12,Green,12,127,111,Healthy
31.1,7.4,4.1,18,Dark Green,32,192,33,High
32.0,9.2,3.3,26,Brown,24,38,47,High
27.6,9.3,3.0,13,Brown,18,185,24,High
30.6,7.7,8.0,20,Green,11,136,59,Healthy
33.1,9.4,4.3,19,Green,39,130,115,High
30.5,9.1,5.3,17,Light Green,21,147,22,Moderate
25.7,8.7,2.6,35,Green,8,214,125,Moderate
24.0,9.2,4.4,15,Green,28,52,24,High
26.2,7.4,4.9,12,Black,7,22,15,Moderate
24.3,7.6,2.0,33,Light Green,24,221,127,High
29.2,7.3,2.1,6,Dark Green,12,103,37,Moderate
27.0,8.8,4.1,18,Brown,33,144,51,Moderate
26.6,9.4,3.3,7,Dark Green,28,187,61,High
31.4,6.7,7.1,13,Brown,6,106,48,Moderate
27.6,7.2,4.3,8,Brown,24,116,13,Moderate
28.7,8.4,5.8,35,Black,29,47,93,Moderate
32.2,8.2,4.1,25,Dark Green,33,240,50,Moderate
33.3,9.4,2.3,13,Green,0,154,138,Moderate
26.7,6.6,7.0,25,Green,7,234,56,Healthy
25.7,8.8,6.1,7,Dark Green,31,260,78,High
28.9,6.6,7.0,25,Black,1,211,61,Moderate
32.2,8.3,5.1,29,Green,0,139,16,Healthy
32.5,7.9,4.5,5,Light Green,1,233,140,Healthy
32.7,8.9,2.4,10,Brown,31,141,34,High
25.6,9.2,6.2,13,Green,8,282,129,Moderate
27.2,7.8,3.6,30,Green,28,21,117,Moderate
34.6,7.2,5.1,24,Dark Green,40,279,114,High
30.7,6.7,7.0,33,Light Green,8,259,57,Healthy
32.6,7.0,5.9,17,Green,23,254,103,Moderate
24.2,9.4,3.3,33,Dark Green,8,55,44,High
26.9,8.4,2.5,24,Black,19,40,150,High
33.8,7.5,5.7,12,Dark Green,36,138,48,Moderate
28.6,9.4,2.5,23,Dark Green,34,220,93,High
31.5,9.2,7.8,11,Black,31,207,131,High
29.5,9.5,6.4,6,Black,12,127,37,Moderate
28.4,7.5,4.9,9,Dark Green,9,55,74,Moderate
24.1,7.3,6.2,8,Brown,1,176,124,Moderate
30.6,9.3,4.9,20,Light Green,1,136,38,Healthy
29.0,7.1,6.9,14,Brown,39,23,146,Moderate
24.5,8.8,2.3,20,Light Green,6,157,122,Moderate
29.2,7.3,7.8,28,Black,28,60,138,Moderate
30.1,8.0,5.1,32,Brown,0,55,117,Healthy
25.2,7.6,6.1,34,Dark Green,6,298,74,Moderate
33.1,8.3,4.8,31,Dark Green,3,47,94,Moderate
26.9,8.2,7.6,34,Brown,20,257,14,Moderate
30.9,7.3,7.7,31,Black,5,150,50,Moderate
32.4,6.6,5.1,17,Brown,15,95,1,Moderate
29.5,8.2,2.1,24,Black,20,292,15,High
30.9,9.2,2.7,29,Light Green,23,142,75,High
32.6,8.2,6.9,24,Dark Green,33,164,12,Moderate
26.6,6.8,4.8,6,Light Green,12,165,83,Moderate
28.9,7.7,3.4,26,Black,36,118,20,High
24.1,8.9,2.1,25,Black,38,267,83,High
32.5,9.0,7.3,32,Brown,38,210,58,Moderate
33.7,9.1,7.5,8,Light Green,33,38,128,Moderate
27.1,9.1,5.9,21,Light Green,21,299,86,Moderate
27.8,6.9,6.7,25,Green,26,197,126,Moderate
25.5,8.9,6.9,30,Green,21,282,37,Moderate
31.9,8.8,6.2,20,Dark Green,10,274,148,Moderate
31.9,9.2,6.4,29,Green,7,128,108,Moderate
26.2,6.5,3.9,14,Green,6,217,137,Moderate
24.7,9.2,2.5,29,Dark Green,21,46,124,High
27.9,9.2,5.3,11,Light Green,25,296,53,Moderate
30.7,7.7,6.4,9,Brown,12,193,78,Healthy
28.5,9.5,6.2,5,Green,29,193,127,Moderate
28.9,6.7,6.9,7,Black,27,169,76,High
26.8,8.9,7.3,32,Black,34,20,21,Moderate
31.7,6.7,3.5,6,Light Green,30,139,22,High
27.3,8.5,6.1,18,Dark Green,17,242,135,Moderate
34.9,8.7,5.0,20,Green,0,193,56,Healthy
24.3,7.4,4.1,31,Black,11,211,40,High
32.1,8.3,6.8,29,Brown,16,192,84,Moderate
32.9,7.8,5.0,23,Light Green,19,290,121,Moderate
26.7,9.2,2.5,12,Dark Green,12,208,65,High
24.7,9.2,3.5,9,Light Green,39,171,17,High
29.2,7.1,4.7,10,Dark Green,9,209,96,Moderate
34.5,8.7,4.4,31,Light Green,31,271,79,Moderate
25.5,6.6,2.7,10,Green,16,283,54,High
34.7,6.6,4.0,12,Light Green,5,92,35,Moderate
34.8,9.2,5.2,16,Black,33,298,21,High
28.9,6.8,7.2,25,Dark Green,32,79,34,Moderate
30.1,9.3,2.7,15,Black,38,105,33,High
34.2,8.7,7.0,14,Black,27,88,37,High
26.2,9.3,6.6,8,Black,9,161,68,Moderate
31.2,7.9,7.0,28,Brown,27,153,112,Moderate
32.3,8.5,2.8,35,Black,27,217,53,High
29.8,8.7,2.4,23,Light Green,25,100,21,Moderate
29.8,6.8,7.7,22,Black,21,105,40,High
27.1,8.0,5.2,6,Light Green,17,217,46,Healthy
30.2,8.0,3.5,13,Brown,0,42,143,Moderate
29.6,7.3,6.0,21,Brown,29,262,103,Moderate
31.4,6.9,6.4,33,Dark Green,29,143,59,High
30.6,8.0,6.4,19,Green,20,59,64,Healthy
33.1,8.4,4.4,7,Brown,8,224,53,Moderate
24.6,6.8,3.6,26,Black,10,74,85,High
31.2,7.8,5.3,22,Brown,35,59,94,Moderate
29.2,7.1,6.5,21,Light Green,20,32,6,Moderate
27.4,6.7,3.6,24,Green,36,20,35,High
26.4,7.4,7.6,11,Brown,6,99,126,Healthy
25.9,9.5,6.0,14,Brown,29,164,27,High
29.3,8.0,6.2,24,Brown,20,154,14,Moderate
27.6,8.4,7.7,9,Light Green,37,180,15,Healthy
34.1,7.5,2.4,15,Black,34,214,49,High
32.2,9.2,3.7,5,Light Green,0,217,124,Moderate
24.6,6.5,4.1,30,Green,11,137,2,Moderate
34.1,6.7,7.1,25,Brown,0,79,127,Moderate
26.6,8.3,6.4,15,Green,30,213,89,Healthy
28.2,7.5,5.2,22,Brown,8,111,115,Healthy
27.1,6.9,5.3,9,Brown,20,264,32,Moderate
27.4,6.5,6.7,14,Black,28,210,19,High
31.3,8.9,7.8,26,Light Green,27,172,84,Moderate
33.6,9.1,7.1,13,Green,33,197,16,Moderate
28.2,7.8,6.0,28,Light Green,1,168,2,Healthy
25.0,8.5,3.0,28,Brown,35,171,141,High
32.2,8.2,4.3,34,Green,21,45,50,Moderate
25.0,9.3,7.8,9,Green,11,276,141,Moderate
32.4,9.3,6.8,6,Black,37,33,60,High
30.8,9.1,3.1,16,Black,35,120,119,High
24.4,9.3,2.0,35,Dark Green,9,93,34,High
32.2,8.3,2.5,30,Dark Green,23,53,141,High
30.8,6.6,4.9,8,Dark Green,28,147,5,High
31.4,8.6,5.9,26,Dark Green,13,146,72,Moderate
26.7,8.2,3.5,24,Green,19,265,124,Moderate
33.1,9.4,7.7,24,Brown,16,207,145,High
31.6,7.5,3.0,21,Dark Green,37,147,144,High
26.2,7.9,2.6,8,Dark Green,38,285,132,High
33.9,8.5,6.4,31,Black,40,117,30,High
27.6,9.2,6.1,29,Green,27,212,112,Moderate
25.3,7.9,4.0,30,Green,18,221,10,Moderate
27.0,7.8,2.9,20,Black,0,227,28,Moderate
34.3,8.0,4.8,32,Green,2,56,115,Healthy
25.7,8.8,4.6,15,Light Green,12,154,117,Moderate
33.5,9.1,3.8,25,Light Green,11,52,100,High
29.6,8.4,7.5,28,Dark Green,5,63,102,Healthy
31.3,7.4,7.6,30,Black,24,52,33,High
30.9,7.4,2.6,32,Light Green,37,71,71,Moderate
30.5,7.7,6.6,31,Black,1,20,2,Healthy
26.9,8.3,4.8,14,Brown,8,30,55,Healthy
32.7,7.4,7.5,31,Light Green,0,57,43,Healthy
26.0,7.7,5.8,15,Dark Green,12,257,63,Healthy
34.3,7.7,6.5,19,Dark Green,17,168,104,Moderate
29.7,9.0,6.0,29,Green,11,20,69,Healthy
24.3,7.4,2.3,24,Brown,19,227,43,High
32.8,7.9,4.3,30,Dark Green,28,195,54,Moderate
30.2,8.6,3.6,9,Green,27,198,75,Moderate
25.1,8.7,2.4,18,Green,16,87,121,High
31.6,8.4,7.8,31,Brown,24,86,59,Moderate
25.0,7.6,7.9,30,Black,19,247,60,High
27.2,8.0,4.8,10,Green,27,277,106,Moderate
32.8,6.6,4.6,7,Light Green,9,243,97,Moderate
30.9,7.7,7.4,25,Light Green,11,86,107,Healthy
26.9,8.8,6.7,8,Green,37,234,6,Moderate
30.3,7.4,8.0,34,Brown,11,109,29,Healthy
28.0,8.8,4.6,35,Dark Green,40,250,31,Moderate
27.2,7.0,2.5,22,Black,40,50,74,High
27.8,8.0,3.8,35,Brown,17,71,64,Moderate
24.3,6.6,8.0,16,Black,4,172,53,Moderate
31.2,7.5,7.4,12,Light Green,12,107,54,Healthy
33.9,6.7,2.3,15,Light Green,9,20,142,High
24.4,6.9,3.9,17,Black,13,256,35,High
25.0,7.4,5.5,5,Light Green,21,244,50,Moderate
26.2,7.2,5.6,28,Green,25,192,150,Moderate
31.1,7.1,2.3,14,Light Green,25,283,5,High
24.4,9.2,5.2,13,Dark Green,34,67,78,High
32.5,7.8,6.6,11,Dark Green,10,64,139,Moderate
26.3,8.6,2.9,8,Brown,25,140,9,High
24.7,7.4,7.4,15,Black,2,271,8,Moderate
30.9,8.3,4.0,22,Light Green,31,43,68,Moderate
24.0,7.6,2.9,22,Dark Green,25,60,65,High
34.8,7.0,4.1,16,Green,3,245,124,Moderate
31.2,6.7,7.5,20,Black,39,56,91,High
28.9,7.0,3.3,13,Light Green,35,51,73,Moderate
30.8,8.3,2.6,9,Dark Green,39,76,139,High
34.4,7.9,4.8,8,Dark Green,28,223,18,High
31.3,9.3,2.1,29,Black,33,207,29,High
32.7,9.1,6.6,29,Black,2,90,43,Moderate
28.5,7.6,6.1,14,Dark Green,29,144,96,Moderate
26.7,8.5,3.1,12,Light Green,36,117,19,Moderate
30.9,7.7,5.0,17,Green,17,28,144,Healthy
27.5,8.0,5.5,31,Dark Green,0,173,121,Healthy
24.5,8.1,3.3,27,Dark Green,24,146,150,High
33.8,7.6,2.9,29,Brown,28,45,32,High
25.7,8.8,7.9,5,Green,33,231,70,Moderate
28.0,9.4,4.9,27,Black,24,92,71,High
24.9,9.0,7.9,30,Dark Green,33,66,103,High
31.6,6.8,5.9,19,Green,14,22,129,Moderate
33.2,8.5,3.4,18,Light Green,18,48,24,High
28.9,7.2,2.5,22,Light Green,14,289,27,Moderate
28.7,8.2,3.2,6,Light Green,5,227,50,Healthy
24.7,8.2,3.0,27,Brown,29,233,30,High
28.9,8.8,3.3,5,Green,9,171,29,Moderate
34.5,7.2,7.2,21,Green,40,172,85,Moderate
26.2,9.1,6.4,29,Dark Green,13,286,144,Moderate
29.9,6.8,2.1,26,Light Green,27,198,79,High
31.8,8.6,2.9,15,Green,40,127,125,High
24.0,7.3,5.7,16,Green,9,78,132,Moderate
33.0,6.7,5.3,20,Brown,20,121,149,Moderate
32.5,7.5,4.7,9,Light Green,19,179,117,Moderate
34.5,8.1,5.3,31,Black,36,170,147,High
24.3,9.3,5.5,16,Light Green,4,30,57,Moderate
30.2,8.5,2.7,5,Brown,6,73,40,Moderate
25.1,8.8,5.6,17,Black,15,238,109,Moderate
28.4,8.8,4.9,12,Black,19,272,112,High
28.3,8.0,5.3,20,Green,16,128,3,Healthy
27.9,8.0,2.5,16,Light Green,12,102,89,Moderate
33.5,6.9,2.6,34,Dark Green,40,158,35,High
34.7,8.5,7.4,26,Light Green,18,144,130,Moderate
28.5,7.0,7.2,15,Black,16,158,142,Moderate
30.2,6.9,2.5,24,Dark Green,7,59,99,High
25.3,7.8,5.5,17,Black,17,110,39,High
31.0,9.1,3.1,27,Green,27,299,40,High
27.8,7.6,6.0,35,Dark Green,14,112,119,Healthy
33.1,8.6,2.1,15,Light Green,4,123,89,Moderate
25.0,7.6,4.7,21,Light Green,39,257,54,Moderate
35.0,9.3,4.1,24,Green,19,255,120,High
28.0,8.2,7.7,28,Dark Green,13,180,65,Healthy
30.9,7.2,5.0,29,Brown,5,292,54,Healthy
33.5,9.1,3.7,26,Dark Green,37,96,23,High
25.6,6.6,4.4,7,Brown,33,71,98,High
29.6,7.3,7.8,10,Black,10,235,85,Moderate
30.9,8.5,4.8,16,Light Green,4,241,66,Healthy
26.3,7.8,2.2,14,Green,10,228,73,Moderate
34.2,8.5,2.8,14,Dark Green,22,44,75,High
30.6,8.0,4.7,25,Brown,37,86,22,Moderate
34.5,8.4,4.6,29,Black,21,294,150,High
27.5,9.0,7.4,5,Light Green,31,226,131,Moderate
29.5,6.6,3.1,30,Green,15,171,71,Moderate
33.9,8.4,3.6,7,Green,11,183,135,Moderate
27.0,8.7,5.9,20,Dark Green,33,299,51,Moderate
28.8,6.6,2.5,17,Brown,31,131,53,High
30.5,6.6,6.8,17,Dark Green,14,194,145,Moderate
32.8,9.0,5.7,7,Brown,22,221,15,Moderate
24.5,6.7,2.1,20,Green,32,225,24,High
27.6,6.7,7.0,25,Green,32,32,94,Moderate
26.2,7.7,6.2,19,Black,37,226,1,Moderate
26.0,8.7,6.3,11,Brown,23,153,60,Moderate
26.7,8.2,4.6,29,Green,15,261,76,Healthy
24.3,7.9,7.9,27,Dark Green,38,101,56,Moderate
30.9,7.6,5.7,30,Brown,24,233,5,Moderate
25.6,6.7,6.8,33,Black,25,111,125,High
29.8,9.1,2.9,16,Green,16,136,143,High
27.2,8.2,6.4,19,Light Green,24,32,150,Healthy
24.1,6.7,5.5,19,Black,19,250,53,High
34.2,8.1,7.1,19,Dark Green,10,112,18,Moderate
34.2,8.9,7.4,24,Brown,5,63,4,Moderate
24.7,7.7,4.5,10,Black,12,35,115,Moderate
26.6,7.9,5.0,21,Black,4,34,117,Healthy
34.3,7.1,6.6,17,Black,23,126,125,High
31.7,6.6,5.0,8,Dark Green,0,295,14,Moderate
31.2,7.7,6.1,20,Green,6,262,92,Healthy
34.2,9.0,6.9,31,Dark Green,27,247,146,High
32.7,9.1,2.8,21,Brown,7,234,69,High
27.8,7.3,4.7,18,Dark Green,28,229,24,Moderate
30.7,9.0,4.7,17,Brown,31,34,121,Moderate
25.3,7.7,3.1,7,Light Green,21,108,141,High
24.7,8.8,2.4,24,Black,15,176,46,High
29.7,9.0,3.9,20,Light Green,27,177,39,Moderate
33.5,9.1,5.0,5,Dark Green,25,203,114,High
29.2,8.9,2.1,22,Green,19,27,2,Moderate
30.1,9.1,7.8,17,Black,4,239,124,Moderate
28.3,8.8,5.1,12,Dark Green,6,165,13,Moderate
25.1,8.4,7.6,31,Black,11,110,67,Moderate
24.4,8.1,2.4,30,Black,13,201,150,High
26.1,7.8,4.5,22,Green,17,269,30,Moderate
30.3,7.3,3.2,22,Dark Green,23,225,33,High
26.6,9.0,5.5,6,Dark Green,40,117,133,Moderate
27.3,8.1,3.6,12,Dark Green,31,49,59,High
27.1,8.0,2.7,20,Black,28,133,67,High
34.3,8.4,2.8,35,Green,37,169,22,High
29.7,8.2,3.4,10,Black,24,206,104,High
27.9,9.4,4.9,24,Light Green,16,61,65,Moderate
28.8,9.2,3.3,24,Green,8,82,70,Moderate
25.9,7.6,2.9,24,Dark Green,5,160,113,Moderate
31.5,9.3,7.3,21,Black,11,225,92,Moderate
29.0,6.6,2.0,33,Green,6,172,98,Moderate
29.7,7.3,3.2,21,Light Green,25,115,11,Moderate
28.4,7.1,2.3,21,Brown,3,180,99,Moderate
29.7,7.4,7.4,8,Light Green,11,129,55,Healthy
34.1,8.2,6.9,12,Dark Green,27,84,39,Moderate
27.7,7.7,4.0,10,Dark Green,27,186,65,Moderate
24.5,6.8,3.9,8,Light Green,12,32,89,High
27.5,6.5,4.7,25,Green,5,44,128,Healthy
25.8,8.1,3.1,33,Dark Green,4,92,82,Moderate
30.2,9.4,7.3,32,Light Green,21,31,148,Moderate
29.4,7.3,5.3,30,Light Green,37,78,27,Moderate
26.0,7.0,5.4,33,Green,31,59,28,Moderate
33.3,8.8,4.4,28,Dark Green,30,193,28,High
30.7,6.5,2.4,21,Black,21,150,73,High
34.9,7.2,5.1,35,Dark Green,40,260,70,High
30.6,9.1,4.9,22,Black,39,129,103,High
30.6,7.6,5.4,11,Brown,39,181,135,Moderate
32.9,8.3,5.4,21,Dark Green,39,71,117,Moderate
26.4,8.3,5.9,14,Light Green,21,121,23,Healthy
29.9,9.4,2.3,5,Green,1,282,79,Moderate
24.2,8.7,5.6,22,Brown,32,201,132,Moderate
31.5,7.0,2.5,28,Green,27,50,72,High
32.5,7.8,5.7,14,Dark Green,16,23,11,Moderate
35.0,7.4,2.5,19,Light Green,37,139,79,High
26.5,7.4,2.2,7,Green,38,297,47,Moderate
24.5,9.5,2.9,28,Brown,12,51,40,High
34.4,6.8,5.0,8,Green,6,257,109,Moderate
27.2,9.3,4.7,18,Black,17,103,7,High
32.2,6.7,5.7,16,Black,18,248,50,High
24.2,9.0,4.7,25,Green,28,28,40,Moderate
25.5,7.2,4.2,26,Brown,16,282,139,High
31.1,8.5,4.1,13,Light Green,14,188,128,Healthy
26.7,8.6,5.2,12,Green,26,47,140,Moderate
31.2,7.2,5.8,27,Brown,38,32,142,Moderate
24.9,7.0,4.6,31,Black,6,174,87,High
24.7,7.9,7.3,16,Dark Green,28,228,141,Moderate
24.4,9.4,5.5,32,Black,22,116,114,High
24.2,8.2,6.9,15,Light Green,17,96,33,Moderate
25.3,7.7,3.4,7,Brown,18,115,144,High
29.3,8.3,6.4,10,Light Green,9,144,103,Healthy
34.0,8.8,6.2,9,Dark Green,24,129,115,High
24.9,7.9,7.4,18,Black,30,71,2,High
29.6,9.4,6.1,16,Black,29,208,102,High
28.5,7.4,3.9,32,Dark Green,18,236,3,High
24.9,8.5,5.6,13,Green,24,288,87,Moderate
27.1,8.7,3.6,23,Black,34,60,2,High
33.5,9.5,7.8,33,Black,35,23,130,High
26.8,6.9,7.2,21,Brown,27,104,26,Moderate
31.6,7.9,3.9,8,Dark Green,33,152,85,High
34.1,7.8,5.3,31,Brown,2,89,124,Healthy
31.2,8.5,4.0,21,Light Green,35,263,120,Moderate
24.8,6.7,5.3,10,Black,34,244,12,High
32.2,8.4,7.7,16,Brown,33,222,66,Moderate
33.2,6.5,5.3,15,Light Green,26,292,86,Moderate
34.1,8.2,6.4,28,Light Green,2,246,41,Healthy
30.4,9.1,4.0,27,Black,24,116,81,High
28.2,8.0,7.2,9,Green,3,54,84,Healthy
32.6,8.9,4.7,31,Black,15,243,97,Moderate
32.4,6.8,6.9,11,Light Green,12,294,37,Moderate
32.9,9.2,3.1,23,Dark Green,14,178,53,High
25.3,7.6,2.9,23,Light Green,6,299,102,Moderate
33.2,7.9,3.0,14,Light Green,28,104,5,High
24.1,8.0,5.8,31,Light Green,2,111,141,Healthy
25.7,8.7,6.0,15,Black,40,106,37,High
33.9,7.4,2.6,26,Dark Green,7,97,76,High
24.9,7.9,6.1,35,Dark Green,34,82,40,Moderate
34.4,9.2,6.5,8,Black,25,120,35,High
33.7,9.4,4.4,20,Green,11,206,125,Moderate
31.8,7.4,5.4,24,Brown,33,179,61,Moderate
34.4,7.7,6.7,25,Black,28,262,104,High
27.4,8.9,2.0,20,Light Green,2,122,140,Moderate
26.2,7.5,2.3,21,Light Green,34,26,53,Moderate
33.3,9.1,2.6,29,Dark Green,22,216,59,High
28.4,7.6,5.3,19,Brown,13,178,118,Healthy
29.2,8.4,3.5,34,Brown,25,230,1,Moderate
28.0,9.2,2.0,18,Green,9,247,149,Moderate
31.2,7.0,3.7,23,Green,12,108,13,Moderate
33.0,6.8,2.9,6,Light Green,16,192,105,High
30.9,7.3,7.7,10,Dark Green,32,48,75,Moderate
24.4,7.8,2.7,19,Light Green,34,264,63,High
34.7,8.4,5.6,32,Green,19,23,113,Moderate
25.6,7.7,6.0,12,Dark Green,19,43,33,Moderate
33.8,7.9,6.2,7,Dark Green,10,230,60,Moderate
26.0,6.7,7.3,14,Dark Green,31,212,3,Moderate
27.3,8.5,7.8,26,Dark Green,23,213,10,Moderate
33.2,7.1,7.6,11,Dark Green,30,173,73,High
25.3,8.1,7.6,28,Brown,40,68,37,Moderate
34.0,7.1,5.7,11,Dark Green,23,129,19,High
34.7,8.5,5.0,14,Brown,26,53,118,Moderate
26.4,8.4,2.2,18,Black,30,105,38,High
29.4,8.9,6.3,7,Brown,12,93,53,Healthy
25.8,7.6,6.0,30,Green,7,263,138,Healthy
34.7,7.4,4.1,21,Green,20,24,67,Moderate
25.4,7.4,7.9,10,Black,6,117,23,Moderate
28.9,6.6,4.7,10,Light Green,30,99,4,Moderate
26.6,6.9,2.7,23,Light Green,30,149,61,High
24.8,8.0,3.7,35,Light Green,14,173,60,Moderate
32.1,9.2,2.1,18,Black,13,209,5,High
32.4,8.1,5.6,5,Green,11,223,38,Healthy
24.0,6.6,5.3,34,Brown,16,102,7,High
34.5,9.4,4.9,24,Brown,29,271,5,High
33.4,6.9,2.9,33,Dark Green,23,148,23,High
26.6,6.8,4.6,20,Brown,32,52,137,Moderate
25.7,8.9,4.7,13,Light Green,31,300,77,Moderate
32.7,7.8,3.5,6,Black,17,264,146,High
27.5,7.8,2.6,25,Light Green,0,236,43,Healthy
26.9,8.2,6.7,6,Light Green,15,296,31,Healthy
33.6,6.8,5.0,30,Brown,5,45,88,Moderate
24.1,8.2,2.2,17,Brown,31,234,7,High
33.7,8.6,3.5,15,Dark Green,26,104,122,High
29.7,7.1,2.5,21,Brown,27,206,64,High
31.6,7.7,5.5,20,Brown,10,127,16,Healthy
31.5,7.7,5.3,12,Light Green,33,127,128,Moderate
25.8,6.7,3.1,21,Green,19,243,35,High
24.8,7.8,3.9,14,Green,9,268,102,Moderate
26.4,8.4,8.0,7,Dark Green,13,163,5,Healthy
34.9,8.7,4.5,16,Light Green,29,138,150,Moderate
31.9,7.3,5.6,18,Green,6,123,97,Healthy
31.5,8.9,7.9,24,Dark Green,0,293,76,Moderate
34.7,8.9,4.5,14,Light Green,11,135,94,Moderate
26.7,7.1,4.8,31,Green,13,236,130,Healthy
29.2,6.5,2.0,18,Light Green,25,200,123,High
28.3,7.4,2.1,32,Green,18,206,3,Moderate
26.6,9.0,6.8,25,Black,10,269,129,Moderate
32.3,9.3,4.4,22,Green,37,215,128,Moderate
27.5,7.9,3.0,22,Brown,4,88,61,Moderate
28.8,6.5,4.7,14,Dark Green,22,121,10,High
30.0,6.9,3.2,32,Black,17,59,108,High
33.3,8.3,7.0,26,Green,29,198,103,Moderate
29.9,6.6,3.3,7,Brown,36,260,56,High
30.5,9.4,2.9,23,Green,25,91,94,High
29.4,9.2,3.2,13,Black,18,193,43,High
31.2,9.1,6.2,20,Green,19,287,148,Moderate
28.5,7.5,4.9,5,Brown,30,41,145,Moderate
28.5,8.2,4.3,23,Light Green,25,231,34,Moderate
26.3,9.1,3.2,14,Dark Green,13,202,89,High
24.3,9.1,7.3,21,Brown,9,188,1,Moderate
32.1,8.8,7.6,28,Dark Green,0,41,3,Moderate
33.6,8.5,4.9,11,Brown,12,156,42,Moderate
24.4,6.9,7.3,24,Black,1,165,128,Moderate
34.4,7.8,6.4,17,Dark Green,32,257,104,Moderate
26.7,8.8,4.6,22,Dark Green,15,237,52,Moderate
29.5,9.1,7.2,29,Black,28,150,137,High
35.0,8.3,6.0,31,Green,34,94,37,Moderate
32.1,9.4,4.7,30,Black,29,107,90,High
26.9,8.2,7.1,34,Dark Green,25,35,101,Moderate
31.1,9.3,7.7,26,Green,22,254,68,Moderate
28.8,8.2,4.1,15,Brown,25,225,1,Moderate
30.9,7.4,2.0,25,Dark Green,10,237,139,Moderate
29.8,7.8,5.8,9,Light Green,0,76,63,Healthy
34.2,6.5,2.9,31,Light Green,3,210,79,Moderate
30.2,8.9,2.5,13,Brown,7,100,115,Moderate
28.0,8.1,7.5,28,Green,7,57,62,Healthy
31.8,9.1,2.3,24,Light Green,7,83,34,Moderate
32.5,9.0,2.8,22,Brown,16,176,109,High
25.3,6.6,2.9,24,Light Green,19,183,102,High
29.4,7.5,6.1,10,Light Green,33,106,147,Healthy
34.4,9.4,4.9,10,Green,13,54,75,Moderate
27.2,7.1,5.5,35,Brown,31,136,127,Moderate
25.2,7.8,2.9,32,Black,2,91,140,High
26.5,8.1,3.3,6,Black,11,144,30,Moderate
28.8,8.2,4.9,25,Green,9,245,39,Healthy
28.6,7.4,6.6,25,Light Green,15,264,46,Healthy
34.6,6.9,5.6,25,Brown,5,221,91,Moderate
32.4,6.8,3.8,17,Light Green,22,221,148,High
25.4,8.1,5.9,13,Dark Green,14,112,125,Moderate
29.8,8.3,5.8,29,Dark Green,15,194,2,Healthy
30.2,8.8,3.2,21,Light Green,29,297,63,Moderate
32.2,8.6,7.6,27,Dark Green,14,35,149,Moderate
26.2,6.9,3.3,24,Brown,17,287,17,High
31.3,9.0,6.0,18,Brown,28,126,6,Moderate
27.7,9.3,4.9,6,Green,20,153,8,Moderate
24.0,8.9,3.3,26,Light Green,34,32,15,High
31.2,6.9,2.9,24,Light Green,18,111,33,High
33.2,7.0,3.0,35,Dark Green,3,292,96,High
28.9,8.2,4.6,30,Brown,26,141,96,Moderate
33.0,9.3,7.2,30,Light Green,26,129,34,Moderate
27.9,6.9,4.5,8,Black,10,258,58,Moderate
29.5,8.8,7.5,16,Green,31,297,38,Moderate
27.4,8.6,4.0,20,Dark Green,27,237,36,Moderate
24.7,9.1,2.0,24,Black,36,73,16,High
33.5,6.7,4.6,29,Dark Green,16,159,142,High
30.3,9.4,3.4,29,Black,33,242,129,High
24.2,7.7,2.3,27,Brown,20,30,49,High
28.9,8.7,4.9,31,Black,6,51,119,Moderate
32.3,8.6,6.6,19,Green,39,46,21,Moderate
33.1,7.3,6.7,29,Brown,34,217,118,Moderate
34.1,7.9,3.2,20,Green,38,292,73,High
27.8,8.1,7.2,15,Brown,32,154,95,Moderate
27.9,9.3,6.3,31,Brown,10,151,76,Moderate
26.5,8.8,6.7,31,Light Green,25,203,46,Moderate
25.8,9.3,6.8,9,Light Green,18,129,19,Moderate
31.9,8.7,3.6,27,Dark Green,12,45,114,High
25.2,8.9,2.2,21,Dark Green,37,127,32,High
33.6,9.2,7.5,23,Brown,22,285,36,High
26.1,8.2,6.0,14,Green,33,179,65,Healthy
27.6,6.8,7.1,18,Green,36,291,5,Moderate
31.0,7.6,5.1,34,Dark Green,35,27,143,Moderate
28.3,7.3,6.6,5,Dark Green,5,249,138,Healthy
28.2,6.8,6.0,17,Green,10,30,25,Healthy
30.7,8.2,3.2,9,Brown,31,72,81,Moderate
31.2,7.2,4.6,6,Brown,26,140,108,Moderate
33.8,8.4,7.0,20,Brown,26,228,30,Moderate
32.0,6.8,2.4,14,Black,15,210,51,High
31.2,7.4,2.8,21,Green,35,74,141,High
25.9,8.7,3.7,21,Black,19,49,61,High
27.5,6.7,6.0,21,Light Green,8,128,60,Healthy
25.6,7.3,4.4,19,Black,5,134,60,Moderate
30.4,8.1,6.6,22,Green,35,229,28,Healthy
25.5,8.2,3.9,13,Dark Green,16,57,99,High
25.0,6.9,5.6,16,Green,10,192,40,Moderate
30.2,7.3,7.9,15,Dark Green,37,182,45,Moderate
32.4,9.4,5.1,9,Light Green,30,230,59,Moderate
28.4,8.4,7.5,32,Black,24,218,123,Moderate
25.7,7.0,5.8,25,Green,10,32,21,Moderate
30.7,9.5,7.5,20,Light Green,36,238,99,Moderate
29.7,9.5,6.7,14,Green,22,91,28,Moderate
30.9,8.3,4.1,31,Brown,11,148,134,Healthy
34.7,8.5,6.2,20,Green,0,44,135,Healthy
27.7,9.4,5.3,10,Dark Green,6,117,127,Moderate
25.6,6.8,5.3,5,Light Green,9,102,149,Moderate
34.9,9.4,4.7,35,Brown,13,108,17,Moderate
32.0,7.7,7.3,15,Brown,30,186,57,Moderate
28.7,7.7,3.9,12,Dark Green,30,181,120,High
34.5,8.9,5.3,35,Light Green,5,63,1,Healthy
33.1,7.3,2.1,13,Green,12,72,14,Moderate
32.2,6.6,5.5,34,Green,5,158,19,Healthy
28.8,8.1,6.1,12,Light Green,6,103,89,Healthy
32.0,6.6,5.0,25,Green,30,38,66,Moderate
25.9,7.0,2.3,13,Brown,13,100,78,High
26.2,7.8,7.2,10,Light Green,0,160,40,Healthy
31.6,8.5,7.0,28,Brown,39,54,19,Moderate
30.5,6.6,7.4,11,Dark Green,3,110,95,Moderate
34.9,7.1,3.0,22,Green,37,220,101,High
30.0,9.3,3.5,32,Green,17,228,35,High
33.6,8.2,6.1,26,Light Green,0,179,32,Healthy
26.6,7.5,2.7,28,Light Green,29,232,70,Moderate
26.8,8.1,6.5,15,Light Green,20,281,11,Healthy
32.5,7.3,6.8,28,Green,22,241,46,Moderate
33.1,6.8,6.4,28,Light Green,2,254,105,Moderate
29.2,7.3,2.2,31,Black,3,49,94,Moderate
29.5,8.7,2.2,18,Black,24,170,129,High
27.7,9.1,3.7,33,Black,26,181,40,High
32.5,8.4,6.2,32,Light Green,15,271,141,Healthy
24.8,8.9,6.0,9,Light Green,30,235,11,Moderate
28.9,8.4,2.3,33,Brown,24,186,14,Moderate
24.4,6.5,4.6,35,Brown,21,164,55,High
26.2,9.0,5.2,15,Black,6,34,84,Moderate
33.8,8.5,4.3,30,Green,24,129,10,Moderate
26.7,7.6,6.3,17,Green,31,207,51,Healthy
34.5,7.9,5.7,22,Black,36,139,55,High
31.7,8.5,2.9,19,Black,35,29,141,High
29.8,9.4,5.7,18,Light Green,26,202,107,Moderate
28.1,8.6,2.4,23,Brown,13,152,34,Moderate
30.1,8.7,5.1,5,Green,7,263,148,Healthy
33.3,7.1,2.9,7,Dark Green,20,194,83,High
31.0,9.1,7.6,6,Black,17,176,63,High
25.3,7.3,7.2,32,Dark Green,33,158,40,High
34.2,9.1,3.5,25,Green,39,268,99,High
24.5,9.3,8.0,33,Green,30,57,97,Moderate
25.6,9.0,4.5,19,Brown,35,37,99,High
30.1,7.4,5.8,13,Green,11,87,105,Healthy
24.7,7.9,2.9,27,Dark Green,33,21,34,High
30.4,7.1,2.6,24,Dark Green,33,92,45,High
29.4,7.9,7.7,19,Light Green,38,63,85,Healthy
24.9,9.0,7.2,21,Black,28,60,23,High
26.6,7.9,6.5,21,Green,1,196,112,Healthy
31.4,6.7,3.5,17,Black,22,69,146,High
32.3,6.9,2.6,26,Light Green,18,217,21,High
24.2,6.8,3.8,11,Brown,7,86,74,High
32.1,7.5,5.2,28,Black,5,66,81,Moderate
26.0,7.6,7.8,6,Green,17,161,127,Healthy
30.7,9.2,6.1,15,Brown,17,64,40,Moderate
28.6,7.6,3.6,33,Light Green,28,250,83,Moderate
32.9,7.5,3.8,12,Green,19,176,74,Moderate
28.0,8.3,5.8,25,Dark Green,39,200,103,Moderate
27.8,7.6,4.1,28,Light Green,17,68,131,Moderate
27.2,9.5,4.7,21,Brown,4,247,31,Moderate
32.8,6.9,5.9,15,Green,25,182,90,Moderate
24.8,8.6,6.0,31,Light Green,18,112,107,Moderate
29.5,6.6,4.7,7,Black,18,235,120,High
34.4,7.3,5.6,32,Black,7,193,150,Moderate
24.8,7.3,3.6,29,Black,3,38,12,High
30.2,7.8,6.2,22,Light Green,16,47,72,Healthy
34.8,7.7,7.8,25,Black,0,61,115,Moderate
26.2,8.5,5.4,29,Brown,26,147,149,Moderate
27.9,8.8,7.0,8,Brown,20,279,1,Moderate
33.7,9.5,2.1,12,Brown,7,266,49,High
32.5,7.1,6.7,28,Dark Green,25,154,61,Moderate
34.2,7.9,5.1,23,Brown,23,49,146,Moderate
24.1,8.2,2.1,11,Black,31,190,141,High
30.3,7.9,4.4,17,Black,24,63,69,Moderate
24.8,9.0,3.5,17,Dark Green,19,261,11,High
31.9,7.3,4.0,10,Black,8,49,56,Moderate
27.2,7.8,3.3,34,Brown,23,299,104,Moderate
31.6,8.2,2.6,17,Black,24,274,141,High
27.0,9.2,4.5,16,Green,7,139,26,Moderate
29.3,7.9,6.0,31,Dark Green,24,156,117,Moderate
33.8,9.2,2.2,19,Light Green,5,159,142,Moderate
24.7,6.7,2.3,13,Brown,34,63,20,High
35.0,7.1,4.9,31,Green,17,174,120,Moderate
31.7,8.7,2.5,7,Brown,26,84,140,High
30.5,8.5,4.1,30,Dark Green,1,136,32,Healthy
29.2,7.3,4.2,25,Brown,7,93,113,Moderate
30.1,8.3,6.3,21,Green,10,286,13,Healthy
30.4,9.4,6.8,29,Green,35,55,71,Moderate
34.9,6.8,3.2,5,Green,37,169,52,High
34.3,7.7,7.5,21,Black,32,178,122,High
33.6,9.4,6.6,12,Light Green,39,271,130,Moderate
33.3,6.8,6.7,24,Light Green,29,44,102,Moderate
32.3,9.0,2.7,5,Black,37,203,101,High
32.3,7.0,2.8,6,Dark Green,2,155,45,Moderate
33.6,7.8,3.2,7,Green,33,261,42,High
31.1,8.5,2.3,14,Green,8,129,47,Moderate
34.0,9.1,7.4,28,Brown,19,112,27,High
29.9,6.5,2.5,29,Light Green,31,214,105,High
24.8,8.0,5.5,30,Dark Green,11,220,23,Moderate
30.6,7.6,4.5,14,Green,12,271,41,Healthy
31.5,6.8,7.8,9,Dark Green,25,177,144,High
26.9,7.8,6.6,14,Green,4,63,36,Healthy
24.8,9.5,4.4,15,Dark Green,21,265,22,High
29.6,9.2,6.1,20,Dark Green,25,78,61,Moderate
27.3,7.5,3.0,30,Brown,38,34,135,Moderate
32.5,8.4,2.9,7,Dark Green,16,74,125,High
25.5,8.8,7.5,12,Brown,21,231,103,Moderate
32.5,9.4,3.2,34,Black,27,134,49,High
24.9,6.9,2.9,23,Black,12,127,58,High
25.1,7.0,5.2,22,Green,34,102,142,Moderate
33.2,9.2,3.7,34,Light Green,38,216,60,High
30.8,8.4,4.0,34,Brown,22,247,33,Moderate
24.9,7.4,3.3,27,Black,0,114,127,High
30.9,8.7,5.7,23,Light Green,26,80,141,Moderate
34.0,8.7,2.1,32,Dark Green,15,256,90,High
25.1,9.0,6.2,5,Black,12,220,37,Moderate
28.7,7.7,5.2,10,Green,15,66,134,Healthy
30.2,8.8,4.3,6,Light Green,17,265,123,Moderate
31.6,6.5,5.9,27,Green,3,143,34,Healthy
34.8,9.0,3.4,32,Dark Green,17,63,85,High
33.9,7.6,4.4,32,Brown,33,131,118,Moderate
31.4,8.6,7.7,22,Green,15,171,101,Healthy
24.8,8.2,3.8,31,Brown,11,188,116,Moderate
26.1,7.3,3.1,5,Black,31,160,78,High
26.7,8.2,7.3,15,Black,29,43,120,Moderate
25.9,7.5,4.6,28,Brown,39,149,98,Moderate
34.4,8.5,2.3,17,Black,14,211,150,High
25.1,7.5,3.9,17,Black,18,97,131,High
34.3,7.3,4.2,27,Brown,2,70,64,Moderate
31.3,9.1,5.1,31,Black,37,258,92,High
26.6,7.5,5.9,21,Black,4,210,49,Healthy
26.1,8.8,5.8,21,Black,36,220,62,Moderate
31.1,8.9,7.7,16,Light Green,31,161,100,Moderate
26.2,8.5,5.9,9,Dark Green,29,239,85,Moderate
30.4,8.5,6.8,9,Green,2,254,28,Healthy
29.1,8.0,7.6,23,Light Green,22,251,92,Healthy
29.0,7.0,2.5,29,Green,18,297,135,Moderate
25.1,6.9,6.4,11,Brown,15,89,27,Moderate
31.0,7.2,3.3,6,Green,37,172,77,Moderate
30.2,7.3,6.7,26,Light Green,1,105,143,Healthy
27.1,7.3,3.9,20,Green,4,187,55,Moderate
25.2,8.7,3.2,12,Dark Green,4,72,79,High
32.1,9.3,3.8,6,Dark Green,34,131,16,High
24.3,7.3,7.5,23,Black,2,251,126,Moderate
25.0,8.4,3.4,20,Green,10,117,58,Moderate
25.2,8.8,6.9,13,Brown,6,160,109,Moderate
30.1,7.1,3.5,10,Green,35,146,22,Moderate
27.6,7.3,3.6,9,Green,26,84,15,Moderate
32.6,9.1,7.0,26,Black,3,245,118,Moderate
30.3,9.3,3.2,25,Black,20,216,141,High
25.5,6.9,6.7,14,Light Green,18,256,124,Moderate
27.2,7.4,7.0,30,Black,2,293,11,Moderate
28.2,8.0,4.8,35,Dark Green,1,260,126,Healthy
32.3,7.9,5.1,17,Light Green,6,243,57,Healthy
30.4,8.8,6.4,13,Dark Green,31,186,31,Moderate
33.6,7.9,7.1,33,Light Green,28,195,150,Moderate
28.5,8.4,4.8,10,Black,9,132,74,Moderate
26.4,7.3,6.7,31,Green,35,160,111,Moderate
28.0,8.7,5.2,13,Black,31,127,3,Moderate
28.9,8.3,2.2,15,Light Green,5,65,128,Healthy
24.8,6.7,5.0,21,Green,28,77,34,Moderate
30.8,7.5,7.3,15,Black,23,252,91,Moderate
30.2,8.4,5.8,31,Brown,3,217,144,Healthy
27.4,8.2,7.0,7,Black,31,83,69,Moderate
29.7,7.6,3.1,6,Black,18,294,22,High
26.0,6.6,3.3,34,Light Green,11,175,50,Moderate
28.1,9.1,2.6,19,Green,8,115,28,Moderate
30.6,7.4,2.7,9,Brown,24,58,10,High
32.9,7.2,6.9,9,Dark Green,39,99,132,Moderate
33.4,7.2,3.3,25,Dark Green,5,236,55,High
26.7,6.9,7.6,9,Dark Green,40,172,97,Moderate
32.9,8.4,5.2,12,Dark Green,13,105,3,Moderate
27.0,8.7,5.5,6,Green,32,150,138,Moderate
30.3,8.6,6.6,20,Light Green,11,40,69,Healthy
33.5,9.3,2.1,16,Black,13,246,143,High
27.3,9.1,6.2,24,Brown,27,137,55,Moderate
31.8,7.3,5.1,29,Light Green,16,85,113,Moderate
27.5,9.4,4.0,18,Dark Green,14,179,147,Moderate
26.3,7.4,5.0,12,Black,35,166,124,Moderate
25.4,8.4,4.2,20,Brown,13,289,129,Moderate
29.8,7.8,7.7,7,Black,13,157,79,Moderate
34.8,9.5,2.9,33,Green,9,111,78,High
34.6,8.8,3.5,30,Dark Green,4,207,43,High
26.5,7.6,5.2,11,Brown,14,220,75,Healthy
28.4,7.9,2.3,32,Brown,36,94,137,Moderate
34.7,7.3,6.6,7,Green,25,163,1,Moderate
34.7,7.7,7.0,10,Brown,34,75,14,Moderate
33.7,7.8,3.3,34,Green,36,177,145,High
33.9,8.3,2.4,27,Black,19,53,50,High
26.8,7.2,5.2,34,Light Green,15,50,126,Healthy
32.9,8.5,7.6,5,Black,6,189,55,Moderate
25.6,8.1,7.7,31,Green,17,138,142,Moderate
34.7,7.9,7.6,14,Green,35,212,69,Moderate
29.0,6.7,5.1,22,Brown,24,41,80,Moderate
28.6,8.4,4.8,18,Dark Green,11,65,76,Moderate
34.5,6.9,6.0,34,Black,5,101,31,Moderate
34.3,9.0,2.9,19,Green,20,280,62,High
24.4,8.2,6.4,24,Brown,28,39,52,Moderate
24.4,9.0,7.6,6,Light Green,19,81,121,Moderate
25.2,9.0,4.8,31,Brown,13,266,68,Moderate
28.0,7.6,2.8,22,Black,10,88,82,Moderate
29.3,6.7,4.0,12,Brown,10,172,145,Moderate
26.9,7.5,6.2,23,Brown,11,82,90,Healthy
25.1,8.4,7.3,32,Light Green,1,274,125,Healthy
24.4,8.4,2.5,29,Light Green,2,145,87,Moderate
25.3,7.0,7.2,6,Dark Green,28,35,53,High
25.5,9.0,4.9,30,Black,32,111,21,High
25.7,7.0,4.3,11,Black,4,223,29,Moderate
26.4,8.0,4.7,12,Black,32,29,111,Moderate
34.9,6.8,4.7,14,Green,25,213,134,High
28.2,8.4,7.4,5,Brown,11,183,111,Healthy
29.5,7.7,3.5,31,Brown,24,168,136,Moderate
26.3,8.1,4.6,8,Light Green,15,272,107,Healthy
26.9,7.2,7.6,6,Light Green,37,41,72,Moderate
31.6,7.7,3.4,11,Light Green,27,282,125,Moderate
32.9,6.8,7.1,18,Green,6,272,16,Moderate
24.6,7.2,3.1,9,Brown,7,282,3,High
31.3,8.3,2.6,33,Dark Green,40,245,72,High
34.9,9.1,5.2,22,Brown,27,99,98,High
34.2,8.3,5.0,34,Light Green,1,240,108,Healthy
28.8,7.2,7.2,8,Dark Green,24,155,77,Moderate
33.8,6.5,4.2,24,Dark Green,31,141,107,High
26.0,9.4,7.8,20,Dark Green,26,239,116,Moderate
34.6,8.9,5.6,9,Brown,17,71,7,Moderate
27.2,7.5,7.0,9,Brown,4,148,97,Healthy
30.6,9.1,5.0,35,Green,0,124,16,Healthy
30.2,9.0,4.5,16,Light Green,1,109,99,Healthy
29.0,7.5,4.2,24,Black,36,275,127,Moderate
28.4,6.7,5.5,17,Black,0,86,31,Moderate
24.7,8.6,7.8,8,Dark Green,23,216,24,High
24.6,9.2,5.5,22,Green,14,127,34,Moderate
31.4,9.1,4.3,6,Light Green,23,247,41,Moderate
24.2,7.1,5.1,17,Brown,20,259,31,Moderate
30.7,8.1,6.1,12,Light Green,34,50,4,Healthy
31.2,7.7,3.6,8,Green,0,293,47,Moderate
27.7,9.0,4.7,27,Brown,9,218,91,Moderate
24.2,9.1,3.2,34,Dark Green,14,274,48,High
24.7,7.2,6.8,9,Brown,31,149,102,Moderate
31.0,8.3,6.7,20,Green,24,164,18,Healthy
34.8,7.2,6.5,7,Green,39,273,116,Moderate
29.1,9.4,5.1,17,Brown,30,105,47,Moderate
25.3,8.9,7.3,9,Green,0,45,81,Healthy
33.6,8.7,5.9,17,Light Green,29,43,4,Moderate
27.1,8.3,6.9,21,Brown,3,264,6,Healthy
24.3,9.3,6.8,31,Black,23,292,115,High
26.8,8.8,2.6,11,Dark Green,30,226,145,High
31.0,8.3,4.2,25,Green,16,43,137,Moderate
34.2,9.3,2.0,29,Dark Green,9,259,95,High
25.1,7.6,3.5,17,Black,20,299,95,High
32.2,7.5,2.7,16,Dark Green,30,57,21,High
28.4,8.0,4.6,24,Light Green,34,191,16,Moderate
27.3,7.3,7.6,6,Light Green,3,194,136,Healthy
28.7,7.8,3.4,11,Black,17,109,2,High
24.0,9.3,3.1,8,Brown,11,161,146,High
32.1,7.1,3.0,11,Green,35,209,18,High
32.6,8.0,7.0,15,Brown,17,73,33,Moderate
26.3,9.2,4.0,35,Black,19,78,49,High
27.6,8.7,2.5,31,Green,36,103,68,Moderate
31.2,7.0,7.5,30,Brown,34,68,82,Moderate
26.0,9.4,4.6,7,Green,16,233,150,Moderate
34.0,7.9,5.6,16,Dark Green,3,285,106,Moderate
33.7,9.2,6.4,24,Light Green,34,177,36,Moderate
29.7,6.8,6.9,23,Brown,1,232,71,Healthy
26.8,9.3,2.4,8,Green,6,267,115,Moderate
28.4,8.2,4.1,34,Dark Green,11,239,4,Moderate
29.8,8.0,4.6,19,Light Green,40,51,8,Moderate
27.7,8.0,4.4,29,Green,21,176,100,Moderate
24.2,7.5,6.7,34,Green,17,52,39,Moderate
34.0,8.7,7.9,17,Black,20,67,95,High
27.1,8.0,5.7,13,Black,11,194,30,Moderate
25.2,7.1,7.4,35,Green,23,263,52,Moderate
29.3,9.0,3.7,8,Green,26,78,67,Moderate
28.8,9.0,2.2,13,Black,34,204,109,High
34.4,6.7,2.4,22,Dark Green,24,264,97,High
26.6,8.4,3.3,13,Light Green,24,128,142,Moderate
28.0,8.4,7.7,20,Light Green,12,54,143,Healthy
33.4,8.3,7.1,33,Dark Green,24,63,133,Moderate
31.2,7.4,6.1,13,Light Green,33,99,8,Moderate
24.2,6.9,6.5,19,Dark Green,39,129,60,High
24.2,7.3,4.4,10,Green,8,263,52,Moderate
33.3,6.8,6.5,6,Green,34,104,11,Moderate
34.1,6.5,7.5,18,Dark Green,35,172,101,High
31.5,7.9,3.2,34,Black,2,274,79,Moderate
33.1,8.4,3.6,14,Brown,20,280,81,High
31.8,8.9,2.2,35,Light Green,6,27,3,Moderate
26.9,8.6,5.7,32,Light Green,22,142,18,Moderate
27.3,6.9,2.3,34,Green,29,138,126,High
27.5,8.0,2.1,17,Dark Green,20,184,20,High
25.6,7.1,4.1,20,Light Green,7,281,132,Moderate
29.5,6.8,3.4,10,Black,4,169,103,High
33.9,9.3,3.5,6,Green,7,295,63,High
29.1,6.8,2.5,18,Black,26,162,40,High
28.3,7.6,7.3,12,Green,6,287,129,Healthy
24.1,8.0,2.7,14,Light Green,36,290,124,High
24.8,9.0,3.4,24,Green,14,209,19,Moderate
27.6,9.0,7.3,11,Brown,22,256,120,Moderate
24.9,7.2,4.7,14,Brown,33,252,47,High
28.4,9.4,8.0,18,Brown,15,125,123,Moderate
32.1,8.7,3.7,35,Dark Green,28,223,123,High
30.9,7.9,3.7,12,Brown,16,123,76,Moderate
26.8,9.5,5.9,21,Green,2,52,92,Healthy
29.1,9.4,5.6,28,Light Green,2,186,118,Healthy
24.6,8.4,6.6,8,Light Green,18,171,66,Moderate
31.6,8.7,4.6,5,Light Green,36,33,115,Moderate
28.3,8.3,4.6,5,Light Green,24,122,60,Moderate
28.3,9.3,2.2,7,Brown,18,274,86,High
27.5,9.0,3.6,14,Dark Green,25,160,120,High
28.1,8.3,6.9,33,Green,1,275,138,Healthy
33.5,7.8,4.6,33,Brown,1,179,6,Moderate
30.3,9.1,5.6,12,Black,10,98,104,Moderate
26.8,8.1,2.8,9,Green,3,142,49,Healthy
29.1,8.2,4.5,26,Black,40,28,147,Moderate
29.4,8.2,4.1,9,Dark Green,35,118,104,Moderate
33.7,7.3,7.9,13,Green,28,164,6,Moderate
33.1,7.5,3.7,19,Green,29,256,46,High
33.0,7.0,3.6,10,Dark Green,36,204,141,High
29.2,7.2,4.4,18,Green,1,174,19,Healthy
34.8,9.0,2.9,25,Brown,12,217,142,High
27.4,8.2,3.6,19,Brown,2,59,54,Moderate
27.8,7.8,5.1,18,Black,5,224,112,Healthy
32.5,8.1,7.7,29,Green,17,230,112,Moderate
24.7,8.0,6.6,14,Dark Green,24,180,147,Moderate
33.3,8.3,7.1,30,Light Green,34,43,122,Moderate
27.7,7.1,7.0,7,Brown,3,131,77,Healthy
29.1,9.1,2.5,27,Brown,30,293,62,High
28.4,8.3,2.8,34,Brown,11,43,135,Moderate
34.2,7.1,3.5,10,Brown,31,57,14,High
25.9,8.4,5.1,29,Brown,21,21,140,Moderate
33.3,7.0,6.2,19,Green,13,99,4,Moderate
24.9,8.5,3.2,6,Dark Green,2,60,126,Moderate
34.9,7.6,2.0,27,Green,30,116,90,High
28.8,9.2,7.7,28,Black,13,192,126,Moderate
34.2,6.7,6.8,14,Dark Green,22,41,140,High
31.7,9.5,2.3,16,Green,24,180,25,High
25.6,9.0,6.8,6,Light Green,1,174,150,Healthy
29.3,7.0,4.5,22,Brown,18,280,64,Moderate
25.4,6.9,6.2,35,Green,30,143,72,Moderate
26.9,8.3,3.0,12,Dark Green,3,150,136,Moderate
25.3,8.2,7.5,12,Brown,21,92,139,Moderate
30.2,7.8,4.8,26,Dark Green,38,66,45,Moderate
32.8,9.0,6.1,11,Black,13,281,99,Moderate
26.5,7.1,5.1,6,Brown,17,35,97,Moderate
24.3,8.6,6.9,19,Black,36,86,115,High
29.3,8.1,4.2,23,Dark Green,7,240,39,Moderate
27.8,6.8,4.3,9,Brown,11,234,107,Moderate
25.2,8.8,4.5,8,Light Green,18,231,105,Moderate
25.6,9.0,5.1,32,Green,38,294,10,Moderate
28.9,9.1,6.2,20,Brown,8,251,125,Moderate
29.1,9.3,2.4,16,Light Green,39,117,111,High
25.0,8.1,3.7,20,Green,12,194,119,Moderate
27.5,8.7,6.8,35,Black,28,166,142,Moderate
29.6,7.2,5.8,15,Dark Green,28,246,22,Moderate
32.0,8.4,6.4,14,Dark Green,31,126,62,Moderate
25.4,7.4,4.7,22,Dark Green,9,109,121,Moderate
29.4,7.0,3.7,29,Light Green,29,117,107,Moderate
27.8,7.0,3.8,28,Green,16,53,79,Moderate
35.0,7.0,5.6,25,Light Green,9,118,89,Moderate
33.6,8.1,5.9,17,Black,35,57,144,High
26.7,8.9,5.7,31,Black,39,249,124,Moderate
34.0,8.5,3.2,24,Light Green,14,92,17,Moderate
26.8,7.2,7.7,17,Light Green,26,32,120,Moderate
26.8,7.6,6.9,35,Light Green,27,182,59,Healthy
28.8,8.4,3.2,26,Green,5,39,76,Healthy
30.6,7.9,6.6,23,Light Green,36,184,2,Healthy
33.4,7.4,7.8,22,Dark Green,2,226,104,Moderate
26.9,8.8,6.8,28,Dark Green,12,73,132,Moderate
30.2,7.2,3.0,10,Light Green,14,184,141,Moderate
29.7,7.9,4.1,6,Dark Green,34,133,69,Moderate
32.0,7.2,7.3,25,Light Green,32,265,135,Moderate
29.7,8.2,6.8,11,Brown,28,133,112,Moderate
28.0,8.3,4.3,14,Light Green,4,168,53,Healthy
32.6,8.0,7.4,14,Green,21,31,120,Moderate
24.3,8.9,3.3,23,Dark Green,26,286,105,High
32.1,9.0,4.0,30,Light Green,13,290,35,Moderate
24.5,7.5,3.5,29,Green,38,218,15,High
33.3,8.4,2.2,20,Green,25,48,111,High
32.8,8.5,4.4,30,Black,22,95,72,High
26.9,8.6,6.1,35,Black,25,32,5,Moderate
34.9,8.5,3.5,16,Light Green,21,198,30,High
25.6,8.3,2.7,24,Green,3,75,102,Moderate
31.5,8.2,4.7,26,Black,1,177,144,Moderate
33.1,7.7,3.6,18,Green,25,175,101,High
29.4,9.3,6.5,35,Dark Green,32,66,61,Moderate
24.6,6.6,4.8,6,Green,13,41,124,Moderate
29.8,9.2,3.8,34,Light Green,9,263,110,Moderate
26.0,9.3,7.8,12,Light Green,39,63,87,Moderate
34.0,9.5,3.0,22,Black,11,275,93,High
25.6,6.9,5.8,30,Green,6,39,105,Moderate
33.9,7.3,5.7,22,Light Green,17,299,47,Moderate
27.1,6.9,3.1,15,Green,25,171,110,High
33.7,8.5,4.4,7,Black,27,141,70,High
25.6,8.2,2.7,22,Light Green,20,210,133,High
32.0,6.9,2.1,22,Black,25,78,64,High
28.0,7.9,5.3,28,Brown,6,252,115,Healthy
29.3,9.0,3.6,20,Light Green,14,90,121,Moderate
24.8,8.3,5.3,24,Black,2,112,116,Moderate
33.2,9.2,3.0,16,Brown,1,58,26,High
33.8,8.2,7.2,5,Green,11,128,52,Healthy
32.7,6.5,3.3,15,Black,15,130,139,High
24.3,6.8,4.1,24,Dark Green,15,215,142,High
31.3,9.0,3.9,7,Light Green,34,170,65,High
24.6,6.9,5.3,26,Brown,11,285,10,Moderate
31.9,6.8,7.7,28,Brown,11,267,7,Moderate
33.5,8.5,5.4,21,Light Green,20,268,129,Moderate
30.2,7.9,5.4,8,Dark Green,9,175,135,Healthy
26.9,9.5,4.8,24,Green,35,270,69,Moderate
34.4,9.1,3.6,10,Dark Green,33,58,110,High
26.4,6.9,6.5,23,Light Green,22,215,3,Moderate
31.5,9.2,4.8,6,Light Green,21,198,11,Moderate
28.6,7.9,3.7,26,Brown,10,109,64,Moderate
24.5,8.0,4.8,9,Green,15,66,55,Moderate
30.2,8.7,3.3,7,Light Green,19,281,119,Moderate
31.6,9.1,3.3,29,Green,9,55,26,Moderate
28.4,8.6,7.7,35,Light Green,30,50,31,Moderate
27.0,7.0,5.0,32,Brown,39,157,133,Moderate
25.9,7.0,4.7,35,Black,37,200,37,High
30.5,8.8,7.1,14,Green,0,158,121,Healthy
27.6,8.1,7.6,7,Green,17,131,117,Healthy
24.6,8.6,6.4,35,Black,21,165,123,High
25.7,7.5,7.4,16,Dark Green,26,211,147,Moderate
34.1,7.1,5.9,7,Brown,0,152,108,Moderate
24.8,8.6,4.5,26,Black,12,284,83,High
27.7,9.2,5.5,7,Green,11,226,106,Healthy
24.3,7.1,4.6,31,Black,3,242,57,Moderate
25.4,6.9,7.1,20,Green,19,171,28,Moderate
30.3,6.9,3.5,34,Light Green,40,62,24,High
26.3,6.8,4.8,27,Black,25,120,11,High
33.5,6.5,5.8,5,Brown,20,272,88,High
34.5,9.3,6.9,12,Dark Green,4,207,72,Moderate
34.8,7.6,6.6,15,Black,0,76,147,Moderate
24.6,8.2,4.8,15,Light Green,32,128,67,Moderate
34.5,6.6,7.4,18,Brown,21,229,126,High
24.9,6.7,7.8,28,Dark Green,21,84,33,High
29.7,8.0,7.9,28,Black,18,104,102,Moderate
32.6,6.6,3.8,6,Green,4,133,125,Moderate
25.1,8.3,7.0,25,Black,33,175,31,High
33.5,6.9,3.6,18,Brown,16,108,139,High
27.1,7.8,6.6,27,Light Green,21,145,79,Healthy
24.2,7.0,2.1,18,Green,36,96,30,High
26.9,7.0,5.1,24,Green,11,268,9,Healthy
29.7,7.4,2.9,34,Black,14,110,2,High
34.4,7.4,7.8,31,Brown,7,172,48,Moderate
29.0,9.2,7.9,23,Green,24,214,114,Moderate
28.7,6.9,2.0,16,Light Green,13,144,146,Moderate
27.0,8.4,7.6,21,Dark Green,8,45,115,Healthy
24.7,8.4,3.4,25,Black,25,184,149,High
29.0,8.1,3.8,30,Dark Green,6,121,6,Moderate
31.2,7.7,6.2,35,Light Green,19,117,87,Moderate
31.1,8.5,2.1,24,Light Green,15,250,101,Moderate
30.8,8.0,7.7,16,Light Green,18,132,75,Healthy
30.9,8.6,6.0,18,Brown,10,48,44,Healthy
25.3,8.5,6.1,7,Green,19,60,75,Moderate
24.1,8.8,2.7,10,Light Green,34,292,110,High
28.3,7.6,7.7,26,Brown,4,192,3,Healthy
31.4,7.4,5.5,11,Green,30,80,101,Moderate
33.2,9.4,4.7,21,Green,25,288,39,High
30.2,7.5,3.8,15,Dark Green,40,163,116,High
25.7,6.9,6.6,16,Dark Green,35,222,7,High
31.6,8.7,5.0,33,Dark Green,31,154,8,Moderate
34.4,8.4,2.7,24,Black,1,194,62,High
24.1,7.4,6.5,9,Brown,20,282,73,Moderate
30.8,7.3,2.1,21,Light Green,17,118,44,Moderate
28.7,6.8,7.4,34,Brown,4,236,146,Healthy
26.9,8.9,6.2,11,Light Green,33,147,20,Moderate
29.4,8.6,4.5,25,Brown,13,214,44,Moderate
27.8,8.6,5.0,23,Light Green,22,122,127,Moderate
30.1,9.3,2.7,12,Green,1,195,32,Moderate
31.6,8.4,2.3,11,Green,29,49,118,Moderate
30.3,8.2,2.4,12,Green,1,108,65,Healthy
30.8,8.4,3.6,21,Dark Green,31,63,137,High
24.5,6.9,3.7,17,Green,28,235,27,High
31.7,7.6,4.9,35,Brown,34,85,50,Moderate
32.2,9.3,3.8,6,Brown,30,255,120,High
34.6,6.9,2.8,25,Black,5,253,61,High
24.4,7.5,8.0,33,Black,27,99,68,High
29.5,7.0,7.0,35,Green,39,123,98,Moderate
30.0,8.4,7.6,25,Green,12,165,145,Healthy
30.3,9.1,4.2,21,Light Green,19,117,88,Moderate
32.9,6.5,7.0,25,Green,20,293,140,Moderate
32.8,7.6,4.6,26,Brown,4,232,91,Healthy
26.7,7.7,3.1,15,Brown,16,169,33,Moderate
33.9,8.4,5.6,35,Light Green,15,159,103,Healthy
29.7,8.8,6.6,30,Green,27,292,112,Moderate
27.2,9.0,6.6,8,Light Green,3,220,59,Healthy
32.1,8.1,4.0,29,Light Green,40,281,27,Moderate
26.3,7.4,5.7,21,Black,16,171,105,Moderate
30.0,7.4,6.9,31,Dark Green,20,224,76,Moderate
33.0,9.4,5.0,13,Green,23,190,77,Moderate
31.2,7.1,5.8,12,Black,28,281,121,High
31.4,8.7,4.8,6,Brown,38,180,95,Moderate
32.6,7.4,2.2,32,Light Green,2,95,95,Moderate
24.5,7.3,7.2,32,Light Green,24,112,15,Moderate
31.0,9.0,7.6,17,Black,10,218,135,Moderate
28.7,8.4,4.5,21,Dark Green,27,48,125,Moderate
27.1,7.7,7.4,21,Light Green,18,252,42,Healthy
27.9,7.7,2.7,29,Black,32,48,141,High
26.4,6.7,5.8,26,Brown,6,260,21,Moderate
33.7,6.8,3.6,17,Dark Green,27,170,22,High
25.6,8.4,6.1,31,Green,11,135,10,Healthy
28.8,6.5,6.9,20,Brown,7,266,113,Moderate
25.4,8.6,7.0,16,Dark Green,20,111,135,High
32.4,6.8,7.1,9,Black,39,101,109,High
26.9,9.5,6.6,26,Light Green,29,171,143,Moderate
31.5,8.0,7.2,35,Dark Green,36,196,8,Moderate
26.0,7.9,5.8,33,Light Green,31,30,140,Healthy
25.8,8.8,6.4,26,Light Green,29,283,112,Moderate
34.4,7.3,2.6,13,Dark Green,21,52,80,High
24.5,6.5,5.7,8,Black,35,140,110,High
25.4,7.6,7.8,32,Black,34,121,56,High
31.5,9.5,5.8,8,Green,36,64,70,Moderate
24.8,7.0,2.8,26,Light Green,17,101,14,High
29.6,8.3,7.2,11,Green,39,253,8,Healthy
34.3,6.9,7.7,17,Brown,16,205,124,High
25.8,8.5,6.5,13,Brown,1,77,65,Healthy
30.0,9.2,4.5,19,Black,13,112,2,Moderate
26.7,6.8,7.4,6,Dark Green,15,199,19,Moderate
31.7,8.8,2.6,31,Black,25,205,14,High
27.9,8.0,2.1,17,Green,25,295,150,Moderate
32.6,7.8,4.2,23,Brown,1,142,91,Healthy
30.7,8.3,6.5,20,Light Green,7,218,92,Healthy
32.8,8.1,6.4,30,Green,36,183,119,Moderate
28.0,7.5,3.2,32,Green,31,30,136,Moderate
28.5,8.3,3.1,27,Black,16,226,13,High
32.0,8.6,6.5,15,Dark Green,30,26,64,Moderate
27.7,6.7,7.2,10,Black,3,256,39,Moderate
32.2,8.4,5.6,21,Brown,15,118,64,Healthy
32.2,7.1,2.1,27,Black,13,78,67,High
27.2,8.9,7.4,28,Brown,21,239,5,Moderate
33.4,8.7,7.6,12,Dark Green,24,167,62,High
26.6,8.9,3.9,29,Dark Green,25,156,54,High
26.3,9.0,2.8,35,Dark Green,11,275,93,Moderate
27.9,6.7,5.1,8,Black,38,36,88,High
33.8,8.5,4.5,23,Dark Green,32,278,49,High
31.7,6.5,6.6,22,Green,3,82,60,Healthy
25.3,7.5,5.7,32,Dark Green,26,191,83,Moderate
32.4,7.2,3.0,29,Brown,2,163,134,Moderate
31.0,8.3,4.2,6,Dark Green,35,86,42,Moderate
32.1,6.6,4.0,6,Black,32,175,60,High
26.5,8.2,2.4,17,Light Green,21,23,49,Moderate
31.5,7.0,7.8,7,Green,16,263,2,Moderate
32.6,6.5,5.7,24,Dark Green,19,129,60,High
34.3,6.5,6.4,13,Dark Green,7,193,46,Moderate
30.4,9.0,7.0,25,Brown,7,275,87,Healthy
26.0,7.8,6.5,28,Brown,38,52,31,Moderate
31.7,9.1,3.4,20,Light Green,15,118,30,Moderate
25.9,6.6,5.8,32,Brown,4,210,127,Moderate
24.7,9.4,7.4,19,Green,5,199,127,Moderate
26.1,8.5,3.6,31,Light Green,7,73,111,Moderate
28.3,8.3,7.1,14,Light Green,35,58,36,Healthy
29.3,9.0,3.5,22,Black,12,205,18,High
32.6,8.7,6.6,22,Dark Green,9,156,40,Moderate
24.8,7.5,4.9,17,Dark Green,1,255,146,Moderate
33.2,9.0,4.0,30,Brown,26,88,66,High
34.1,9.2,5.5,30,Light Green,25,218,113,Moderate
33.0,9.2,3.6,27,Brown,9,47,97,High
24.3,9.5,4.7,20,Dark Green,28,56,78,High
32.2,6.6,4.7,22,Green,25,121,138,Moderate
25.7,8.1,3.0,12,Black,23,208,79,High
28.0,6.6,7.9,7,Green,38,75,3,Moderate
27.2,9.0,3.5,25,Dark Green,16,292,20,High
33.8,7.2,3.8,29,Black,40,202,70,High
32.7,7.8,5.6,22,Brown,36,185,68,Moderate
27.5,8.1,5.1,19,Green,0,188,115,Healthy
24.1,7.3,5.2,31,Light Green,39,56,35,Moderate
27.6,8.4,7.7,15,Light Green,23,124,36,Healthy
31.9,8.1,4.5,24,Green,9,162,77,Healthy
29.5,7.2,5.3,27,Brown,29,110,1,Moderate
24.2,9.1,3.5,19,Green,38,180,71,High
31.6,8.9,2.4,5,Black,26,167,140,High
24.5,7.3,4.5,9,Brown,21,37,44,High
34.4,6.8,6.9,15,Green,36,139,12,Moderate
31.0,6.6,6.0,18,Brown,11,32,103,Moderate
30.0,9.4,7.8,30,Brown,4,177,45,Healthy
28.2,7.4,2.5,9,Light Green,34,212,65,Moderate
24.1,6.5,2.6,27,Black,10,155,4,High
25.2,8.3,3.1,25,Dark Green,40,169,135,High
33.6,8.9,2.5,34,Dark Green,0,199,86,High
33.8,7.9,3.3,32,Light Green,12,82,70,Moderate
25.1,9.1,6.7,19,Brown,14,287,132,Moderate
30.9,7.6,5.4,18,Dark Green,33,131,98,Moderate
33.8,7.9,7.5,31,Dark Green,11,57,1,Moderate
33.6,7.3,3.8,14,Light Green,28,47,21,High
27.0,8.8,3.3,22,Dark Green,21,199,4,High
27.2,7.9,5.4,12,Black,3,40,150,Healthy
34.6,7.0,6.4,11,Brown,8,96,76,Moderate
28.4,7.0,3.8,26,Dark Green,35,113,112,High
26.8,9.4,4.3,30,Light Green,35,69,133,Moderate
26.9,8.3,3.1,18,Brown,40,33,11,Moderate
32.9,9.3,7.6,10,Black,2,247,140,Moderate
32.3,7.2,2.1,10,Green,29,157,12,High
24.3,6.6,3.2,17,Light Green,30,100,62,High
33.6,6.7,5.9,6,Black,39,133,102,High
32.3,9.2,3.2,30,Light Green,6,164,144,Moderate
26.5,9.1,3.1,23,Light Green,33,298,100,High
25.6,8.3,4.5,19,Brown,40,264,123,Moderate
31.3,6.9,4.4,11,Light Green,25,67,81,Moderate
34.0,6.7,3.5,26,Green,23,78,89,High
29.2,8.2,3.9,15,Black,26,198,31,High
28.5,8.0,6.0,9,Black,3,290,145,Healthy
29.6,8.1,3.7,21,Brown,38,67,108,Moderate
30.3,6.5,3.0,14,Light Green,6,41,117,Moderate
24.1,8.1,2.3,28,Light Green,33,50,33,High
26.2,9.1,4.8,29,Brown,1,225,38,Moderate
33.8,8.6,3.4,9,Brown,10,136,72,High
26.3,8.1,3.3,6,Green,17,164,137,Moderate
29.1,7.8,5.8,19,Dark Green,12,232,71,Healthy
26.9,8.9,3.3,19,Light Green,37,261,92,Moderate
28.9,6.7,6.9,13,Light Green,17,193,71,Moderate
28.4,9.4,5.5,6,Dark Green,14,141,82,Moderate
26.0,6.9,2.7,32,Green,40,274,67,High
24.2,7.8,3.5,5,Light Green,39,101,129,High
32.6,7.3,3.3,17,Green,21,69,128,High
25.1,6.7,3.5,25,Dark Green,12,190,50,High
25.0,9.0,4.2,28,Brown,33,55,4,High
33.8,6.9,5.5,9,Dark Green,15,90,90,Moderate
30.5,8.0,3.6,30,Brown,23,44,83,Moderate
25.6,8.4,3.0,6,Black,34,168,78,High
30.4,6.6,5.9,16,Black,30,187,63,High
26.7,8.1,6.6,16,Green,5,36,86,Healthy
26.6,7.0,2.1,20,Brown,15,199,120,Moderate
25.0,7.0,2.1,7,Green,20,37,28,High
26.2,8.7,7.6,6,Dark Green,15,124,48,Moderate
30.6,8.1,6.6,17,Black,4,250,38,Healthy
24.9,7.7,5.7,23,Light Green,35,240,47,Moderate
31.1,7.2,8.0,23,Brown,13,99,93,Moderate
26.0,8.5,3.0,7,Black,2,245,21,Moderate
25.2,6.9,2.1,9,Dark Green,11,110,18,High
27.5,7.5,3.8,32,Black,11,201,105,Moderate
25.5,6.8,6.8,5,Light Green,24,61,53,Moderate
24.9,7.0,6.6,24,Dark Green,23,41,150,High
34.4,7.3,3.8,26,Brown,0,155,127,Moderate
32.7,6.8,6.1,17,Green,29,89,67,Moderate
34.2,9.1,2.1,13,Light Green,27,88,71,High
29.2,7.9,3.9,29,Dark Green,25,244,18,High
25.6,8.6,3.4,15,Brown,20,69,72,High
28.9,8.1,5.6,16,Brown,20,68,22,Moderate
24.3,9.4,7.7,11,Green,17,49,110,Moderate
25.7,7.7,3.3,28,Light Green,1,238,93,Moderate
30.9,8.1,7.5,27,Brown,17,188,28,Moderate
32.6,9.4,6.6,22,Black,36,101,146,High
29.5,9.4,6.6,9,Black,35,185,18,High
28.0,7.4,2.7,11,Light Green,3,173,119,Moderate
27.6,9.2,4.6,29,Black,37,93,20,High
27.2,8.6,5.1,25,Dark Green,1,260,91,Healthy
30.5,8.4,3.3,20,Brown,12,206,80,Moderate
32.2,6.7,3.3,5,Black,10,164,41,High
26.5,8.3,6.1,11,Light Green,31,156,33,Healthy
31.8,9.4,3.6,25,Light Green,6,68,115,Moderate
29.3,8.6,7.3,31,Dark Green,39,88,32,Moderate
30.7,8.9,6.0,25,Green,11,121,51,Healthy
29.5,8.9,7.1,26,Green,9,109,98,Healthy
33.9,6.6,7.8,26,Green,36,199,116,Moderate
32.0,7.1,4.2,14,Green,21,289,87,Moderate
26.4,8.8,4.1,21,Black,3,38,76,Moderate
26.3,7.9,6.9,23,Black,15,277,32,Moderate
33.3,7.2,2.1,17,Green,23,254,146,High
31.5,7.3,6.5,23,Dark Green,34,147,56,Moderate
25.0,8.9,3.0,11,Black,27,73,56,High
34.8,9.3,7.5,16,Black,11,52,17,High
29.4,8.1,3.0,28,Light Green,16,207,75,Moderate
26.5,9.1,2.2,16,Green,4,172,58,Moderate
31.1,9.2,3.6,34,Brown,13,35,109,High
28.9,6.5,3.3,32,Black,35,220,2,High
34.5,7.3,6.0,20,Dark Green,33,21,91,High
25.9,7.3,6.4,34,Black,2,144,110,Moderate
27.5,7.0,5.3,30,Light Green,0,282,13,Healthy
28.1,6.9,5.9,30,Black,4,98,6,Moderate
25.3,8.0,7.9,20,Dark Green,1,253,59,Moderate
33.5,7.6,4.2,26,Dark Green,22,184,33,High
28.0,7.1,2.9,20,Black,37,272,109,High
26.9,7.4,7.6,11,Light Green,9,228,138,Healthy
28.9,6.8,7.3,20,Brown,24,195,146,Moderate
27.9,9.4,7.9,22,Brown,15,188,26,Moderate
25.4,8.5,7.8,15,Brown,23,243,81,Moderate
27.7,8.5,2.2,14,Brown,20,96,126,Moderate
25.9,6.7,2.1,12,Green,5,129,84,Moderate
29.7,8.8,4.6,8,Green,18,60,127,Moderate
26.4,8.2,7.8,12,Green,17,155,92,Healthy
33.8,8.5,4.8,31,Brown,1,148,59,Moderate
25.6,7.1,6.4,32,Black,4,243,124,Moderate
30.8,9.2,7.7,20,Light Green,4,250,100,Healthy
27.4,6.8,5.7,34,Brown,37,141,39,Moderate
27.5,7.6,7.1,8,Green,24,197,119,Healthy
25.6,6.6,4.5,9,Light Green,39,110,33,High
30.1,8.9,2.5,18,Black,10,49,108,High
29.4,8.5,6.6,16,Brown,33,269,85,Moderate
28.1,8.7,3.7,33,Brown,24,54,6,High
34.1,7.0,4.8,8,Green,31,107,10,Moderate
26.2,6.5,5.4,17,Brown,23,60,17,Moderate
32.0,9.2,6.2,35,Green,19,58,111,Moderate
27.2,7.6,6.0,17,Brown,39,257,66,Moderate
30.4,8.1,2.1,31,Black,6,258,99,Moderate
29.3,8.6,5.0,14,Brown,39,96,103,Moderate
26.6,9.1,4.8,20,Dark Green,40,245,74,High
33.4,7.9,5.2,13,Light Green,26,162,126,Moderate
28.3,7.6,5.4,14,Brown,15,91,52,Healthy
26.7,8.9,3.8,15,Green,15,36,66,Moderate
29.6,7.1,7.9,18,Dark Green,7,187,103,Moderate
26.7,8.5,5.8,9,Green,23,219,113,Healthy
32.5,8.7,7.0,11,Dark Green,37,192,57,Moderate
32.4,9.0,6.4,11,Green,20,253,149,Moderate
29.9,9.5,5.4,27,Green,19,24,91,Moderate
32.1,7.9,4.5,17,Dark Green,16,239,45,Moderate
28.1,8.6,2.2,20,Black,29,51,82,High
27.2,8.9,2.9,18,Light Green,37,163,138,Moderate
31.1,8.7,7.2,19,Green,15,130,99,Healthy
28.5,8.4,4.4,6,Light Green,5,97,11,Healthy
28.1,8.3,5.2,15,Black,17,97,59,Moderate
28.1,6.8,4.5,29,Light Green,16,290,49,Moderate
27.5,8.3,6.0,16,Dark Green,37,227,22,Moderate
29.4,8.4,3.8,31,Dark Green,27,50,103,High
26.6,7.7,5.5,6,Light Green,38,65,27,Healthy
24.1,7.7,4.4,20,Brown,38,63,125,Moderate
32.4,6.9,2.4,6,Dark Green,0,204,18,High
25.3,7.9,5.7,27,Green,40,193,1,Moderate
32.9,7.7,6.9,19,Light Green,23,54,10,Moderate
32.9,9.0,2.7,22,Green,21,236,101,High
33.9,8.2,6.7,5,Green,15,58,11,Healthy
30.2,7.4,3.2,23,Green,29,206,124,Moderate
31.0,9.5,4.9,14,Brown,38,136,109,Moderate
32.9,7.4,4.7,14,Green,9,56,95,Moderate
29.6,7.8,5.8,30,Brown,28,61,37,Moderate
30.6,8.5,2.3,7,Light Green,38,248,102,Moderate
34.4,9.2,3.6,30,Green,26,121,59,High
33.2,8.6,7.0,5,Green,6,238,115,Moderate
30.9,7.9,7.3,11,Black,11,290,115,Moderate
31.3,7.4,5.1,23,Light Green,4,231,130,Healthy
24.3,7.3,5.2,7,Black,27,50,127,High
25.1,8.9,6.4,19,Black,29,237,22,High
26.0,8.2,6.1,30,Brown,27,185,134,Moderate
32.8,7.1,4.8,6,Green,32,72,47,Moderate
25.8,7.2,4.8,18,Light Green,20,174,18,Moderate
24.8,8.5,5.9,14,Brown,30,193,129,Moderate
34.1,8.3,7.0,11,Green,14,163,13,Healthy
26.0,6.7,7.0,22,Light Green,20,130,16,Moderate
30.6,7.5,6.0,31,Green,22,213,82,Healthy
34.7,8.0,4.8,20,Dark Green,0,83,60,Moderate
26.8,6.6,4.4,32,Dark Green,34,141,55,High
26.8,7.6,2.3,11,Green,2,209,34,Healthy
30.3,7.7,3.9,32,Light Green,12,82,72,Moderate
33.8,6.9,6.6,20,Light Green,7,72,25,Moderate
32.5,7.8,2.0,21,Green,36,255,110,Moderate
27.8,7.7,5.6,25,Dark Green,35,99,150,Moderate
24.5,7.1,7.7,13,Dark Green,1,44,31,Moderate
33.6,9.2,3.7,28,Dark Green,14,83,81,High
24.8,7.7,4.7,26,Brown,25,50,127,Moderate
32.2,8.9,2.9,34,Light Green,36,182,138,High
26.1,7.9,2.9,25,Black,40,85,23,High
24.8,9.0,2.9,6,Brown,25,219,77,High
34.5,9.3,4.1,34,Green,7,290,109,Moderate
31.5,8.0,2.1,28,Dark Green,5,134,122,Moderate
25.0,6.7,6.5,15,Dark Green,22,56,105,High
30.4,8.8,4.9,32,Light Green,23,91,36,Moderate
33.2,8.6,2.8,7,Brown,5,132,81,Moderate
28.9,8.4,4.4,31,Black,37,46,146,Moderate
33.4,8.2,7.3,29,Brown,23,291,137,Moderate
30.2,8.2,2.9,31,Light Green,24,163,127,Moderate
33.6,6.8,6.1,24,Light Green,13,272,139,Moderate
33.3,7.8,4.8,23,Green,35,99,127,Moderate
27.1,7.5,2.4,24,Green,25,81,140,Moderate
28.0,7.5,5.4,9,Green,34,233,111,Healthy
30.3,7.8,5.6,25,Black,40,296,110,Moderate
26.1,7.9,3.5,33,Green,4,118,21,Healthy
30.8,9.2,3.0,22,Green,7,76,127,Moderate
30.3,7.4,4.7,13,Black,4,101,12,Moderate
29.1,7.0,2.9,19,Black,3,197,19,Moderate
24.1,9.0,7.2,31,Dark Green,4,180,138,Moderate
27.7,8.4,4.2,24,Black,8,248,130,Moderate
34.0,7.1,4.7,6,Black,13,277,33,High
26.2,6.7,4.1,8,Brown,16,165,23,Moderate
26.8,9.1,3.7,11,Green,31,125,46,High
31.2,8.3,3.2,11,Dark Green,15,97,45,Moderate
32.4,8.8,3.5,23,Dark Green,27,193,24,High
28.6,7.6,7.6,30,Black,37,157,64,Moderate
34.7,6.7,6.5,15,Black,22,211,105,High
31.8,7.7,3.8,33,Black,4,188,71,Moderate
28.4,6.9,4.0,6,Brown,17,60,63,Moderate
28.9,7.4,4.0,31,Brown,18,190,65,Moderate
31.8,8.9,3.2,5,Brown,24,95,57,High
33.2,8.5,7.7,10,Brown,29,264,107,Moderate
29.0,6.8,5.1,17,Black,25,161,44,High
34.4,6.8,4.4,5,Dark Green,36,176,92,High
25.2,7.1,4.8,15,Black,13,129,143,High
30.2,9.1,4.7,28,Brown,36,266,35,Moderate
34.5,8.7,4.4,16,Light Green,24,183,71,Moderate
30.1,9.1,3.0,25,Light Green,29,156,67,High
30.4,7.5,2.6,29,Green,18,163,148,Moderate
31.7,8.2,7.1,7,Dark Green,21,177,118,Moderate
26.9,9.5,6.4,34,Brown,13,243,42,Moderate
28.0,7.6,3.4,7,Brown,40,179,88,Moderate
31.7,7.5,2.6,8,Black,24,48,6,High
33.5,8.2,5.9,12,Brown,19,241,69,Moderate
31.1,7.7,6.9,11,Green,24,206,78,Moderate
34.3,7.2,7.6,13,Brown,15,253,44,Moderate
29.2,8.6,6.5,18,Dark Green,22,249,109,Moderate
28.7,8.6,6.4,32,Black,14,293,111,Moderate
27.6,7.5,5.0,6,Dark Green,17,61,119,Moderate
27.3,9.5,7.3,18,Green,13,127,1,Healthy
30.8,7.9,3.9,14,Black,34,36,87,High
29.3,7.1,2.9,9,Black,27,290,31,High
24.4,8.4,3.8,28,Brown,3,246,94,Moderate
31.8,8.6,7.0,35,Dark Green,32,49,28,Moderate
28.6,8.1,7.3,32,Black,11,95,74,Moderate
27.7,9.3,3.9,25,Dark Green,0,119,39,Moderate
26.9,8.5,8.0,34,Dark Green,13,285,45,Healthy
28.7,7.6,7.6,27,Green,17,291,102,Healthy
24.9,7.9,3.2,5,Brown,26,255,150,High
31.9,6.5,2.2,23,Brown,33,267,89,High
25.3,8.1,6.4,27,Black,20,121,121,High
26.3,7.9,5.1,31,Light Green,1,39,41,Healthy
32.3,6.8,5.6,8,Light Green,3,270,136,Healthy
32.1,8.7,6.5,17,Brown,17,131,53,Moderate
28.2,9.0,7.2,23,Dark Green,2,223,89,Healthy
27.3,8.4,5.6,33,Black,0,283,32,Healthy
27.0,9.3,4.0,25,Light Green,39,90,106,Moderate
27.9,7.3,5.3,33,Green,36,213,14,Moderate
24.4,8.5,5.6,33,Black,7,160,57,Moderate
27.1,9.2,7.4,32,Dark Green,5,238,99,Moderate
29.8,6.8,5.9,5,Green,29,198,16,Moderate
34.3,6.9,7.2,9,Black,24,275,19,High
29.5,8.2,5.5,12,Black,32,185,147,Moderate
29.0,7.3,4.7,22,Brown,17,294,125,Moderate
31.7,7.2,2.0,34,Light Green,19,240,137,High
33.3,8.7,5.9,13,Black,29,133,41,High
34.4,7.1,4.6,13,Brown,21,38,60,High
24.6,8.8,7.6,15,Black,30,171,37,High
24.6,9.5,7.2,19,Light Green,16,273,126,Moderate
28.0,9.2,4.5,12,Brown,29,104,39,Moderate
25.7,8.7,5.5,7,Green,28,101,62,Moderate
30.2,6.6,6.0,14,Light Green,15,23,116,Healthy
30.3,9.0,5.2,26,Black,23,111,105,Moderate
27.5,6.8,3.6,35,Green,21,266,3,High
28.8,7.2,4.6,16,Dark Green,22,244,44,Moderate
34.2,8.0,4.8,16,Brown,16,266,110,Moderate
35.0,7.8,5.1,31,Light Green,15,53,141,Healthy
26.8,7.2,3.0,23,Dark Green,23,175,7,High
34.6,9.3,4.2,7,Dark Green,12,176,5,High
31.4,7.6,6.9,18,Light Green,5,159,96,Healthy
31.0,7.5,5.4,32,Brown,17,155,31,Moderate
27.4,8.6,4.4,21,Light Green,18,110,30,Moderate
25.0,7.8,6.3,13,Brown,4,120,10,Healthy
34.3,7.0,7.5,34,Black,17,154,21,High
33.7,7.0,5.7,14,Dark Green,10,175,61,Moderate
30.6,7.8,4.7,30,Black,1,51,41,Moderate
31.0,7.8,3.8,35,Dark Green,1,128,45,Moderate
28.3,7.3,5.1,16,Dark Green,7,190,103,Moderate
29.3,9.5,2.2,21,Light Green,20,273,133,High
29.8,8.8,6.0,33,Light Green,0,171,117,Healthy
26.5,8.6,7.2,19,Dark Green,32,197,66,Moderate
33.0,7.5,3.3,29,Light Green,25,65,128,Moderate
28.1,7.4,7.2,23,Black,26,216,35,Moderate
29.5,7.7,4.0,34,Dark Green,19,175,111,Moderate
26.5,8.2,7.7,21,Light Green,18,271,24,Healthy
24.5,9.1,3.1,16,Brown,21,106,26,High
24.5,8.8,4.8,20,Black,4,117,3,Moderate
33.4,8.1,4.8,6,Light Green,4,98,15,Healthy
29.2,7.5,3.9,9,Brown,38,139,56,Moderate
28.9,9.5,6.4,29,Green,28,87,50,Moderate
32.0,9.0,5.0,17,Light Green,2,148,106,Healthy
28.9,6.8,5.4,11,Dark Green,9,85,65,Moderate
25.4,7.1,4.2,24,Dark Green,29,208,10,High
25.2,9.4,2.5,23,Green,19,124,87,High
26.7,7.3,6.6,20,Brown,9,140,46,Healthy
30.0,9.1,6.8,18,Dark Green,38,188,14,Moderate
33.7,6.5,7.5,26,Dark Green,34,94,148,High
27.2,8.0,3.1,13,Dark Green,4,261,12,Moderate
26.7,8.9,2.7,29,Green,11,271,65,Moderate
26.7,9.5,7.9,21,Green,3,63,68,Healthy
29.2,9.1,4.6,12,Green,20,168,89,Moderate
34.3,8.4,2.9,24,Black,9,97,4,High
25.0,8.5,4.1,17,Dark Green,9,262,15,Moderate
30.2,8.1,6.3,18,Light Green,6,137,2,Healthy
28.8,8.1,4.2,17,Dark Green,32,112,66,Moderate
26.0,7.6,6.9,25,Brown,26,163,43,Moderate
34.8,9.2,4.4,11,Brown,26,186,35,High
34.5,6.8,2.5,8,Light Green,24,293,141,High
33.6,6.5,5.2,13,Dark Green,4,135,96,Moderate
32.5,8.0,2.0,31,Black,36,77,40,High
33.6,8.6,7.5,11,Brown,18,292,127,Moderate
29.6,7.2,3.6,19,Brown,40,131,75,High
32.8,7.7,3.9,31,Brown,17,285,6,High
31.0,7.1,2.5,12,Light Green,34,298,7,Moderate
29.3,9.2,2.1,18,Dark Green,8,122,41,High
27.1,8.0,4.2,28,Black,6,162,96,Moderate
26.1,7.3,3.7,31,Light Green,3,200,51,Moderate
26.5,8.2,6.3,24,Light Green,20,20,30,Healthy
32.8,7.6,2.7,26,Black,31,168,24,High
34.7,7.2,2.8,29,Green,8,80,16,Moderate
30.5,6.5,6.7,18,Dark Green,20,55,65,Moderate
31.7,7.9,7.6,7,Dark Green,18,142,5,Moderate
30.2,7.4,4.7,35,Brown,7,267,29,Moderate
34.6,8.9,6.4,27,Brown,4,296,35,Moderate
25.8,7.3,4.3,12,Black,13,277,94,High
25.8,7.0,7.4,24,Dark Green,17,219,120,High
34.3,9.3,2.8,23,Black,7,125,47,High
32.0,8.1,6.3,19,Brown,34,39,29,Moderate
32.6,7.3,4.3,25,Dark Green,31,135,71,High
28.1,6.6,4.8,18,Green,37,199,29,Moderate
26.5,8.7,4.8,13,Dark Green,28,294,133,Moderate
32.9,8.1,4.0,10,Green,10,103,144,Healthy
27.7,8.9,5.6,10,Green,1,115,72,Healthy
24.1,8.3,5.1,28,Brown,13,228,4,Moderate
25.0,8.3,5.0,13,Light Green,27,213,98,Moderate
25.1,8.8,7.1,20,Brown,10,127,54,Moderate
25.4,7.2,7.0,29,Brown,25,290,100,Moderate
31.7,6.7,2.9,21,Brown,22,38,6,High
30.4,6.6,6.7,20,Light Green,40,167,64,Moderate
33.6,7.2,7.0,20,Dark Green,6,217,134,Moderate
34.6,7.5,5.6,12,Black,32,168,4,High
24.2,7.7,6.8,21,Brown,18,44,117,Moderate
28.3,7.5,6.8,16,Dark Green,14,157,149,Healthy
32.8,6.8,5.8,29,Brown,31,54,146,Moderate
25.6,9.3,2.3,34,Green,23,196,145,High
28.1,9.2,2.0,6,Brown,37,59,137,High
29.8,8.1,2.1,11,Dark Green,29,278,17,High
32.2,6.6,3.7,7,Dark Green,25,248,98,High
26.9,8.3,2.8,34,Brown,4,59,112,Moderate
31.3,7.1,3.9,26,Green,4,157,89,Moderate
27.4,7.6,5.7,19,Brown,10,188,135,Healthy
31.4,8.9,4.5,34,Green,40,236,121,Moderate
28.3,8.4,2.4,35,Brown,4,64,24,Moderate
25.9,9.3,6.9,19,Brown,23,80,38,High
34.1,9.1,4.7,19,Light Green,12,232,85,Moderate
28.9,9.0,5.0,8,Green,32,183,113,Moderate
31.3,8.6,4.6,19,Dark Green,1,290,86,Moderate
28.0,7.8,8.0,7,Black,5,206,103,Healthy
27.6,7.3,4.9,9,Dark Green,39,206,25,Moderate
26.6,7.9,7.3,12,Light Green,31,197,43,Healthy
28.6,7.7,6.3,24,Green,31,181,46,Healthy
24.6,7.8,5.4,16,Dark Green,11,217,94,Moderate
28.4,8.2,6.2,11,Black,39,260,122,Moderate
29.0,7.8,6.9,33,Black,2,74,113,Healthy
34.4,8.1,3.5,18,Dark Green,21,272,129,High
25.1,6.5,2.1,24,Green,0,70,11,Moderate
34.6,7.6,5.3,19,Green,38,278,146,Moderate
34.4,9.3,5.1,35,Dark Green,40,253,122,High
27.9,7.9,6.5,21,Black,12,110,27,Moderate
29.2,8.0,7.1,14,Green,1,292,118,Healthy
32.1,8.2,7.5,21,Black,20,213,150,Moderate
33.9,8.9,7.5,15,Light Green,38,128,31,Moderate
31.3,7.3,2.6,16,Green,4,106,115,Moderate
26.6,9.4,2.4,25,Brown,24,284,114,High
30.1,6.7,7.6,8,Brown,35,205,51,Moderate
29.3,8.0,2.5,33,Brown,4,157,3,Moderate
27.4,7.0,4.0,8,Green,36,204,106,Moderate
34.9,9.3,3.3,11,Black,36,283,66,High
25.1,8.1,2.2,8,Black,33,85,1,High
26.6,8.5,5.1,23,Dark Green,13,89,48,Healthy
29.5,9.2,5.8,15,Light Green,0,148,77,Healthy
34.8,9.3,3.3,21,Brown,14,130,103,High
33.9,7.3,7.7,33,Green,1,179,142,Healthy
29.8,8.8,6.0,31,Brown,27,174,145,Moderate
30.5,6.7,6.3,25,Black,11,293,70,Moderate
32.2,6.6,3.5,25,Black,9,277,56,High
32.1,7.0,6.3,34,Light Green,26,299,35,Moderate
27.5,8.0,4.1,5,Dark Green,1,67,114,Healthy
29.1,8.5,7.6,17,Brown,20,263,117,Moderate
28.1,7.1,4.2,12,Dark Green,5,55,131,Moderate
34.5,8.3,7.1,22,Dark Green,18,262,28,Moderate
27.7,7.5,6.5,34,Black,1,234,54,Healthy
28.3,6.6,7.1,23,Brown,12,217,120,Moderate
33.9,7.9,7.0,8,Green,20,40,91,Moderate
28.4,8.3,3.1,29,Black,32,139,14,High
34.4,7.9,7.5,14,Green,5,256,6,Healthy
34.8,9.3,6.4,15,Dark Green,27,164,105,High
34.7,7.3,6.6,33,Light Green,13,212,130,Moderate
25.7,7.8,2.9,20,Brown,15,171,54,Moderate
31.1,7.9,2.8,13,Brown,14,293,119,Moderate
30.7,8.7,4.5,17,Dark Green,13,21,128,Moderate
24.7,6.6,2.4,7,Brown,22,139,31,High
31.9,9.0,7.6,19,Black,9,247,46,Moderate
33.2,9.3,4.7,34,Green,40,147,80,High
29.5,6.7,6.3,11,Green,24,81,35,Moderate
25.5,9.0,7.4,25,Light Green,24,128,4,Moderate
26.2,8.3,5.7,8,Green,1,280,108,Healthy
28.8,9.3,4.8,32,Light Green,17,247,70,Moderate
32.2,7.1,3.2,35,Black,34,225,141,High
24.7,7.9,5.4,18,Brown,3,226,90,Healthy
24.6,7.8,7.8,30,Dark Green,40,34,100,Moderate
31.6,6.6,2.9,35,Green,25,95,145,High
28.0,7.7,4.6,14,Dark Green,23,245,125,Moderate
28.3,9.0,2.5,29,Black,20,39,94,High
29.6,7.3,3.2,28,Green,37,204,71,Moderate
30.2,8.0,4.8,21,Green,21,79,55,Moderate
28.7,6.8,5.6,11,Green,2,229,142,Healthy
24.9,7.0,6.3,20,Green,26,44,121,Moderate
34.1,6.9,5.8,18,Light Green,4,213,37,Moderate
25.8,8.6,4.4,7,Dark Green,6,283,79,Moderate
32.5,6.5,5.3,14,Green,21,249,5,Moderate
34.9,8.9,7.4,5,Dark Green,33,226,57,High
28.1,9.4,4.9,16,Brown,1,161,98,Moderate
29.2,8.0,2.2,11,Dark Green,27,252,30,High
25.9,7.3,6.5,16,Black,2,267,119,Moderate
32.5,9.3,4.7,20,Light Green,11,21,119,Moderate
33.4,9.3,4.9,31,Brown,35,214,5,High
30.6,7.4,5.9,6,Light Green,14,163,116,Healthy
28.5,6.7,5.7,21,Black,15,144,27,Moderate
34.6,8.7,6.9,12,Brown,28,210,124,Moderate
27.3,8.9,5.8,12,Brown,33,220,5,Moderate
28.1,8.7,4.7,12,Green,22,54,27,Moderate
32.4,6.6,7.4,11,Dark Green,21,196,6,High
34.5,8.5,5.5,22,Black,30,32,88,High
26.4,8.2,7.0,25,Brown,2,28,80,Healthy
31.4,7.0,2.0,25,Dark Green,5,30,36,Moderate
28.7,7.5,3.9,8,Green,29,136,39,Moderate
25.9,9.2,6.8,13,Dark Green,17,206,62,High
29.4,7.1,5.9,11,Brown,3,287,57,Healthy
31.2,6.6,2.7,29,Black,8,209,57,High
33.6,9.3,7.2,17,Brown,7,116,132,Moderate
27.6,8.8,4.1,27,Brown,12,142,98,Moderate
33.0,8.8,5.7,25,Dark Green,8,254,41,Moderate
27.4,8.5,2.1,22,Green,8,189,101,Moderate
25.1,7.7,6.8,26,Light Green,40,271,122,Moderate
30.3,9.3,4.4,16,Black,14,21,141,Moderate
30.8,6.9,7.6,23,Light Green,20,231,134,Moderate
33.8,7.8,2.5,26,Dark Green,14,206,119,High
27.6,6.6,2.7,10,Green,30,156,45,High
24.0,7.6,5.4,29,Dark Green,7,263,92,Moderate
34.2,6.8,3.2,24,Dark Green,11,220,62,High
29.7,8.9,5.7,30,Light Green,24,161,111,Moderate
33.7,7.2,7.5,20,Black,10,299,9,Moderate
34.3,7.4,6.5,33,Light Green,14,105,9,Moderate
25.7,9.3,4.8,29,Dark Green,5,59,113,Moderate
33.8,7.6,2.8,34,Dark Green,18,232,70,High
24.7,9.3,7.0,16,Brown,39,154,94,High
31.8,7.3,3.2,27,Black,31,36,50,High
33.0,6.9,5.6,9,Light Green,37,62,113,Moderate
29.3,9.0,6.8,11,Black,27,265,82,Moderate
24.8,9.0,6.1,5,Dark Green,21,240,128,High
29.3,6.9,5.2,26,Dark Green,12,131,48,Moderate
25.8,9.0,6.8,6,Light Green,26,191,58,Moderate
30.5,6.8,3.7,19,Green,1,39,42,Moderate
29.4,8.9,3.5,8,Black,39,190,115,High
29.7,8.4,4.5,33,Dark Green,34,145,91,Moderate
25.5,7.2,6.3,24,Green,32,255,114,Moderate
28.2,8.0,6.2,30,Dark Green,32,144,2,Moderate
28.4,8.8,3.5,29,Black,26,201,140,High
32.4,6.5,5.8,20,Dark Green,2,93,108,Moderate
26.1,7.6,4.7,17,Dark Green,19,262,120,Moderate
29.4,6.6,5.4,16,Dark Green,14,177,11,Moderate
27.9,9.2,5.5,18,Dark Green,7,162,48,Moderate
33.5,7.2,4.6,15,Black,9,89,54,High
26.7,7.6,7.4,17,Black,14,264,43,Moderate
30.3,7.2,6.2,5,Light Green,40,259,107,Moderate
26.1,8.1,5.2,28,Dark Green,34,185,58,Moderate
29.9,7.6,5.6,5,Green,1,257,54,Healthy
33.5,8.6,6.8,26,Brown,19,238,149,Moderate
27.8,6.7,2.4,12,Dark Green,14,118,61,High
32.9,9.2,5.0,25,Black,13,25,127,Moderate
25.4,8.6,5.6,26,Light Green,23,185,113,Moderate
27.5,8.5,2.9,22,Green,6,182,48,Moderate
26.2,7.6,5.3,26,Black,17,253,129,Moderate
31.4,9.4,2.2,17,Light Green,35,260,112,High
34.9,9.2,2.3,19,Black,0,182,129,High
31.0,7.7,4.0,13,Black,29,187,42,Moderate
28.4,7.1,3.2,13,Brown,1,286,66,Moderate
33.2,6.8,3.8,17,Light Green,19,220,80,High
32.4,9.3,3.0,7,Brown,1,132,59,Moderate
29.1,6.6,6.3,17,Brown,17,109,124,Moderate
25.2,7.5,2.3,26,Green,14,143,15,Moderate
30.1,7.4,6.8,7,Green,18,231,74,Moderate
27.9,7.1,4.1,27,Green,12,81,144,Healthy
31.3,9.1,4.4,29,Dark Green,40,230,67,High
29.3,8.8,2.0,18,Brown,33,21,73,High
33.9,6.7,7.7,22,Light Green,36,86,14,Moderate
32.6,7.5,4.9,25,Green,38,137,23,Moderate
29.1,9.3,2.0,5,Dark Green,1,40,143,Moderate
24.5,8.2,2.6,9,Light Green,28,152,49,High
24.9,8.4,6.7,32,Brown,14,259,18,Moderate
25.9,7.5,6.2,34,Light Green,0,279,141,Healthy
27.1,9.4,2.3,24,Dark Green,23,286,33,High
32.7,8.0,5.0,10,Black,9,73,55,Moderate
33.2,9.4,8.0,30,Dark Green,22,42,31,High
32.0,7.3,3.1,26,Brown,31,183,105,High
33.7,8.3,6.3,13,Brown,18,72,17,Moderate
32.0,9.3,7.2,9,Dark Green,30,133,127,High
27.0,7.3,6.9,17,Brown,12,34,129,Healthy
26.1,8.0,2.7,22,Green,29,30,111,Moderate
27.6,8.0,7.1,34,Green,11,104,23,Healthy
24.9,6.9,5.5,28,Light Green,4,174,61,Moderate
31.9,8.4,3.7,16,Dark Green,9,60,108,Moderate
27.2,7.3,2.4,13,Dark Green,20,270,61,High
27.3,7.8,3.2,8,Black,20,254,63,High
27.6,6.6,7.6,23,Dark Green,24,45,43,Moderate
31.6,6.7,7.1,15,Black,22,239,10,High
30.3,6.7,7.4,20,Light Green,14,60,55,Healthy
25.7,8.4,5.4,31,Light Green,18,223,56,Moderate
30.9,7.1,5.1,28,Black,3,114,59,Moderate
32.0,8.0,4.3,20,Dark Green,10,266,123,Moderate
28.7,8.4,4.2,33,Dark Green,12,293,86,Moderate
34.6,7.3,4.6,27,Black,23,179,106,High
32.1,9.2,5.1,28,Black,0,132,90,Moderate
30.3,9.5,2.6,9,Light Green,5,66,89,Moderate
27.8,7.9,7.0,23,Brown,7,189,56,Healthy
25.4,9.0,2.1,23,Brown,22,22,24,High
32.0,6.7,6.2,10,Light Green,26,137,47,Moderate
28.6,6.8,5.6,13,Black,12,42,51,Moderate
33.9,9.4,6.5,24,Brown,30,168,138,High
27.2,6.7,2.8,20,Green,0,231,69,Moderate
31.7,7.2,6.5,26,Green,20,80,114,Moderate
25.9,7.4,6.6,34,Green,2,95,130,Healthy
26.6,8.6,2.5,16,Brown,36,117,131,High
31.4,8.7,4.6,33,Dark Green,11,251,75,Moderate
24.2,8.5,3.1,7,Green,24,174,72,High
31.2,6.7,3.1,7,Green,3,215,61,Moderate
29.9,8.9,2.4,6,Black,29,56,31,High
27.1,8.5,4.4,14,Light Green,16,264,126,Moderate
24.1,7.0,7.7,17,Black,20,160,54,High
26.6,8.9,2.9,5,Dark Green,23,83,56,High
29.9,9.2,6.4,5,Green,22,74,67,Moderate
33.1,8.1,5.9,22,Dark Green,27,165,71,Moderate
24.8,7.6,5.8,24,Dark Green,36,105,125,Moderate
35.0,6.7,7.5,26,Green,16,243,38,Moderate
24.4,8.6,3.6,8,Green,13,219,105,Moderate
27.0,7.7,7.6,15,Green,6,156,91,Healthy
27.6,8.6,3.5,23,Green,9,266,76,Moderate
28.7,8.5,2.6,16,Dark Green,5,195,33,Moderate
27.1,7.3,6.0,16,Dark Green,27,67,68,Moderate
33.4,6.6,6.9,8,Green,20,33,43,Moderate
33.1,9.1,4.1,24,Dark Green,11,176,110,High
28.1,8.4,4.3,22,Dark Green,40,45,110,Moderate
32.7,9.3,4.5,13,Brown,15,240,134,Moderate
25.6,9.1,6.4,6,Brown,35,212,26,High
29.0,7.4,5.3,29,Black,6,121,122,Moderate
27.8,8.3,6.3,24,Dark Green,33,240,121,Moderate
26.7,8.1,4.7,5,Dark Green,4,75,137,Healthy
27.1,8.6,6.7,26,Brown,10,176,5,Healthy
32.9,7.6,5.7,8,Dark Green,6,74,90,Moderate
32.4,9.0,5.6,28,Green,30,191,44,Moderate
24.8,6.6,5.4,29,Green,33,59,7,Moderate
27.8,8.4,7.3,28,Green,21,126,106,Healthy
34.2,8.9,3.1,21,Light Green,35,59,92,High
26.2,8.3,4.2,16,Black,18,42,93,Moderate
24.8,6.8,4.5,10,Light Green,20,46,18,High
28.6,6.7,3.1,22,Brown,7,75,92,Moderate
29.5,8.9,5.8,28,Dark Green,37,181,3,Moderate
33.3,7.0,7.2,7,Green,23,53,1,Moderate
27.4,9.1,3.3,18,Dark Green,25,260,54,High
25.4,7.6,4.8,29,Brown,28,291,27,Moderate
32.8,8.6,4.8,26,Black,37,33,11,High
33.4,9.5,3.7,16,Black,18,297,23,High
32.0,8.2,6.0,33,Dark Green,3,104,55,Healthy
31.8,6.7,6.0,25,Dark Green,18,239,74,High
30.1,9.3,4.5,7,Brown,20,242,137,Moderate
24.7,7.7,6.7,34,Black,27,128,90,High
25.7,8.2,5.2,35,Dark Green,35,163,112,Moderate
31.6,9.5,5.5,15,Dark Green,11,101,94,Moderate
26.0,8.8,3.5,13,Brown,7,293,27,Moderate
34.1,9.4,6.3,18,Green,30,37,125,Moderate
31.9,6.6,7.3,20,Black,18,70,22,High
31.4,8.9,2.4,19,Dark Green,2,288,140,Moderate
26.7,8.7,2.7,16,Dark Green,14,60,54,Moderate
26.0,7.5,3.4,30,Dark Green,38,106,13,High
26.8,6.9,2.4,24,Black,9,28,50,High
27.9,8.5,4.7,35,Black,7,268,116,Moderate
34.5,6.8,3.8,19,Dark Green,38,78,98,High
32.3,9.2,7.2,13,Black,15,93,31,Moderate
27.1,8.9,7.3,18,Dark Green,34,69,65,Moderate
25.4,7.1,7.3,18,Green,4,292,90,Healthy
26.5,7.5,7.9,34,Light Green,40,152,121,Healthy
27.4,9.5,3.7,34,Green,9,171,85,Moderate
27.9,8.7,7.4,18,Green,33,20,47,Moderate
29.9,7.2,7.9,5,Black,25,151,29,Moderate
26.4,8.8,6.0,19,Green,8,43,146,Healthy
33.3,7.3,6.7,20,Dark Green,37,75,23,High
34.7,9.4,4.5,33,Dark Green,8,88,98,High
31.0,7.8,4.4,8,Black,1,258,138,Moderate
28.3,8.9,7.0,30,Light Green,19,202,46,Moderate
33.7,8.9,3.9,35,Dark Green,0,285,43,High
29.2,9.4,7.7,16,Black,29,21,56,High
29.0,9.2,4.5,26,Green,17,248,16,Moderate
34.4,7.5,6.5,31,Dark Green,25,61,56,Moderate
34.5,8.0,6.8,23,Green,24,288,72,Moderate
32.1,9.3,2.8,19,Dark Green,40,156,30,High
32.0,8.6,7.0,11,Green,12,174,9,Healthy
25.8,7.0,4.8,27,Light Green,26,212,42,Moderate
30.0,7.2,4.2,33,Green,15,141,112,Healthy
24.3,7.3,7.6,21,Light Green,1,288,55,Healthy
24.4,7.8,6.5,10,Brown,27,178,115,Moderate
32.0,7.2,3.2,27,Black,0,294,16,High
31.2,6.9,2.5,11,Green,4,202,70,Moderate
31.9,8.3,2.8,11,Green,32,31,36,Moderate
29.9,9.2,5.8,9,Light Green,2,284,50,Healthy
27.2,7.6,3.0,27,Brown,13,39,34,Moderate
27.3,9.2,4.1,11,Black,26,200,18,High
33.8,8.9,5.1,27,Brown,32,152,10,Moderate
33.3,8.5,6.2,32,Light Green,6,235,52,Healthy
32.9,8.6,7.1,12,Light Green,14,40,50,Healthy
24.2,9.3,5.7,20,Green,33,192,87,Moderate
26.9,8.0,6.5,12,Black,24,62,112,Moderate
31.4,7.8,3.8,19,Dark Green,23,52,30,High
26.3,8.7,7.3,18,Light Green,38,74,2,Moderate
25.6,7.4,6.5,7,Light Green,3,161,147,Healthy
26.8,7.8,4.6,5,Green,26,26,19,Moderate
27.7,8.2,4.5,11,Black,17,38,42,Moderate
30.1,9.1,3.2,11,Green,11,112,133,Moderate
28.9,8.4,5.0,7,Brown,29,228,77,Moderate
25.7,7.2,3.2,7,Light Green,31,125,42,High
28.3,8.9,2.8,12,Black,3,122,110,Moderate
31.4,8.0,5.9,17,Light Green,3,260,129,Healthy
25.1,8.3,5.6,10,Dark Green,37,87,95,Moderate
32.5,7.7,4.7,8,Brown,15,173,24,Moderate
34.9,8.1,2.1,22,Black,13,256,24,High
32.0,7.5,2.4,28,Green,10,291,90,Moderate
29.5,6.6,6.4,35,Brown,9,37,26,Moderate
26.8,7.8,6.3,30,Light Green,26,97,89,Healthy
26.2,7.8,3.7,15,Dark Green,18,184,67,High
33.9,7.3,7.1,25,Green,30,116,104,Moderate
33.9,8.3,4.4,8,Brown,37,101,70,Moderate
24.6,7.7,3.5,16,Green,37,142,84,High
27.2,6.8,3.1,30,Brown,1,99,95,Moderate
29.4,8.8,3.6,32,Green,27,223,15,Moderate
34.9,7.2,6.4,6,Dark Green,14,180,1,Moderate
27.6,9.2,2.0,10,Light Green,8,202,104,Moderate
34.7,7.6,5.9,29,Green,7,193,145,Healthy
31.1,7.4,7.4,11,Light Green,19,131,16,Moderate
26.3,8.6,2.4,23,Light Green,12,220,77,Moderate
32.1,7.0,2.0,8,Green,36,290,11,High
29.2,7.8,7.3,9,Black,19,43,57,Moderate
28.3,8.3,2.9,25,Black,9,133,97,Moderate
25.3,6.5,6.1,21,Black,4,158,49,Moderate
24.1,7.3,7.3,14,Light Green,15,65,67,Moderate
28.8,8.1,2.0,20,Black,35,79,25,High
28.8,8.6,7.8,5,Brown,28,75,77,Moderate
28.9,8.8,6.2,26,Light Green,34,173,82,Moderate
34.0,8.5,3.5,26,Brown,24,184,98,High
27.9,8.3,7.9,31,Brown,32,264,101,Moderate
25.3,8.1,6.3,16,Green,16,283,52,Moderate
31.8,8.7,7.7,18,Light Green,16,226,85,Moderate
27.5,7.2,2.7,15,Black,24,128,70,High
29.5,9.1,3.3,14,Green,22,47,38,High
30.5,7.8,5.0,13,Black,33,162,14,Moderate
34.0,8.1,3.3,7,Brown,3,263,26,Moderate
29.9,8.7,7.7,35,Green,40,267,50,Moderate
27.4,8.7,6.1,10,Light Green,22,32,30,Moderate
27.9,8.5,7.5,14,Black,37,253,74,Moderate
29.1,7.0,7.7,33,Light Green,20,108,137,Moderate
33.8,8.3,7.8,9,Light Green,17,73,68,Moderate
26.8,7.0,6.7,35,Brown,26,227,119,Moderate
34.7,6.9,3.8,10,Black,24,278,134,High
29.6,8.3,5.1,35,Green,26,29,85,Healthy
33.6,9.1,2.5,33,Brown,11,241,94,High
29.8,8.2,6.6,27,Light Green,32,187,111,Healthy
28.3,7.7,2.1,16,Green,0,144,114,Healthy
28.7,8.3,6.9,33,Green,30,255,31,Healthy
24.9,8.5,5.0,31,Light Green,16,61,107,Moderate
28.6,7.0,7.5,26,Brown,9,184,64,Healthy
26.2,9.1,4.5,34,Black,40,187,118,High
34.2,8.7,5.1,13,Brown,3,153,122,Moderate
31.0,8.4,3.8,17,Black,24,150,117,High
32.7,8.1,5.8,9,Dark Green,36,74,132,Moderate
30.8,7.7,5.3,35,Light Green,19,123,111,Healthy
24.7,6.9,4.9,6,Black,11,139,117,High
32.8,8.7,4.3,29,Light Green,28,138,68,Moderate
30.7,8.1,5.9,23,Dark Green,3,76,20,Healthy
24.6,6.5,3.1,28,Brown,11,70,89,High
27.7,9.4,5.8,18,Green,40,205,46,Moderate
30.0,9.5,7.7,10,Dark Green,24,286,74,Moderate
33.0,7.6,5.8,30,Green,8,284,25,Healthy
31.6,7.7,4.6,10,Black,23,223,26,High
29.4,7.3,6.1,35,Brown,6,188,32,Healthy
33.2,7.5,2.2,16,Green,4,43,128,Moderate
29.9,6.6,4.0,5,Brown,8,161,100,Moderate
28.5,7.8,7.3,15,Green,40,53,73,Healthy
29.5,9.0,3.5,19,Brown,14,155,11,Moderate
29.6,8.5,5.2,21,Dark Green,40,293,109,Moderate
27.5,8.7,7.2,20,Black,33,26,79,Moderate
34.8,8.6,2.4,29,Brown,29,96,47,High
25.0,9.2,5.9,18,Green,8,240,129,Moderate
24.8,8.0,7.7,8,Light Green,2,26,146,Healthy
24.7,8.7,4.3,27,Light Green,35,46,117,Moderate
32.5,8.4,7.2,8,Brown,25,235,61,Moderate
31.7,9.3,7.9,33,Dark Green,11,223,75,Moderate
32.3,8.1,4.8,7,Dark Green,21,106,10,Moderate
32.8,8.8,2.4,11,Black,23,92,79,High
25.6,8.6,3.4,11,Light Green,24,28,59,High
32.6,9.4,7.3,31,Black,16,295,14,High
29.1,6.9,6.2,33,Light Green,12,191,54,Healthy
25.8,9.5,5.4,21,Green,2,195,21,Moderate
32.9,9.5,2.9,19,Brown,0,71,57,Moderate
32.2,7.8,4.8,35,Green,34,131,104,Moderate
34.2,6.8,5.5,31,Black,10,50,20,High
30.6,7.8,7.3,31,Dark Green,15,235,64,Healthy
25.6,8.8,4.9,24,Dark Green,18,245,123,High
30.6,8.1,4.7,27,Light Green,26,183,126,Moderate
25.4,8.9,6.5,16,Dark Green,36,137,26,High
32.9,8.9,7.4,14,Black,16,232,30,High
33.0,8.7,3.0,15,Green,16,188,14,High
29.3,7.6,5.6,10,Dark Green,5,291,74,Healthy
31.2,8.4,7.0,30,Green,1,134,93,Healthy
30.4,7.6,4.2,28,Dark Green,32,208,132,Moderate
32.5,8.3,4.4,6,Black,29,51,6,High
30.2,9.4,2.6,31,Brown,20,70,115,High
33.5,6.6,5.8,24,Light Green,6,42,145,Moderate
28.8,7.1,7.3,12,Brown,21,100,25,Moderate
27.1,7.2,2.8,32,Brown,30,195,149,High
25.0,6.6,2.7,34,Black,6,283,34,High
33.5,9.4,6.7,30,Light Green,7,269,9,Moderate
34.4,9.1,7.4,20,Dark Green,22,173,71,High
34.0,7.7,4.1,17,Black,35,76,107,High
25.4,7.8,4.6,34,Brown,10,294,52,Moderate
30.2,9.3,2.0,30,Black,3,34,99,High
30.5,9.3,6.3,32,Light Green,5,152,141,Healthy
28.2,7.0,2.8,22,Green,37,27,45,Moderate
31.6,9.4,2.6,27,Dark Green,19,145,128,High
27.9,8.8,7.5,6,Black,14,188,89,Moderate
32.7,9.4,6.2,5,Light Green,27,216,144,Moderate
32.8,7.6,4.0,8,Brown,5,99,3,Healthy
27.1,9.3,3.6,7,Light Green,34,134,29,High
30.7,7.5,7.2,19,Light Green,6,22,126,Healthy
27.6,9.1,4.1,7,Black,35,245,33,High
34.5,6.9,3.5,21,Light Green,26,156,112,High
24.6,6.9,5.0,33,Green,11,295,141,Moderate
26.9,7.3,7.3,10,Black,32,177,42,Moderate
28.5,9.0,6.7,21,Black,10,174,11,Moderate
27.9,8.1,6.4,26,Dark Green,6,28,74,Healthy
34.2,9.4,2.6,5,Green,2,146,51,Moderate
29.3,8.2,2.5,21,Dark Green,16,29,31,High
24.5,8.7,5.4,28,Green,35,239,135,Moderate
30.1,6.7,4.0,17,Light Green,1,42,20,Healthy
26.7,7.2,3.5,32,Green,13,101,105,Moderate
29.6,9.4,2.0,5,Black,26,224,132,High
32.4,6.8,5.5,15,Black,23,80,20,High
31.3,8.5,4.4,14,Dark Green,13,74,37,Moderate
26.0,7.6,6.1,33,Light Green,33,272,94,Healthy
27.8,8.1,4.2,22,Black,7,130,85,Moderate
29.0,9.1,7.8,11,Light Green,8,256,12,Healthy
29.7,7.2,2.8,5,Dark Green,40,165,41,High
31.9,7.0,6.0,33,Black,13,113,87,Moderate
29.4,8.5,2.3,32,Green,9,89,140,Moderate
25.4,7.1,4.6,27,Light Green,23,275,95,Moderate
27.0,8.2,2.6,12,Dark Green,5,32,105,Moderate
31.1,8.7,4.7,9,Black,14,240,137,Moderate
29.8,7.4,2.2,29,Green,28,192,86,Moderate
33.0,8.7,3.6,31,Light Green,18,237,70,High
31.3,6.7,2.2,28,Black,35,208,122,High
30.8,7.7,7.2,10,Light Green,38,298,106,Healthy
28.8,6.9,7.2,34,Black,38,85,150,High
28.6,8.9,4.2,30,Dark Green,0,221,26,Moderate
33.9,7.2,5.2,19,Dark Green,3,215,88,Moderate
29.5,8.4,5.3,6,Green,24,98,137,Healthy
31.7,8.8,8.0,35,Green,8,20,45,Healthy
29.7,9.3,3.2,8,Brown,0,157,80,Moderate
29.2,7.6,2.5,20,Brown,23,201,90,Moderate
27.8,9.1,3.8,22,Brown,9,83,145,Moderate
29.0,8.6,4.5,29,Green,7,21,90,Healthy
31.6,8.5,5.9,34,Green,36,186,85,Moderate
26.5,7.6,7.0,21,Dark Green,6,154,72,Healthy
29.1,8.2,4.4,9,Light Green,36,205,30,Moderate
25.0,9.2,5.5,30,Black,38,74,121,High
33.2,9.4,7.3,6,Dark Green,24,156,98,High
28.9,9.1,4.4,10,Green,13,180,13,Moderate
29.0,8.4,6.3,33,Black,27,143,136,Moderate
32.6,7.4,2.4,14,Green,20,210,150,High
27.7,8.8,4.4,24,Dark Green,14,65,148,Moderate
30.6,7.5,6.6,28,Brown,12,29,127,Healthy
30.4,8.8,7.4,31,Light Green,29,109,69,Moderate
31.7,6.9,4.0,27,Dark Green,37,246,104,High
30.0,9.3,3.7,13,Brown,22,215,102,High
25.3,6.9,3.9,18,Green,40,296,82,High
27.9,8.5,4.2,30,Green,28,268,28,Moderate
34.1,9.3,6.7,25,Light Green,13,36,36,Moderate
28.2,7.8,2.7,30,Brown,6,172,144,Moderate
29.9,9.5,2.3,27,Black,21,283,31,High
26.7,6.5,4.4,32,Black,19,208,19,High
28.9,7.3,6.6,21,Dark Green,11,226,36,Moderate
24.2,8.7,7.3,11,Green,17,254,115,Moderate
28.0,7.8,4.7,33,Dark Green,39,176,146,Moderate
34.5,6.6,7.2,7,Dark Green,7,120,66,Moderate
27.8,6.9,7.2,11,Light Green,28,160,142,Moderate
32.0,8.2,2.7,15,Black,22,90,4,High
34.9,9.4,6.5,22,Brown,5,224,14,Moderate
32.2,7.3,3.9,34,Green,6,288,131,Moderate
29.6,7.2,4.2,8,Green,19,197,65,Moderate
27.6,6.8,3.5,30,Brown,33,274,113,High
32.1,7.6,5.2,31,Light Green,25,232,33,Moderate
26.9,8.1,5.6,8,Black,26,232,147,Moderate
29.1,8.2,3.6,25,Black,35,130,39,High
32.8,8.3,3.2,15,Brown,38,291,22,High
30.7,9.5,6.2,7,Green,15,129,57,Healthy
26.9,9.1,4.6,7,Green,30,28,129,Moderate
25.0,7.8,5.9,28,Green,3,191,127,Healthy
31.6,8.0,5.4,22,Black,29,148,55,Moderate
33.6,9.3,6.2,27,Dark Green,21,124,94,High
26.3,7.5,4.2,19,Green,18,148,143,Moderate
31.3,8.6,7.8,26,Brown,25,144,100,Moderate
30.7,7.0,2.8,28,Dark Green,6,170,2,Moderate
34.1,8.2,3.6,33,Brown,9,178,15,Moderate
31.8,8.6,6.5,30,Light Green,21,205,111,Moderate
24.5,6.7,2.3,6,Dark Green,18,147,61,High
28.7,7.6,3.2,17,Brown,12,254,46,Moderate
26.6,7.0,5.4,22,Brown,24,214,1,Moderate
25.6,6.5,5.3,8,Black,12,266,81,High
31.1,6.9,3.5,11,Brown,24,167,69,High
31.9,8.2,5.4,26,Black,7,277,16,Moderate
24.4,7.9,6.3,34,Black,9,167,76,Moderate
27.1,6.8,4.0,27,Brown,12,187,25,Moderate
26.3,9.3,2.9,33,Black,15,88,131,High
29.0,8.4,7.9,32,Dark Green,26,144,52,Moderate
27.0,6.6,2.4,34,Light Green,14,121,98,Moderate
34.4,8.4,4.7,7,Brown,1,94,45,Moderate
28.4,7.4,2.5,8,Brown,28,240,14,High
28.5,9.4,7.4,22,Brown,31,48,135,Moderate
24.1,7.1,4.2,31,Brown,34,86,132,High
27.8,8.2,4.0,12,Light Green,37,118,30,Moderate
28.8,9.5,2.6,22,Dark Green,12,244,117,High
33.8,8.4,2.5,14,Green,38,288,78,High
33.8,7.3,7.7,15,Green,20,171,147,Moderate
29.1,6.8,3.1,23,Brown,10,80,130,Moderate
26.9,8.5,2.5,19,Black,38,148,29,High
25.9,7.9,3.3,32,Green,32,143,136,High
25.3,7.7,3.2,24,Dark Green,2,25,142,Moderate
31.2,9.5,5.5,23,Dark Green,0,163,63,Moderate
25.0,6.8,2.0,7,Brown,6,57,123,High
24.1,7.3,3.0,14,Dark Green,13,195,53,High
29.1,6.5,5.8,33,Light Green,2,78,32,Healthy
26.6,8.7,2.8,30,Dark Green,28,216,57,High
32.9,8.6,5.6,12,Brown,17,178,33,Moderate
31.2,7.3,5.6,22,Brown,26,196,89,Moderate
34.6,9.4,4.5,15,Black,1,170,46,High
24.4,8.3,2.6,21,Brown,0,228,125,Moderate
28.3,8.7,2.0,25,Green,23,250,146,Moderate
33.5,8.3,3.7,28,Green,37,94,126,High
29.5,7.5,7.7,22,Light Green,35,135,62,Healthy
30.1,9.4,4.8,33,Green,13,118,35,Moderate
28.1,7.1,6.9,15,Light Green,9,157,37,Healthy
28.6,9.1,7.5,20,Dark Green,19,222,4,Moderate
32.1,8.2,6.1,30,Brown,36,63,11,Moderate
31.9,6.9,6.5,19,Green,27,27,76,Moderate
27.1,6.6,5.8,16,Dark Green,15,242,99,Moderate
27.2,9.5,6.8,5,Brown,12,284,108,Moderate
26.7,9.0,6.5,27,Dark Green,29,266,16,Moderate
28.8,7.8,5.7,34,Green,3,251,148,Healthy
34.3,8.1,4.6,17,Green,2,96,149,Healthy
30.2,7.4,5.1,34,Brown,12,100,126,Healthy
33.1,7.9,6.1,31,Black,13,75,137,Moderate
25.3,9.0,3.1,35,Dark Green,7,219,65,High
30.1,6.9,4.4,10,Green,14,46,30,Moderate
26.4,7.3,6.6,21,Light Green,16,278,21,Moderate
25.2,9.0,7.5,12,Brown,24,133,43,Moderate
26.9,9.2,2.7,6,Black,5,93,2,High
31.3,9.5,6.1,12,Brown,28,34,78,Moderate
29.3,6.9,5.8,7,Green,32,217,116,Moderate
32.9,8.0,7.0,25,Green,2,130,144,Healthy
31.9,6.5,6.0,31,Black,4,182,70,Moderate
29.0,9.3,4.2,18,Dark Green,7,37,136,Moderate
26.5,7.6,5.1,16,Green,1,24,91,Healthy
33.4,9.2,2.9,16,Green,23,240,64,High
29.0,6.7,6.2,31,Light Green,27,138,118,Moderate
34.3,6.8,2.6,13,Black,34,182,102,High
29.4,9.2,7.2,28,Black,18,196,140,High
31.5,9.1,6.4,28,Black,0,183,18,Moderate
33.6,6.8,7.5,10,Brown,40,108,148,High
25.0,6.6,6.2,35,Black,7,62,30,High
24.5,9.0,6.0,33,Brown,30,195,93,Moderate
33.0,7.0,7.0,23,Light Green,30,95,93,Moderate
33.5,7.2,5.6,31,Black,22,174,73,High
26.5,8.4,2.8,6,Green,35,38,65,Moderate
26.1,7.0,7.1,9,Brown,38,114,75,Moderate
25.3,9.0,4.6,13,Black,4,20,110,Moderate
32.6,9.2,6.0,34,Green,38,156,139,Moderate
24.6,9.3,2.2,18,Light Green,32,259,48,High
29.6,6.9,7.1,32,Light Green,2,89,96,Healthy
34.0,6.7,3.7,8,Black,37,103,116,High
34.7,9.2,6.0,7,Green,35,41,70,Moderate
27.5,6.5,4.7,16,Dark Green,4,135,59,Moderate
28.9,8.3,3.1,31,Brown,40,21,130,Moderate
24.9,9.2,3.3,29,Light Green,9,70,26,High
27.4,7.3,3.2,18,Brown,6,137,47,Moderate
32.6,8.8,5.3,16,Black,22,123,29,High
29.2,7.6,5.5,18,Light Green,0,158,148,Healthy
28.7,6.5,5.2,22,Dark Green,31,153,56,Moderate
27.0,8.6,4.5,26,Dark Green,3,199,93,Moderate
31.3,7.6,2.9,8,Light Green,33,48,47,Moderate
25.7,8.7,2.4,24,Brown,39,282,74,High
29.8,7.2,2.9,32,Black,36,81,118,High
29.0,7.6,5.1,15,Green,26,234,1,Healthy
31.7,7.2,5.3,23,Brown,16,100,122,Moderate
28.2,6.8,7.0,15,Light Green,0,218,113,Healthy
30.8,7.7,6.7,8,Brown,11,276,37,Healthy
33.1,9.0,3.3,21,Black,16,170,129,High
32.2,9.3,4.8,18,Brown,6,238,13,Moderate
24.8,8.4,7.9,12,Light Green,11,88,76,Healthy
29.8,7.3,4.7,21,Dark Green,23,246,77,Moderate
30.5,6.8,5.5,25,Green,9,197,49,Healthy
30.0,8.2,6.0,23,Brown,22,83,71,Moderate
32.9,7.6,5.7,29,Light Green,40,175,125,Moderate
24.2,7.2,3.5,27,Black,4,297,101,High
29.6,7.8,5.6,20,Light Green,29,98,132,Healthy
25.8,7.2,7.6,23,Black,2,127,144,Moderate
30.1,9.2,3.3,27,Light Green,7,208,96,Moderate
27.1,9.0,6.0,21,Green,26,231,138,Moderate
25.9,6.7,4.5,34,Brown,22,78,26,High
33.8,8.0,3.0,17,Dark Green,4,206,32,Moderate
34.0,7.9,6.4,18,Green,15,44,38,Healthy
24.9,9.2,4.8,9,Light Green,31,186,22,High
26.3,6.9,6.6,35,Black,20,103,145,High
26.2,8.4,7.0,35,Black,0,282,45,Healthy
25.6,7.2,4.6,30,Dark Green,10,212,50,Moderate
29.0,6.6,4.9,13,Dark Green,10,233,15,Moderate
24.6,7.5,5.0,32,Black,11,154,35,Moderate
31.2,6.9,3.0,20,Light Green,15,207,129,Moderate
31.3,8.6,4.7,13,Light Green,4,163,17,Healthy
28.1,7.9,7.8,17,Dark Green,29,253,122,Moderate
28.9,6.8,6.1,14,Light Green,6,32,61,Healthy
34.3,8.2,4.3,6,Light Green,28,177,133,Moderate
25.9,6.8,4.3,7,Brown,23,96,82,High
31.8,7.7,5.9,34,Green,31,101,3,Moderate
25.4,9.4,3.5,7,Light Green,3,156,133,Moderate
34.7,7.6,4.4,15,Black,22,27,49,High
32.2,9.0,2.2,28,Green,34,224,65,High
31.5,8.5,6.9,5,Light Green,13,224,4,Healthy
27.3,9.2,2.1,16,Brown,31,124,88,High
30.0,7.2,3.3,30,Black,29,25,96,High
29.8,8.8,4.8,18,Light Green,2,36,105,Healthy
25.9,6.8,6.5,7,Green,37,157,113,Moderate
31.4,9.2,2.9,18,Dark Green,31,254,17,High
30.0,6.8,5.5,19,Light Green,33,186,78,Moderate
26.4,7.1,2.8,19,Black,37,95,38,High
31.5,7.5,4.6,28,Dark Green,13,151,94,Moderate
24.8,7.9,6.3,11,Black,20,274,23,High
32.5,7.1,4.0,7,Brown,28,81,84,Moderate
25.5,7.6,2.9,31,Brown,26,253,133,High
32.5,9.1,2.9,15,Brown,9,121,129,High
32.7,7.7,4.5,32,Green,25,223,11,Moderate
34.6,9.0,5.5,29,Brown,5,98,19,Moderate
32.2,8.5,3.2,26,Green,33,214,19,Moderate
27.6,7.4,3.4,15,Green,25,54,91,Moderate
30.7,6.8,3.2,14,Dark Green,36,28,56,High
32.1,8.3,2.6,35,Brown,35,51,104,High
25.2,6.5,7.3,6,Green,22,90,129,Moderate
29.6,8.1,4.6,22,Black,31,106,26,Moderate
31.8,9.2,3.5,31,Dark Green,17,46,112,High
24.6,8.3,5.1,28,Dark Green,40,68,16,Moderate
34.8,7.0,5.6,27,Green,38,50,58,Moderate
33.5,8.3,4.0,30,Light Green,25,75,28,Moderate
27.3,7.3,7.6,35,Dark Green,30,82,33,Moderate
32.2,8.7,2.7,21,Brown,18,106,36,High
34.7,6.9,6.9,15,Light Green,7,198,115,Moderate
25.4,7.3,7.4,34,Brown,19,122,18,Moderate
33.3,9.0,5.1,7,Black,22,181,119,High
29.0,7.4,4.9,18,Dark Green,31,172,35,Moderate
26.1,8.7,7.1,17,Brown,4,175,141,Healthy
33.8,6.8,6.3,32,Green,0,260,122,Moderate
25.7,6.8,6.6,9,Brown,14,173,3,Moderate
32.6,7.0,3.3,14,Brown,10,160,137,Moderate
31.4,9.1,7.5,25,Dark Green,16,214,55,High
30.4,7.7,7.7,33,Brown,3,284,31,Healthy
25.2,8.3,7.4,29,Light Green,11,33,131,Healthy
28.8,6.9,2.1,11,Brown,34,44,23,High
25.4,9.4,6.9,5,Black,6,91,79,High
24.3,8.7,7.4,8,Dark Green,33,200,68,High
26.0,7.6,6.3,20,Green,25,188,69,Healthy
34.5,6.6,2.6,19,Light Green,32,87,68,High
33.4,7.4,5.5,27,Light Green,31,276,39,Moderate
24.5,8.1,4.4,12,Light Green,1,288,20,Healthy
31.4,7.5,5.4,35,Brown,1,244,7,Healthy
33.2,6.9,4.5,34,Green,23,195,131,High
24.7,6.9,3.6,28,Green,39,283,52,High
26.6,6.7,6.3,9,Dark Green,7,106,129,Moderate
28.1,7.9,4.5,19,Green,5,259,40,Healthy
24.1,9.4,5.8,21,Light Green,6,181,110,Moderate
27.5,8.0,4.4,11,Light Green,0,124,91,Healthy
30.7,7.5,3.7,33,Dark Green,12,207,118,Moderate
25.9,6.9,4.6,18,Brown,23,171,19,High
27.0,8.0,3.6,27,Brown,12,39,78,Moderate
31.9,7.3,6.2,29,Dark Green,21,249,21,Moderate
27.7,9.0,7.4,22,Brown,21,256,57,Moderate
29.2,8.3,3.6,21,Dark Green,40,137,26,High
33.5,9.3,6.7,15,Brown,26,204,7,High
31.2,7.1,3.2,32,Dark Green,19,181,13,High
27.0,8.9,6.6,5,Black,12,122,129,Moderate
32.1,8.6,3.9,9,Brown,6,252,28,Moderate
33.3,8.8,7.2,26,Black,33,292,150,High
31.3,7.8,3.2,19,Dark Green,9,70,67,Moderate
28.0,6.8,6.8,12,Light Green,18,289,47,Moderate
32.2,8.9,2.9,14,Black,27,68,140,High
29.4,8.7,5.5,24,Black,3,167,85,Moderate
27.9,7.9,5.4,21,Black,3,247,7,Healthy
25.5,9.3,2.7,26,Black,1,100,3,High
25.0,8.2,6.1,8,Light Green,26,88,101,Moderate
24.8,7.8,2.4,32,Dark Green,36,90,119,High
29.8,8.9,7.3,34,Black,40,231,95,Moderate
33.5,7.0,5.5,6,Dark Green,34,77,14,High
30.1,8.8,7.6,9,Light Green,13,172,6,Healthy
26.0,6.6,4.7,5,Light Green,29,80,109,Moderate
25.7,9.5,4.3,8,Dark Green,28,251,14,High
32.1,9.1,4.0,32,Light Green,8,195,41,Moderate
33.2,7.5,5.6,12,Green,29,149,56,Moderate
31.3,8.5,7.9,19,Dark Green,7,148,134,Moderate
29.3,9.4,7.1,30,Green,20,36,65,Moderate
27.8,8.9,6.1,15,Black,25,155,46,Moderate
28.1,7.0,3.3,32,Light Green,29,189,125,Moderate
31.4,7.9,4.5,28,Brown,37,128,95,Moderate
26.9,7.4,6.7,33,Black,32,259,122,Moderate
31.6,7.8,6.0,13,Light Green,21,286,52,Moderate
33.3,6.9,7.9,35,Dark Green,18,151,70,High
28.8,6.9,7.3,13,Black,21,179,138,High
27.4,7.0,5.2,26,Dark Green,5,44,96,Healthy
27.1,7.1,7.5,11,Brown,32,295,102,Moderate
28.9,8.9,5.8,29,Dark Green,33,188,125,Moderate
31.6,8.5,2.5,20,Dark Green,11,265,61,Moderate
33.5,8.5,6.3,25,Brown,40,30,21,Moderate
31.9,8.8,2.9,10,Black,21,77,119,High
24.0,7.6,7.5,15,Black,6,54,69,Moderate
32.9,8.7,6.2,22,Light Green,5,179,30,Healthy
29.6,8.7,3.2,28,Brown,3,164,56,Moderate
26.1,7.3,2.1,14,Brown,27,224,124,High
32.3,7.3,7.3,27,Green,26,162,28,Moderate
25.3,8.6,5.0,10,Dark Green,25,187,110,High
30.4,7.6,2.5,17,Green,21,103,132,Moderate
24.9,8.9,4.0,13,Brown,34,271,65,High
28.0,9.2,4.4,32,Light Green,14,285,78,Moderate
27.6,7.8,4.6,24,Light Green,39,81,45,Moderate
28.4,8.3,4.2,11,Dark Green,8,182,90,Moderate
33.5,6.5,5.7,30,Green,32,224,46,Moderate
30.7,7.7,4.5,19,Light Green,14,107,85,Healthy
24.7,7.1,6.5,16,Light Green,37,197,23,Moderate
29.9,8.2,5.1,14,Black,33,246,43,Moderate
34.6,7.1,5.2,24,Green,10,50,136,Moderate
34.2,7.2,2.8,22,Dark Green,29,53,81,High
31.1,7.5,4.9,27,Green,38,276,37,Moderate
28.0,7.0,8.0,25,Green,30,81,143,Moderate
35.0,8.7,7.5,19,Light Green,27,223,41,Moderate
33.8,7.6,7.4,28,Light Green,28,198,49,Moderate
26.9,6.9,2.1,17,Light Green,32,300,63,High
31.9,7.3,6.4,8,Black,16,115,27,High
28.3,6.8,2.3,19,Black,40,31,48,High
32.2,8.9,6.6,10,Dark Green,11,141,56,Moderate
32.1,7.3,3.7,20,Green,6,39,141,Moderate
24.1,7.2,7.2,23,Brown,19,157,107,Moderate
27.5,7.2,4.9,35,Dark Green,40,170,21,Moderate
25.8,7.9,7.3,10,Dark Green,31,184,59,Moderate
31.4,8.0,7.0,29,Black,26,254,96,Moderate
34.0,7.9,4.0,8,Black,21,103,17,High
34.5,9.0,5.1,16,Green,0,213,65,Healthy
27.2,7.4,3.8,7,Brown,19,26,45,High
33.1,8.6,4.5,29,Brown,28,167,97,High
25.3,7.7,4.8,35,Green,38,159,80,Moderate
31.8,9.2,4.3,14,Green,4,127,110,Moderate
30.3,8.5,7.0,12,Brown,22,91,8,Moderate
30.2,9.5,6.3,13,Brown,40,292,13,Moderate
26.1,6.6,7.9,6,Brown,9,247,79,Moderate
27.1,7.2,6.2,20,Light Green,24,188,54,Moderate
24.0,9.3,7.8,17,Brown,3,274,108,Moderate
25.0,8.0,3.9,26,Dark Green,11,47,89,High
32.5,7.3,2.2,10,Dark Green,19,82,30,High
28.6,8.3,5.7,30,Green,28,166,41,Healthy
26.9,8.0,6.6,7,Dark Green,34,29,30,Moderate
31.2,8.0,6.9,16,Green,23,244,146,Moderate
32.3,7.0,5.3,5,Brown,29,149,26,Moderate
27.4,9.4,6.1,17,Dark Green,33,90,126,Moderate
31.3,8.0,4.9,29,Black,6,156,121,Moderate
25.6,7.2,4.0,12,Brown,24,110,14,High
31.6,8.7,6.7,15,Black,8,77,9,Moderate
28.0,8.2,5.1,8,Brown,34,54,13,Moderate
24.5,9.4,6.8,28,Black,36,188,45,High
29.9,6.8,6.2,32,Dark Green,39,203,41,Moderate
28.9,6.8,3.8,7,Dark Green,19,290,47,High
27.8,7.8,3.5,23,Light Green,39,208,69,Moderate
34.4,8.5,7.0,12,Dark Green,2,133,70,Moderate
30.9,7.8,2.2,7,Black,3,150,66,Moderate
32.7,7.7,5.6,34,Black,31,186,55,Moderate
26.7,7.9,6.3,18,Dark Green,1,239,3,Healthy
33.5,7.9,3.8,32,Light Green,32,237,125,High
32.4,8.8,6.7,22,Dark Green,23,273,48,Moderate
24.7,7.7,2.6,21,Dark Green,27,127,59,High
33.1,6.9,4.5,22,Brown,17,55,100,High
29.1,7.6,2.6,11,Black,12,143,115,Moderate
25.7,7.4,6.3,30,Light Green,7,126,21,Moderate
32.5,6.9,7.5,25,Black,13,30,144,Moderate
31.7,7.1,3.2,29,Black,0,143,107,High
29.4,7.2,2.2,14,Green,29,281,62,Moderate
27.2,8.4,6.1,17,Brown,11,24,134,Healthy
24.2,8.6,6.5,15,Dark Green,31,201,97,High
32.2,7.4,4.1,22,Dark Green,21,272,150,High
30.0,7.9,3.8,23,Light Green,19,240,37,Moderate
26.1,8.3,6.5,14,Brown,5,242,88,Healthy
32.6,8.9,2.4,28,Black,18,111,88,High
33.7,8.5,5.3,34,Light Green,16,183,70,Moderate
33.0,6.7,4.9,15,Brown,40,40,120,High
26.3,7.9,3.0,16,Light Green,21,255,50,Moderate
26.9,7.3,2.9,18,Brown,29,55,142,High
27.0,9.3,4.2,5,Black,10,111,14,Moderate
32.9,9.4,5.0,25,Dark Green,2,134,66,Moderate
28.4,7.1,2.4,30,Dark Green,13,213,12,Moderate
32.6,8.4,6.2,20,Dark Green,4,82,141,Healthy
31.3,7.1,6.1,34,Black,30,172,147,High
28.3,9.3,2.7,12,Black,5,47,118,High
32.4,8.9,7.9,17,Brown,15,292,123,Moderate
32.2,8.5,7.3,19,Light Green,13,96,111,Healthy
34.4,6.8,2.2,7,Black,9,66,43,High
31.5,8.4,2.9,24,Light Green,39,213,99,Moderate
26.6,8.7,7.3,29,Green,13,178,104,Healthy
28.3,6.7,3.5,22,Light Green,35,52,147,High
30.5,7.0,2.0,26,Green,35,266,27,Moderate
26.9,8.0,5.0,31,Dark Green,25,251,86,Moderate
25.7,7.2,6.7,12,Brown,19,94,22,Moderate
33.5,8.7,3.3,31,Dark Green,1,171,123,High
30.3,7.5,3.9,18,Brown,16,44,53,Moderate
30.8,7.4,5.9,7,Brown,34,183,48,Moderate
29.0,8.2,4.8,27,Dark Green,20,276,118,Moderate
26.3,8.3,6.3,17,Light Green,23,198,121,Healthy
26.6,9.2,7.3,12,Light Green,30,231,101,Moderate
25.1,7.6,3.3,30,Brown,21,236,23,High
33.4,7.3,5.6,32,Green,28,30,135,Moderate
30.4,8.6,6.7,23,Brown,8,81,102,Healthy
24.3,9.4,6.2,28,Green,14,215,1,Moderate
30.6,9.5,3.7,12,Light Green,33,97,99,High
33.6,7.0,4.0,22,Dark Green,32,276,129,High
31.2,8.8,3.7,34,Green,17,234,50,High
24.3,8.8,3.2,13,Black,30,79,47,High
28.6,6.8,3.6,25,Black,25,82,116,High
25.7,7.6,5.5,20,Black,37,169,102,High
29.4,7.8,6.8,9,Green,8,275,114,Healthy
28.8,9.3,6.1,25,Green,3,57,92,Healthy
28.6,8.4,5.9,20,Dark Green,8,85,140,Healthy
24.8,7.9,7.0,20,Light Green,36,171,25,Moderate
30.2,6.6,6.9,17,Dark Green,18,230,94,Moderate
28.0,6.8,4.6,14,Black,1,72,117,Moderate
25.6,8.0,6.2,10,Light Green,33,54,44,Moderate
33.7,6.6,3.0,21,Green,1,244,77,Moderate
33.3,8.1,2.2,34,Dark Green,39,220,94,High
34.2,9.0,3.2,31,Dark Green,13,275,93,High
29.1,8.3,3.2,34,Light Green,23,292,109,Moderate
28.5,7.7,6.1,21,Light Green,2,148,139,Healthy
24.5,8.5,7.4,5,Brown,31,64,86,Moderate
27.2,8.4,6.0,11,Dark Green,20,40,75,Moderate
34.8,9.2,5.0,15,Black,23,193,69,High
32.1,6.7,7.9,28,Black,21,161,1,High
32.9,9.3,3.9,18,Light Green,3,286,43,Moderate
32.3,9.0,3.6,31,Brown,26,109,81,High
28.3,8.1,4.7,23,Dark Green,11,101,26,Moderate
26.0,7.2,2.8,30,Green,24,43,98,Moderate
24.9,9.3,7.8,7,Light Green,0,289,83,Moderate
34.1,7.9,6.6,22,Black,16,228,111,High
32.9,7.5,5.0,8,Brown,23,182,38,Moderate
34.5,8.4,6.9,26,Black,23,218,144,High
27.1,8.2,7.0,22,Dark Green,3,262,9,Healthy
28.8,7.1,7.2,6,Black,6,230,132,Moderate
24.7,8.4,3.3,33,Dark Green,5,137,130,Moderate
24.4,9.2,7.9,15,Light Green,26,218,48,Moderate
32.4,6.8,5.2,32,Brown,16,299,147,Moderate
34.8,8.9,6.8,8,Dark Green,38,230,31,High
34.3,8.3,5.7,31,Black,31,195,139,High
25.7,8.5,3.1,22,Brown,24,223,30,High
29.5,7.1,3.5,6,Brown,18,262,90,High
32.3,9.5,3.9,25,Black,17,182,17,High
30.2,6.6,5.1,16,Dark Green,29,84,65,Moderate
32.0,6.7,7.5,9,Black,7,64,121,Moderate
27.8,8.1,7.7,7,Dark Green,13,299,29,Healthy
31.4,7.4,2.5,15,Brown,29,294,75,High
27.5,9.1,3.1,9,Light Green,9,211,72,Moderate
30.1,8.2,7.3,12,Green,15,61,17,Healthy
26.7,7.7,7.9,20,Light Green,18,149,100,Healthy
25.7,8.5,4.2,29,Green,5,103,29,Healthy
34.4,7.4,6.5,32,Light Green,7,43,92,Moderate
32.3,6.6,4.9,28,Black,29,214,101,High
26.6,8.6,5.6,30,Brown,30,121,43,Moderate
34.8,6.6,2.2,11,Black,27,175,87,High
33.5,7.3,4.6,10,Green,36,53,47,Moderate
25.8,9.1,3.2,18,Dark Green,14,34,6,High
33.7,9.3,3.3,26,Black,31,141,131,High
34.2,7.6,4.7,13,Brown,18,129,142,Moderate
29.9,8.9,5.3,27,Light Green,23,79,64,Moderate
30.6,7.6,4.6,35,Green,38,27,129,Moderate
30.0,6.6,3.7,14,Dark Green,32,32,142,High
24.8,7.9,6.2,5,Green,15,167,107,Healthy
34.5,9.4,7.4,20,Green,12,172,148,Moderate
30.0,7.5,3.0,15,Green,16,201,20,Moderate
28.8,8.0,3.7,23,Brown,35,127,44,Moderate
32.7,7.4,2.4,28,Light Green,32,206,26,High
24.3,6.8,5.7,27,Brown,24,255,83,High
33.8,7.2,4.7,22,Light Green,11,43,68,Moderate
34.6,8.1,3.7,17,Green,7,290,25,Moderate
29.5,8.5,6.2,21,Green,2,40,139,Healthy
31.2,7.9,6.3,19,Light Green,19,229,80,Moderate
31.9,8.4,7.1,6,Light Green,31,207,12,Moderate
33.9,8.2,6.5,7,Black,10,93,63,Moderate
25.1,9.4,2.3,23,Light Green,24,93,64,High
34.1,6.7,2.5,12,Green,19,263,36,High
26.2,9.0,3.5,30,Green,1,128,116,Moderate
31.1,7.7,5.6,31,Dark Green,12,228,64,Moderate
34.1,8.7,2.9,6,Light Green,34,209,75,High
34.0,7.4,5.7,5,Green,7,249,106,Moderate
31.6,7.2,4.5,25,Dark Green,37,176,55,High
34.4,6.5,6.4,33,Dark Green,27,116,92,High
34.3,7.0,6.8,20,Green,21,95,115,Moderate
27.5,6.7,7.7,9,Light Green,36,199,115,Moderate
28.6,7.3,6.6,13,Green,39,239,131,Moderate
26.3,8.1,5.8,29,Green,9,184,28,Healthy
26.6,8.1,5.1,11,Black,5,150,114,Healthy
34.3,6.7,5.2,27,Black,35,61,59,High
27.1,8.3,4.5,26,Light Green,24,39,71,Moderate
25.8,8.2,5.1,7,Light Green,22,83,45,Moderate
32.1,8.6,5.9,5,Light Green,23,284,87,Moderate
30.9,8.7,2.2,8,Brown,12,95,26,Moderate
27.8,7.1,5.1,27,Green,33,242,149,Moderate
28.6,7.0,4.6,17,Dark Green,24,39,62,Moderate
28.8,7.2,5.7,12,Light Green,20,200,100,Moderate
26.9,8.8,5.7,12,Dark Green,29,261,13,Moderate
25.1,8.9,4.6,26,Brown,1,212,68,Moderate
27.3,7.1,3.0,30,Black,3,117,11,Moderate
26.0,7.6,4.6,6,Brown,18,240,29,Moderate
32.6,9.0,5.6,15,Black,39,121,57,High
34.9,7.7,4.4,16,Black,27,199,39,High
29.0,9.4,3.6,19,Brown,12,293,98,Moderate
26.2,6.6,3.2,5,Dark Green,32,286,40,High
26.7,7.4,4.7,35,Black,24,213,74,High
35.0,8.2,6.9,23,Black,22,174,126,High
31.8,7.2,4.6,8,Dark Green,33,222,49,High
26.1,7.0,3.0,12,Light Green,32,171,39,Moderate
28.1,8.4,6.9,31,Light Green,18,176,87,Healthy
34.0,8.8,7.3,34,Dark Green,35,79,142,High
31.3,6.9,2.2,9,Light Green,6,31,101,Moderate
33.6,7.7,2.6,28,Dark Green,37,234,127,High
32.3,7.1,2.1,35,Brown,3,182,123,Moderate
32.8,8.4,7.1,11,Brown,39,185,96,Moderate
27.4,9.4,5.2,5,Black,14,166,85,Moderate
31.9,9.1,3.7,19,Black,38,269,28,High
28.9,6.9,7.8,21,Dark Green,6,257,40,Moderate
28.5,7.8,4.7,29,Brown,12,33,49,Healthy
25.6,7.6,6.8,18,Brown,28,120,128,Moderate
33.5,7.9,4.5,25,Light Green,34,124,19,Moderate
26.4,7.9,5.8,5,Brown,3,156,97,Healthy
26.3,7.1,3.9,34,Dark Green,4,192,87,Moderate
31.1,7.1,5.3,7,Green,1,217,78,Healthy
24.8,7.6,5.3,23,Brown,24,280,129,Moderate
29.3,6.9,2.9,26,Light Green,19,114,70,High
32.5,8.4,3.9,33,Black,9,134,131,High
34.4,7.2,2.1,18,Brown,3,65,127,Moderate
25.4,6.6,4.1,6,Green,5,80,66,Moderate
25.0,8.6,4.7,21,Dark Green,18,80,93,High
33.9,7.7,5.7,25,Dark Green,35,278,1,Moderate
31.2,6.6,7.3,33,Green,0,83,111,Healthy
25.4,9.3,4.7,26,Green,18,189,92,High
31.1,7.5,5.5,16,Brown,5,127,84,Healthy
26.2,9.3,6.0,17,Black,38,111,11,High
30.1,7.6,4.1,24,Light Green,19,65,28,Moderate
31.9,7.6,5.3,14,Dark Green,21,163,40,Moderate
30.6,7.5,6.3,27,Black,2,48,107,Healthy
26.5,7.3,6.1,10,Black,24,297,103,Moderate
33.4,7.7,6.8,25,Light Green,11,51,55,Healthy
30.6,7.3,3.3,32,Black,26,144,4,High
34.2,9.2,3.0,35,Black,38,162,46,High
26.7,8.1,7.3,26,Black,12,172,8,Moderate
30.4,7.4,6.3,32,Light Green,28,186,20,Moderate
30.3,8.5,3.6,34,Dark Green,31,284,31,High
31.5,8.5,7.2,32,Black,5,295,110,Moderate
34.9,6.9,5.2,14,Dark Green,9,274,113,Moderate
31.9,8.1,5.3,29,Light Green,20,156,58,Moderate
29.4,9.3,6.8,16,Light Green,19,67,35,Moderate
26.0,8.3,2.3,6,Dark Green,0,153,80,Moderate
33.4,6.6,3.2,34,Black,20,77,102,High
34.4,8.5,4.5,12,Light Green,26,188,50,Moderate
33.3,8.7,2.1,34,Dark Green,27,249,76,High
26.3,8.6,3.9,8,Dark Green,20,281,130,High
28.0,7.1,3.1,28,Green,11,191,80,Moderate
26.9,8.0,3.8,12,Black,38,160,94,High
31.2,7.6,7.3,7,Brown,14,221,89,Healthy
27.1,8.0,5.4,29,Green,33,85,122,Healthy
24.2,6.7,2.7,13,Green,18,42,5,High
32.4,9.3,3.6,5,Black,35,124,41,High
25.3,7.4,5.1,14,Brown,7,192,35,Moderate
24.5,8.7,7.7,18,Light Green,32,277,109,Moderate
33.7,9.4,3.5,14,Black,30,113,142,High
34.9,9.4,3.0,23,Green,36,226,148,High
34.0,9.1,6.2,12,Green,20,62,147,Moderate
27.1,6.9,3.3,35,Brown,23,78,147,High
27.2,7.3,5.7,26,Brown,2,158,56,Healthy
28.3,7.6,2.9,27,Dark Green,22,87,149,High
34.9,9.1,7.9,18,Light Green,21,280,32,Moderate
33.0,7.7,5.1,25,Light Green,28,136,130,Moderate
26.6,8.7,7.3,32,Brown,26,269,32,Moderate
31.1,8.2,2.5,9,Dark Green,16,39,40,High
30.4,7.3,6.3,11,Black,34,296,49,Moderate
30.9,6.7,2.3,16,Black,39,269,107,High
33.2,7.6,2.3,31,Light Green,6,277,61,Moderate
24.3,7.9,5.8,25,Dark Green,10,129,44,Moderate
34.7,7.2,5.1,28,Green,5,124,100,Healthy
25.4,8.1,5.3,13,Dark Green,17,58,42,Moderate
26.0,8.0,6.0,20,Green,2,113,85,Healthy
33.6,8.1,6.8,33,Brown,10,67,29,Moderate
25.3,7.2,6.8,33,Black,13,106,43,Moderate
27.1,6.6,3.0,15,Green,1,29,135,Moderate
29.2,9.3,3.5,30,Brown,20,262,51,High
34.9,8.7,7.2,7,Light Green,14,256,139,Moderate
29.7,8.0,4.5,7,Brown,28,48,135,Moderate
27.4,7.3,7.0,16,Green,25,66,38,Moderate
27.9,6.6,5.5,34,Light Green,17,83,149,Moderate
30.7,6.7,6.2,18,Light Green,12,258,14,Healthy
29.5,8.5,7.1,17,Light Green,22,75,130,Healthy
30.0,6.9,6.1,27,Brown,16,240,92,Moderate
34.1,8.7,5.7,20,Dark Green,0,40,89,Moderate
33.1,8.5,7.1,17,Brown,36,99,49,Moderate
33.0,8.6,5.9,35,Brown,20,267,15,Moderate
33.4,7.8,5.5,18,Dark Green,26,217,78,Moderate
28.6,7.7,5.3,35,Light Green,16,104,135,Healthy
27.2,7.1,4.8,11,Black,9,271,6,Moderate
28.8,7.1,3.3,34,Green,3,34,103,Moderate
31.2,9.1,5.5,20,Brown,33,117,37,Moderate
25.6,8.9,5.4,22,Black,0,74,56,Moderate
25.3,8.0,2.8,12,Dark Green,7,198,25,High
35.0,9.0,4.9,24,Brown,25,299,7,High
31.6,8.4,5.9,35,Brown,27,144,57,Moderate
30.0,6.6,3.7,16,Dark Green,6,48,26,High
30.9,6.7,7.6,22,Green,13,47,29,Healthy
32.3,7.0,7.5,6,Brown,27,219,109,Moderate
26.8,8.8,7.5,20,Light Green,37,62,21,Moderate
32.4,8.5,2.9,10,Black,5,107,50,Moderate
30.3,8.0,5.4,22,Light Green,8,22,127,Healthy
32.1,7.2,5.5,29,Green,25,58,95,Moderate
27.5,7.9,5.8,14,Black,6,42,23,Moderate
25.6,9.5,4.1,20,Black,40,207,57,High
28.4,7.3,3.1,14,Brown,6,187,124,Moderate
31.9,7.4,2.2,21,Light Green,25,283,86,High
34.4,7.8,2.6,32,Light Green,6,175,131,Moderate
29.3,9.1,4.6,20,Light Green,18,223,108,Moderate
33.7,8.9,5.8,21,Green,17,273,35,Moderate
34.8,7.3,6.8,25,Brown,27,141,71,Moderate
30.5,8.8,7.0,17,Black,39,252,147,Moderate
24.3,7.6,7.1,21,Green,18,79,42,Moderate
24.5,7.2,5.6,28,Black,16,103,24,High
33.4,8.1,5.5,26,Light Green,18,143,67,Moderate
28.1,6.8,4.8,35,Brown,38,256,59,Moderate
25.2,6.5,3.9,22,Black,36,295,6,High
26.5,8.9,4.3,17,Dark Green,37,292,126,Moderate
25.9,9.1,7.3,31,Light Green,9,138,130,Moderate
34.8,7.9,2.1,20,Brown,35,164,78,High
25.7,6.9,6.4,29,Dark Green,38,132,78,High
31.2,8.9,5.0,16,Brown,4,105,128,Healthy
27.6,7.6,2.3,24,Light Green,40,212,3,Moderate
30.2,6.9,7.2,17,Light Green,5,37,69,Healthy
28.1,7.9,6.1,13,Green,4,287,34,Healthy
25.9,7.3,3.2,33,Black,40,298,97,High
29.2,8.5,5.9,17,Black,3,277,123,Healthy
32.0,8.8,6.9,5,Black,23,266,11,High
27.4,9.0,6.9,14,Light Green,35,268,118,Moderate
32.3,8.2,2.2,20,Green,5,118,41,Moderate
32.3,8.9,4.6,25,Green,29,277,132,Moderate
33.7,7.2,4.9,21,Green,4,216,40,Moderate
24.8,7.4,2.6,28,Green,9,131,87,Moderate
25.1,7.4,3.2,10,Green,40,44,17,High
33.5,7.8,5.6,32,Black,21,130,26,High
33.8,8.7,2.0,24,Brown,15,65,109,High
30.7,8.6,2.0,20,Light Green,26,223,3,Moderate
25.1,8.6,7.5,13,Light Green,1,144,59,Healthy
32.1,9.0,7.7,15,Black,7,208,44,Moderate
26.6,9.4,2.3,25,Dark Green,14,47,126,High
26.1,8.0,2.5,22,Brown,2,177,133,Moderate
24.4,7.0,6.7,29,Brown,26,217,113,Moderate
34.8,6.6,5.0,15,Green,18,251,100,Moderate
33.1,7.9,4.6,34,Black,1,237,43,Moderate
29.1,7.7,2.2,6,Brown,11,206,148,Moderate
33.0,6.9,7.8,34,Light Green,1,22,1,Healthy
29.9,7.0,3.0,9,Brown,8,262,78,Moderate
28.4,8.5,7.5,7,Brown,26,141,72,Moderate
28.7,8.7,2.5,9,Brown,11,270,76,Moderate
34.3,7.1,7.1,34,Brown,3,37,28,Moderate
30.0,7.8,5.5,21,Brown,20,255,33,Moderate
34.9,7.8,7.2,26,Light Green,29,32,86,Moderate
33.1,7.5,2.8,30,Light Green,4,198,139,Moderate
32.0,8.4,4.3,15,Brown,14,127,100,Moderate
26.6,7.6,2.8,35,Light Green,2,206,9,Healthy
31.1,9.1,6.5,18,Dark Green,36,170,146,High
34.9,6.6,7.4,5,Black,18,227,32,High
33.0,9.3,2.0,34,Brown,31,147,114,High
29.7,7.4,3.8,34,Dark Green,24,225,86,High
34.0,7.6,5.7,27,Green,30,56,44,Moderate
27.3,6.9,4.4,31,Brown,36,196,62,Moderate
25.0,8.8,6.6,24,Dark Green,21,98,42,High
28.7,7.1,5.4,23,Brown,30,178,146,Moderate
25.5,7.1,7.6,32,Brown,28,46,132,Moderate
29.5,8.7,6.2,8,Dark Green,4,99,67,Healthy
29.7,6.6,5.3,21,Green,36,160,95,Moderate
29.7,7.0,5.4,34,Green,32,279,107,Moderate
27.4,6.7,7.2,30,Dark Green,23,257,134,Moderate
28.7,6.6,2.4,18,Green,17,138,71,High
34.4,7.4,6.2,30,Light Green,28,281,103,Moderate
33.2,8.0,6.3,13,Brown,11,200,11,Moderate
30.8,8.4,3.8,26,Light Green,24,93,119,Moderate
28.6,9.4,3.2,29,Light Green,24,34,113,High
24.4,8.4,6.3,5,Dark Green,31,40,35,Moderate
31.2,7.7,5.6,33,Light Green,16,94,126,Moderate
32.4,7.6,4.0,27,Brown,16,277,90,Moderate
27.3,9.1,2.9,35,Brown,5,52,31,Moderate
24.9,7.7,4.6,23,Black,0,200,59,Moderate
27.5,7.9,7.4,5,Black,26,281,119,Moderate
28.8,8.5,5.7,17,Dark Green,40,206,51,Moderate
32.4,6.7,7.4,6,Dark Green,30,91,55,High
31.2,6.9,3.5,18,Green,27,65,16,High
26.1,6.6,4.9,33,Brown,36,109,117,Moderate
27.1,9.0,3.2,17,Dark Green,5,22,78,Moderate
28.7,8.4,5.1,21,Green,28,106,89,Healthy
24.3,8.5,3.3,11,Black,11,120,36,High
26.8,8.0,2.0,33,Dark Green,32,237,139,High
32.4,9.1,7.3,27,Dark Green,12,204,81,Moderate
26.4,7.1,7.2,31,Black,40,106,23,Moderate
29.3,7.2,3.3,17,Dark Green,38,172,69,High
32.0,9.1,3.9,32,Dark Green,37,62,29,High
24.2,6.9,7.2,12,Brown,38,195,35,High
26.8,8.7,6.8,13,Dark Green,33,205,29,Moderate
24.8,8.6,7.3,30,Dark Green,2,28,82,Moderate
31.8,8.4,5.5,11,Black,6,126,69,Moderate
31.1,7.8,7.2,34,Dark Green,21,179,89,Moderate
32.0,7.3,5.6,8,Light Green,39,119,37,Moderate
28.6,8.5,4.6,26,Dark Green,10,209,145,Moderate
32.4,7.8,4.3,14,Green,30,38,35,Moderate
29.7,9.0,7.7,28,Brown,31,204,46,Moderate
31.5,8.0,5.2,34,Dark Green,2,277,119,Healthy
28.3,6.7,4.4,16,Dark Green,35,140,92,High
28.2,7.9,2.7,33,Light Green,34,150,29,Moderate
34.9,6.8,3.5,9,Light Green,31,207,141,High
27.8,9.2,4.4,26,Brown,22,126,76,Moderate
26.9,9.4,7.8,15,Green,16,20,21,Moderate
24.4,8.4,5.4,5,Black,12,196,32,Moderate
28.3,9.4,2.4,30,Green,26,99,79,High
27.5,7.6,4.3,31,Brown,3,139,113,Healthy
30.9,9.2,4.3,22,Dark Green,18,114,25,High
27.7,7.6,3.8,13,Brown,29,219,109,Moderate
32.7,7.3,5.1,5,Dark Green,15,91,45,Moderate
26.7,7.5,7.1,17,Dark Green,19,154,136,Moderate
31.1,7.5,6.1,28,Black,35,288,145,Moderate
32.6,6.7,3.6,13,Light Green,1,233,110,Moderate
24.4,7.0,7.1,10,Black,18,279,29,High
29.9,7.3,5.5,9,Dark Green,21,230,85,Moderate
31.6,8.8,2.3,7,Black,20,149,103,High
26.8,7.4,6.4,35,Dark Green,18,62,18,Moderate
25.4,8.9,5.4,13,Brown,36,172,117,Moderate
32.0,7.6,5.6,24,Dark Green,38,135,120,Moderate
31.1,8.4,3.2,19,Brown,4,276,8,Moderate
31.0,6.7,2.7,28,Green,24,269,88,High
25.3,8.5,6.1,23,Green,10,126,79,Healthy
27.0,8.0,6.1,18,Light Green,37,210,85,Healthy
30.7,7.6,6.5,25,Light Green,30,38,43,Healthy
26.4,8.1,6.6,34,Dark Green,31,256,21,Moderate
27.3,8.1,2.4,21,Light Green,30,65,121,Moderate
34.3,8.7,3.0,7,Dark Green,38,119,83,High
24.6,6.8,6.6,19,Brown,36,281,15,High
30.1,8.0,4.6,17,Black,29,178,28,Moderate
30.2,6.6,3.2,7,Black,11,297,7,High
30.1,8.2,6.2,11,Brown,39,220,99,Moderate
29.3,7.4,6.0,19,Light Green,3,30,17,Healthy
34.4,8.8,5.3,31,Green,18,89,77,Moderate
27.8,7.2,2.4,33,Light Green,2,270,15,Moderate
29.7,6.8,3.7,32,Black,35,83,31,High
32.1,9.3,2.4,8,Green,30,139,133,High
26.2,8.7,3.8,35,Light Green,29,172,36,Moderate
25.1,6.8,3.3,7,Light Green,6,297,84,High
34.0,8.0,7.2,19,Light Green,12,81,45,Healthy
31.5,7.3,5.2,33,Black,14,220,49,Moderate
33.1,9.3,7.0,34,Black,13,90,85,High
27.7,6.9,6.4,28,Black,29,37,8,High
32.1,7.8,8.0,24,Light Green,15,119,77,Healthy
25.2,6.9,5.6,26,Black,2,119,126,Moderate
26.0,7.9,6.2,30,Black,29,99,123,Moderate
30.4,6.6,7.5,33,Brown,8,191,34,Moderate
34.5,6.9,3.4,18,Green,14,35,8,High
28.1,8.7,6.7,8,Brown,10,206,133,Healthy
30.7,6.9,7.0,22,Light Green,39,262,53,Moderate
32.6,8.2,5.7,20,Dark Green,12,231,49,Moderate
26.6,7.0,6.9,27,Green,9,254,132,Healthy
34.7,7.1,2.1,14,Black,27,46,65,High
33.7,6.7,2.1,15,Black,34,248,85,High
33.0,6.9,2.6,7,Black,28,263,21,High
33.9,7.2,2.7,29,Dark Green,2,146,3,High
25.8,6.6,2.2,33,Dark Green,31,234,115,High
27.9,6.8,3.1,31,Green,17,116,71,High
24.0,7.1,5.7,13,Black,28,78,28,High
30.4,7.7,7.8,10,Brown,9,48,3,Healthy
34.7,8.3,6.0,33,Brown,21,178,17,Moderate
25.3,8.7,6.4,27,Light Green,14,224,10,Moderate
33.9,8.2,5.1,30,Black,17,128,37,High
31.1,6.6,6.3,33,Light Green,16,89,131,Moderate
29.9,7.7,7.5,29,Dark Green,35,34,32,Moderate
28.4,7.9,4.3,10,Black,22,232,44,Moderate
25.7,8.5,7.3,13,Light Green,12,277,95,Healthy
32.9,8.9,6.9,14,Brown,4,136,31,Healthy
30.9,6.8,4.5,30,Black,7,140,80,Moderate
34.1,9.5,3.7,34,Brown,23,245,64,High
26.6,6.8,4.0,22,Dark Green,32,74,86,High
30.1,8.2,7.5,10,Black,28,100,96,Moderate
25.1,8.6,2.4,19,Black,33,234,107,High
34.9,7.9,6.5,14,Brown,3,92,127,Healthy
24.0,7.9,6.1,19,Light Green,28,208,125,Moderate
26.5,7.4,7.2,28,Black,20,36,11,Moderate
31.5,7.6,3.0,8,Green,19,183,41,Moderate
25.4,9.2,6.3,5,Brown,12,269,1,Moderate
33.5,6.7,6.5,24,Brown,23,257,48,High
31.4,7.6,6.7,11,Dark Green,18,267,3,Moderate
24.9,6.8,5.3,19,Black,12,284,9,High
24.7,7.6,2.2,11,Green,40,142,88,High
27.9,7.3,2.7,28,Black,30,186,98,High
32.1,9.1,7.5,33,Light Green,20,110,129,Moderate
32.3,7.1,3.6,20,Black,7,185,70,High
26.3,6.5,6.5,14,Brown,28,240,9,Moderate
25.5,8.8,3.4,35,Brown,35,270,40,High
34.3,9.2,6.1,30,Dark Green,13,20,95,Moderate
24.4,8.4,7.0,23,Light Green,12,92,20,Healthy
25.4,7.8,6.3,33,Black,0,117,62,Moderate
34.6,8.7,4.2,21,Green,27,282,20,Moderate
33.6,7.4,4.5,13,Black,5,38,125,Moderate
26.7,7.4,6.6,29,Light Green,15,97,38,Healthy
29.6,8.8,2.1,34,Light Green,10,49,127,Moderate
34.4,9.4,4.0,24,Light Green,12,266,83,Moderate
27.3,8.5,3.9,21,Green,35,86,56,Moderate
32.7,8.4,7.0,5,Brown,22,298,42,Moderate
30.3,7.0,3.5,29,Light Green,22,32,21,Moderate
31.5,9.3,7.6,27,Light Green,1,87,51,Healthy
34.0,9.5,6.8,27,Light Green,7,183,67,Moderate
34.2,8.4,4.3,32,Green,20,152,22,Moderate
26.4,6.7,2.6,11,Black,4,21,138,High
31.1,8.3,2.5,14,Green,37,292,103,Moderate
28.9,7.9,6.1,8,Light Green,29,213,128,Healthy
31.9,9.0,4.9,17,Black,23,158,29,High
32.4,9.4,5.9,27,Light Green,21,143,122,Moderate
32.7,6.9,6.1,25,Black,22,73,117,High
32.6,9.3,6.2,27,Dark Green,12,186,108,Moderate
30.8,7.4,7.3,24,Light Green,37,112,134,Moderate
27.3,8.8,6.2,24,Brown,9,212,55,Healthy
26.4,8.9,2.3,30,Dark Green,13,106,93,Moderate
30.3,7.0,2.6,29,Green,26,67,15,Moderate
31.7,9.4,7.0,21,Brown,7,273,32,Moderate
26.7,9.1,2.5,35,Dark Green,23,264,129,High
24.4,7.4,5.9,33,Dark Green,8,169,118,Moderate
28.0,8.0,3.6,5,Brown,12,293,118,Moderate
32.5,7.2,2.6,20,Black,15,153,53,High
24.3,8.5,6.4,12,Green,1,144,45,Healthy
29.5,8.7,7.1,12,Light Green,4,293,142,Healthy
24.5,7.3,4.2,13,Dark Green,38,242,117,High
33.3,8.0,5.9,35,Brown,18,191,76,Moderate
25.5,7.2,4.3,18,Black,18,52,67,High
25.9,8.7,5.5,31,Brown,3,214,12,Moderate
32.1,8.7,4.1,35,Brown,11,92,67,Moderate
25.7,9.5,7.3,34,Brown,6,215,16,Moderate
33.5,7.0,5.9,14,Dark Green,8,214,28,Moderate
27.1,7.6,5.0,26,Black,11,243,93,Moderate
26.7,7.9,4.1,9,Dark Green,40,91,134,Moderate
30.1,9.5,4.7,26,Dark Green,28,251,123,High
25.9,8.5,4.2,8,Black,32,242,40,High
25.2,7.5,6.4,18,Brown,22,194,70,Moderate
27.9,7.0,5.2,29,Light Green,8,120,99,Healthy
24.1,8.4,4.9,12,Dark Green,35,205,69,High
25.2,6.7,6.9,15,Dark Green,33,217,47,High
28.9,8.8,7.0,23,Light Green,14,122,108,Healthy
33.1,6.7,3.1,12,Brown,28,215,148,High
26.3,7.6,3.6,30,Brown,8,234,136,Moderate
34.6,7.2,3.6,35,Green,36,131,10,High
34.2,8.9,7.8,15,Green,4,272,56,Healthy
35.0,9.3,4.0,32,Light Green,9,135,55,Moderate
34.4,6.8,2.9,10,Light Green,30,129,117,High
26.2,7.4,2.8,12,Black,8,140,73,High
34.7,7.8,5.4,8,Brown,35,192,101,Moderate
25.1,9.3,7.4,6,Black,36,217,79,High
26.5,8.2,7.5,14,Light Green,1,236,76,Healthy
27.1,6.5,5.9,8,Brown,33,160,119,Moderate
34.2,9.2,3.4,28,Light Green,11,30,77,High
26.4,8.2,7.2,35,Light Green,27,152,147,Healthy
26.4,8.7,6.8,12,Green,8,293,12,Healthy
34.4,7.4,7.4,26,Dark Green,24,167,92,High
26.9,8.3,3.0,29,Dark Green,26,270,150,High
30.0,8.2,5.8,11,Light Green,6,51,68,Healthy
29.6,8.5,4.6,23,Brown,35,108,22,Moderate
30.6,6.7,5.1,15,Green,29,240,120,Moderate
30.5,6.7,5.6,14,Brown,15,262,141,Moderate
29.0,8.6,2.2,7,Brown,31,209,20,High
34.7,8.6,5.6,19,Dark Green,15,289,148,Moderate
26.8,6.6,4.0,6,Light Green,17,41,67,Moderate
33.2,8.1,5.2,25,Light Green,3,209,29,Healthy
32.8,8.5,6.3,20,Green,5,33,52,Healthy
26.9,7.5,5.2,19,Light Green,5,152,63,Healthy
32.3,8.5,6.4,22,Green,10,121,113,Healthy
25.9,9.4,6.1,16,Green,7,150,147,Moderate
26.5,8.9,3.8,26,Light Green,38,263,96,Moderate
26.1,8.5,6.5,32,Brown,18,91,148,Moderate
29.1,7.9,7.2,14,Green,6,238,16,Healthy
26.3,7.2,4.4,23,Green,22,177,85,Moderate
31.0,8.8,2.5,33,Dark Green,39,255,68,High
28.3,7.2,3.8,33,Black,8,196,65,High
31.5,6.9,4.6,25,Dark Green,21,300,38,High
29.9,7.6,6.6,25,Black,5,238,24,Healthy
32.1,7.4,6.6,29,Light Green,35,298,109,Moderate
32.0,8.8,5.7,5,Brown,2,149,57,Healthy
26.3,6.9,7.8,11,Black,27,69,100,High
27.6,7.8,6.0,27,Green,2,235,44,Healthy
24.7,7.0,6.7,13,Black,11,155,8,Moderate
25.9,7.2,2.6,8,Light Green,19,56,2,High
31.9,7.8,7.6,25,Dark Green,32,287,6,Moderate
26.4,8.5,5.4,27,Light Green,22,60,131,Healthy
30.9,8.1,5.2,7,Brown,21,101,106,Moderate
31.9,8.8,2.7,28,Dark Green,5,140,81,Moderate
27.0,7.1,7.6,20,Dark Green,40,102,103,Moderate
30.7,8.7,7.7,29,Light Green,37,281,103,Moderate
32.5,8.0,2.2,15,Black,40,214,3,High
27.3,7.1,2.4,15,Brown,22,234,104,High
29.2,8.0,3.9,26,Dark Green,35,33,145,High
25.0,9.3,2.3,8,Black,30,73,74,High
26.1,7.3,4.0,14,Brown,16,268,113,Moderate
26.0,9.0,4.3,24,Black,5,247,127,Moderate
29.5,7.3,2.2,18,Light Green,38,140,108,Moderate
33.4,9.4,3.1,32,Brown,32,41,118,High
34.7,9.5,3.5,22,Light Green,16,272,48,High
34.0,9.1,4.9,7,Dark Green,19,215,64,High
29.9,8.0,3.8,14,Green,30,58,144,Moderate
27.8,7.0,4.4,6,Dark Green,12,169,31,Moderate
26.8,9.4,3.5,28,Green,26,93,53,High
24.4,8.4,6.2,9,Green,29,239,42,Moderate
27.5,8.0,6.6,18,Brown,35,271,141,Moderate
33.6,7.9,4.3,32,Light Green,11,57,140,Moderate
29.7,8.2,4.8,19,Light Green,29,82,132,Moderate
33.6,7.5,7.6,26,Black,23,76,85,High
25.5,6.5,6.2,14,Black,34,223,8,High
27.0,7.6,2.7,18,Black,34,123,55,High
32.4,7.6,6.7,25,Brown,28,88,19,Moderate
29.9,6.5,3.9,22,Light Green,14,257,15,Moderate
24.8,8.4,4.9,9,Green,33,25,150,Moderate
25.1,7.0,4.7,34,Black,0,179,84,Moderate
32.9,8.9,4.7,30,Dark Green,31,62,116,High
32.3,8.1,6.8,35,Brown,5,56,101,Healthy
28.2,8.4,5.0,22,Dark Green,34,129,128,Moderate
33.0,8.1,7.5,28,Brown,34,254,22,Moderate
33.9,7.2,6.8,6,Black,5,256,136,Moderate
31.7,6.9,3.9,30,Black,26,285,19,High
24.3,8.3,6.9,33,Brown,39,232,66,Moderate
26.6,6.6,3.1,26,Dark Green,15,236,4,High
30.7,6.6,2.7,18,Dark Green,38,162,9,High
25.3,6.7,2.6,13,Dark Green,12,21,116,High
30.6,9.2,7.3,9,Light Green,19,33,90,Moderate
26.2,7.2,2.7,18,Green,13,66,110,Moderate
27.7,7.4,7.9,9,Light Green,29,216,19,Moderate
25.7,6.7,7.7,30,Light Green,26,253,62,Moderate
28.0,8.4,3.1,16,Green,9,144,148,Moderate
24.7,9.2,5.9,7,Dark Green,30,199,112,High
27.7,7.0,4.4,13,Black,24,207,87,High
27.4,6.8,5.3,21,Black,35,54,55,High
26.1,8.8,5.2,14,Brown,14,165,46,Healthy
26.4,8.1,6.9,14,Black,34,277,55,Moderate
33.3,9.4,2.5,27,Brown,24,64,150,High
34.9,9.4,2.3,20,Black,20,242,136,High
32.7,7.7,3.2,16,Brown,34,46,87,High
25.5,8.2,3.5,24,Light Green,32,89,89,High
26.7,7.8,4.0,10,Dark Green,37,148,24,Moderate
29.0,7.8,7.3,28,Black,16,289,69,Moderate
25.5,7.3,2.5,13,Light Green,31,138,86,High
25.9,9.4,2.5,28,Black,36,240,143,High
34.7,6.5,6.6,26,Dark Green,15,197,115,Moderate
29.5,8.0,5.3,33,Brown,7,90,50,Healthy
24.9,9.2,7.0,33,Black,3,30,115,Moderate
28.4,9.0,4.9,27,Green,3,201,108,Healthy
24.7,8.4,5.3,21,Black,12,238,57,Moderate
32.4,6.5,3.4,19,Brown,1,63,106,Moderate
28.3,7.5,6.7,10,Black,11,179,69,Moderate
31.7,7.2,5.1,5,Light Green,10,43,144,Healthy
31.2,7.3,7.4,31,Dark Green,28,125,127,Moderate
25.9,8.0,3.3,8,Dark Green,8,136,113,High
27.1,8.6,5.6,25,Black,10,205,110,Moderate
24.9,8.9,6.2,7,Brown,31,95,87,Moderate
24.2,7.0,6.6,21,Black,4,228,61,Moderate
26.6,6.9,6.5,10,Light Green,16,151,1,Moderate
31.2,9.0,2.3,25,Light Green,25,265,143,High
25.7,8.7,3.1,20,Brown,32,179,112,High
30.2,8.1,3.5,27,Light Green,18,76,48,Moderate
28.3,7.4,2.2,33,Green,31,100,73,Moderate
32.4,9.0,4.2,30,Green,35,143,88,Moderate
30.5,8.3,7.1,31,Light Green,1,126,73,Healthy
24.5,7.5,7.9,20,Light Green,17,69,118,Moderate
27.5,7.2,7.6,9,Brown,6,28,61,Healthy
28.6,7.6,5.9,5,Black,0,182,78,Healthy
26.0,6.8,2.8,14,Light Green,9,112,12,Moderate
30.7,9.0,6.2,12,Black,27,49,139,Moderate
30.1,6.7,4.2,30,Brown,29,98,38,Moderate
25.4,8.5,7.7,18,Green,18,91,26,Moderate
29.0,7.9,2.8,29,Green,3,278,35,Healthy
24.7,6.7,3.4,35,Green,13,26,5,High
28.2,7.7,3.7,33,Light Green,15,236,57,Moderate
30.8,7.0,3.1,8,Light Green,21,234,78,Moderate
27.0,8.9,3.3,15,Light Green,35,252,80,Moderate
25.5,9.4,3.4,15,Dark Green,2,267,120,High
24.2,7.1,2.4,21,Light Green,4,78,14,Moderate
24.5,7.6,3.6,8,Dark Green,37,156,133,High
24.1,7.5,4.6,15,Light Green,35,297,140,Moderate
27.0,7.0,6.8,25,Dark Green,6,112,143,Moderate
25.9,7.7,3.8,26,Green,6,125,125,Moderate
33.2,6.7,6.9,21,Dark Green,8,267,89,Moderate
33.6,7.0,6.4,28,Light Green,2,114,128,Healthy
24.9,9.2,7.9,13,Green,32,131,47,Moderate
28.8,7.6,5.6,24,Black,24,72,86,Moderate
32.4,9.0,4.9,18,Brown,33,120,28,Moderate
25.5,7.4,5.7,15,Light Green,13,173,29,Moderate
32.1,6.9,4.1,23,Dark Green,20,43,115,High
34.2,7.2,4.2,29,Light Green,31,250,3,Moderate
28.6,7.5,3.8,34,Dark Green,0,221,137,Moderate
33.4,7.9,2.3,23,Brown,33,204,70,High
24.8,9.5,3.8,26,Light Green,28,165,57,High
31.5,8.0,6.1,11,Dark Green,3,57,123,Healthy
29.8,8.6,5.9,23,Brown,19,76,147,Moderate
26.2,8.9,2.1,29,Dark Green,6,264,128,Moderate
34.1,7.6,7.3,35,Black,26,149,119,High
29.1,7.1,2.7,18,Brown,37,200,89,High
28.3,7.9,2.7,27,Green,17,41,61,Moderate
26.3,7.1,5.0,25,Green,32,189,1,Moderate
30.2,6.5,4.9,25,Dark Green,36,76,72,High
28.3,8.8,5.7,26,Dark Green,6,121,110,Moderate
31.2,7.0,4.2,25,Black,16,120,110,High
28.0,8.0,5.4,12,Brown,27,160,6,Moderate
26.0,7.8,4.9,25,Brown,35,287,92,Moderate
33.4,7.2,5.9,29,Black,12,265,16,Moderate
24.1,8.7,6.2,29,Black,13,211,130,Moderate
32.7,7.6,5.1,27,Brown,26,40,23,Moderate
34.7,7.8,3.5,11,Green,20,209,140,High
27.9,7.3,4.0,14,Brown,9,221,10,Moderate
32.0,7.8,5.0,35,Green,38,71,68,Moderate
25.3,8.2,6.5,26,Dark Green,33,72,4,Moderate
29.3,7.0,5.3,33,Green,18,75,118,Moderate
26.9,8.6,6.6,34,Dark Green,35,259,73,Moderate
28.4,7.9,4.3,23,Dark Green,28,44,47,Moderate
26.5,8.1,4.6,6,Dark Green,39,22,63,Moderate
32.9,7.0,3.5,17,Light Green,31,180,114,High
24.2,6.9,8.0,26,Green,39,236,65,Moderate
24.1,9.3,6.9,30,Green,12,59,91,Moderate
30.9,6.8,2.1,35,Green,36,54,23,High
30.6,8.0,4.1,32,Brown,15,154,128,Healthy
25.1,6.6,4.4,7,Dark Green,39,221,46,High
34.0,7.9,7.6,31,Green,32,277,9,Moderate
28.3,6.6,6.3,33,Black,21,129,38,High
25.4,6.6,4.8,18,Dark Green,22,244,74,High
29.9,7.1,7.1,14,Light Green,11,105,88,Healthy
28.9,7.5,2.6,6,Green,8,64,130,Moderate
27.9,8.7,3.5,22,Light Green,3,256,109,Moderate
30.6,8.8,2.9,15,Light Green,11,163,42,Moderate
28.2,7.0,2.0,24,Green,31,275,40,Moderate
32.0,7.5,2.2,13,Light Green,30,95,113,Moderate
30.8,9.2,6.4,16,Light Green,8,263,36,Healthy
32.4,7.2,7.2,9,Brown,35,171,119,Moderate
26.4,8.7,3.5,19,Light Green,28,27,19,Moderate
32.8,7.3,5.3,5,Light Green,23,148,4,Moderate
31.4,7.1,4.9,7,Black,16,143,69,High
34.6,8.5,6.3,25,Light Green,30,31,19,Moderate
32.8,7.1,7.4,32,Black,32,147,80,High
29.3,8.5,3.6,34,Black,19,101,51,High
25.5,9.4,3.1,28,Brown,24,270,45,High
24.3,9.4,3.3,25,Black,1,62,96,High
24.3,8.5,2.3,27,Light Green,4,209,100,Moderate
27.2,7.9,3.3,15,Green,37,28,140,Moderate
31.7,9.1,2.6,32,Dark Green,13,250,68,High
26.4,6.6,4.0,23,Dark Green,11,45,48,Moderate
34.3,8.6,5.7,17,Brown,33,234,145,Moderate
32.5,8.7,4.3,33,Green,24,219,90,Moderate
25.4,8.3,5.6,28,Brown,19,256,127,Moderate
34.0,7.9,6.4,6,Dark Green,34,26,118,Moderate
30.7,6.6,7.9,29,Brown,24,225,117,Moderate
26.6,7.9,3.1,28,Green,35,41,4,Moderate
25.2,7.8,5.5,25,Brown,9,153,107,Moderate
28.6,7.7,4.1,16,Dark Green,1,184,143,Healthy
28.2,9.0,4.6,18,Dark Green,16,125,32,Moderate
26.6,7.4,4.0,13,Green,27,211,26,Moderate
35.0,8.7,2.3,5,Dark Green,34,166,142,High
27.5,7.8,3.3,26,Light Green,14,197,49,Moderate
33.7,9.0,4.9,33,Black,27,205,143,High
32.7,8.4,6.7,22,Dark Green,13,239,126,Moderate
31.6,7.9,5.5,6,Green,20,228,130,Moderate
31.6,9.0,3.6,13,Light Green,20,61,128,High
24.1,8.3,7.9,20,Dark Green,36,252,50,Moderate
26.8,7.8,7.8,21,Brown,24,273,131,Moderate
32.1,8.8,7.2,13,Light Green,13,119,9,Healthy
30.1,7.4,5.7,21,Black,7,90,104,Moderate
26.4,7.5,7.2,15,Green,19,193,137,Healthy
27.2,8.3,6.9,26,Dark Green,23,95,99,Moderate
26.6,6.8,7.2,11,Black,21,183,93,High
33.3,8.9,3.8,30,Dark Green,13,82,91,High
29.5,6.9,6.6,22,Dark Green,2,184,146,Moderate
34.7,7.4,3.4,20,Black,21,163,12,High
34.6,7.9,3.2,23,Dark Green,1,273,116,Moderate
31.8,7.5,2.8,22,Green,19,152,56,Moderate
31.7,6.9,7.6,17,Dark Green,31,270,92,High
29.1,8.8,5.2,11,Brown,13,209,8,Healthy
26.2,7.3,7.0,33,Black,31,237,99,Moderate
26.9,9.0,4.8,32,Green,40,46,88,Moderate
26.6,8.7,5.0,23,Brown,2,154,54,Healthy
24.6,9.5,3.9,29,Light Green,15,77,25,High
34.5,9.3,5.8,12,Dark Green,20,32,113,High
31.8,9.2,7.5,27,Brown,8,269,149,Moderate
26.3,8.0,3.9,12,Light Green,5,41,138,Healthy
25.9,9.0,2.5,18,Dark Green,0,122,137,High
31.8,7.5,7.4,15,Dark Green,4,31,10,Healthy
29.9,7.9,2.2,13,Brown,14,90,34,Moderate
33.1,6.9,7.6,30,Light Green,3,250,53,Moderate
29.3,7.4,7.6,13,Light Green,14,45,18,Healthy
29.9,7.9,3.8,20,Black,20,115,96,High
24.3,8.4,7.4,21,Brown,2,43,147,Healthy
26.7,7.7,3.8,24,Light Green,1,235,16,Healthy
24.9,7.7,2.5,24,Green,28,166,77,High
30.1,6.7,6.0,26,Brown,40,257,100,Moderate
26.7,6.9,3.3,30,Green,24,173,6,High
33.9,9.1,7.2,22,Brown,39,162,138,High
24.5,9.3,4.5,34,Light Green,6,43,150,Moderate
24.2,6.7,6.0,30,Green,25,270,106,Moderate
33.1,7.0,5.5,7,Light Green,17,32,90,Moderate
30.6,7.6,7.6,16,Brown,9,100,119,Healthy
25.3,9.3,6.6,19,Green,11,100,124,Moderate
32.2,9.1,7.9,24,Dark Green,8,127,82,Moderate
29.8,9.5,6.4,10,Brown,35,111,43,Moderate
31.4,8.2,5.7,24,Brown,9,163,122,Healthy
28.1,7.4,6.3,17,Dark Green,15,152,6,Moderate
30.9,7.5,4.8,9,Dark Green,23,93,11,Moderate
31.0,9.0,7.4,35,Light Green,6,199,27,Healthy
29.6,6.6,7.4,34,Green,0,238,97,Healthy
24.4,7.7,6.0,10,Brown,1,122,58,Healthy
32.5,6.7,2.4,23,Brown,37,213,38,High
32.3,7.3,5.8,15,Black,29,27,54,High
31.5,8.0,7.1,16,Light Green,26,193,98,Moderate
27.1,8.9,7.0,26,Brown,31,23,34,Moderate
28.5,7.1,3.4,35,Black,40,216,7,High
30.8,9.4,5.9,14,Light Green,21,97,6,Moderate
29.5,9.1,5.9,24,Dark Green,0,93,71,Moderate
27.7,8.8,4.0,29,Green,24,96,52,Moderate
24.8,8.9,2.5,11,Green,5,200,107,Moderate
32.7,8.8,2.2,7,Black,39,191,90,High
28.4,7.5,6.7,21,Brown,7,84,142,Healthy
25.5,7.0,3.7,7,Brown,10,148,33,High
24.8,7.9,5.4,14,Brown,30,136,103,Moderate
31.0,7.1,5.0,27,Dark Green,9,124,93,Moderate
26.0,9.3,6.9,12,Light Green,4,117,83,Healthy
33.8,7.3,7.4,19,Brown,37,113,121,Moderate
29.5,6.7,5.3,24,Green,1,42,38,Healthy
27.6,7.5,7.7,6,Brown,31,77,58,Moderate
27.7,7.5,6.3,24,Dark Green,18,44,9,Moderate
27.0,6.8,4.8,23,Light Green,34,85,84,Moderate
33.8,7.1,5.4,10,Brown,10,154,119,Moderate
34.6,7.2,2.5,20,Light Green,21,110,54,High
31.0,9.3,3.4,11,Black,17,128,113,High
29.8,6.7,6.7,31,Brown,0,63,54,Healthy
25.3,6.9,4.0,16,Green,15,130,11,Moderate
34.1,8.2,6.2,31,Black,21,242,51,High
29.5,7.0,3.6,5,Brown,8,39,5,Moderate
31.3,9.5,5.1,21,Brown,37,197,88,Moderate
25.3,8.4,7.7,23,Light Green,40,195,145,Moderate
25.0,7.1,6.1,20,Dark Green,39,90,148,High
30.0,7.9,4.2,23,Dark Green,16,268,51,Moderate
24.4,9.5,7.5,22,Dark Green,5,186,122,Moderate
33.4,8.7,3.9,16,Black,30,271,35,High
29.9,9.4,3.4,35,Black,1,185,3,High
27.0,8.0,4.5,26,Light Green,7,174,81,Healthy
34.5,7.4,4.6,9,Light Green,31,129,96,Moderate
27.0,7.3,6.1,18,Dark Green,26,141,117,Moderate
30.3,8.5,3.8,22,Dark Green,2,233,33,Moderate
30.1,7.6,2.9,28,Light Green,2,201,82,Healthy
29.5,9.0,6.6,27,Black,34,40,108,Moderate
24.7,6.8,5.8,7,Dark Green,12,152,146,Moderate
28.8,7.3,7.0,12,Light Green,6,253,66,Healthy
24.8,8.5,2.8,7,Black,26,98,97,High
24.6,8.8,3.0,30,Black,26,129,44,High
28.5,8.3,7.6,17,Light Green,18,164,127,Healthy
34.2,6.6,7.2,13,Light Green,16,238,76,Moderate
31.7,8.6,3.6,18,Green,20,45,20,High
33.2,9.2,5.8,21,Dark Green,9,127,131,Moderate
32.4,7.4,7.0,22,Brown,0,286,30,Healthy
34.7,8.5,6.8,11,Light Green,21,71,149,Moderate
28.3,8.2,2.5,30,Black,28,85,111,High
26.0,6.7,5.9,34,Dark Green,25,31,25,Moderate
33.6,8.2,3.3,29,Black,13,180,71,High
33.9,9.3,3.4,12,Green,19,120,85,High
27.8,7.6,3.2,19,Light Green,25,268,49,Moderate
24.7,8.3,6.9,33,Dark Green,5,232,96,Moderate
28.2,7.1,5.3,15,Black,7,157,110,Moderate
33.3,7.1,7.6,27,Brown,18,113,129,Moderate
33.8,9.2,2.8,16,Light Green,16,63,43,High
25.5,9.3,5.6,35,Light Green,30,278,140,Moderate
33.4,8.4,2.5,8,Brown,26,100,92,High
27.7,6.7,4.0,16,Black,0,252,69,Moderate
33.7,8.5,2.3,26,Dark Green,26,128,76,High
27.1,8.0,6.5,20,Green,12,124,8,Healthy
25.3,6.6,6.2,16,Brown,1,286,136,Moderate
24.6,8.6,6.2,17,Dark Green,3,75,13,Moderate
28.1,7.3,3.3,10,Green,34,269,82,Moderate
28.9,7.3,4.4,17,Black,15,173,73,Moderate
24.9,9.1,5.9,31,Dark Green,26,173,6,High
33.8,6.5,2.7,7,Green,7,273,28,High
33.9,8.1,3.5,29,Light Green,5,299,37,Moderate
33.7,8.3,6.9,14,Black,28,271,14,High
31.0,6.5,5.7,34,Dark Green,38,97,4,Moderate
29.7,7.3,3.3,34,Black,16,146,68,High
30.0,7.5,3.1,15,Dark Green,23,128,127,High
34.4,9.0,7.0,35,Green,34,169,34,Moderate
31.1,8.8,3.8,6,Black,0,261,3,High
30.4,8.3,2.3,34,Green,16,131,72,Moderate
26.2,7.0,7.0,13,Dark Green,40,50,25,Moderate
32.2,7.2,3.2,27,Light Green,32,23,11,High
28.9,9.2,6.8,35,Green,29,79,31,Moderate
29.1,7.2,7.3,10,Green,35,30,140,Moderate
30.5,6.5,6.6,25,Black,32,282,143,High
30.6,9.2,3.9,19,Dark Green,1,167,24,Moderate
33.4,9.0,2.7,18,Black,1,47,29,High
34.9,8.0,4.7,21,Light Green,10,266,144,Moderate
34.7,7.5,5.8,10,Brown,24,127,53,Moderate
25.2,7.6,5.9,18,Brown,8,294,104,Moderate
29.4,9.0,2.1,17,Green,9,260,134,Moderate
31.2,7.0,4.6,10,Brown,3,119,27,Moderate
29.9,8.3,6.3,35,Black,21,89,92,Moderate
24.9,7.0,7.0,5,Dark Green,10,215,2,Moderate
26.0,6.7,5.6,10,Green,14,253,38,Healthy
24.2,7.5,3.7,5,Dark Green,20,25,7,High
27.8,6.8,4.4,6,Green,32,51,132,Moderate
26.1,8.3,2.8,30,Black,0,49,29,Moderate
28.2,7.3,5.4,16,Light Green,13,155,128,Healthy
29.9,9.4,4.0,7,Brown,18,75,114,Moderate
29.8,8.1,6.6,32,Light Green,32,33,107,Healthy
34.4,6.9,7.2,6,Green,13,43,57,Moderate
25.7,9.4,7.0,28,Brown,24,174,33,High
34.0,7.3,2.6,5,Brown,23,74,143,High
24.9,6.6,6.7,18,Light Green,1,46,121,Moderate
28.7,6.9,6.9,27,Green,0,184,130,Healthy
26.1,7.4,6.8,26,Green,40,294,42,Moderate
33.2,7.8,6.6,26,Light Green,17,27,10,Moderate
32.8,8.8,5.4,7,Green,16,111,69,Moderate
26.0,7.8,7.6,35,Light Green,10,234,106,Healthy
28.4,6.8,3.4,18,Brown,32,66,41,High
34.0,7.6,4.2,5,Black,18,155,86,High
34.1,9.1,2.3,22,Dark Green,29,33,118,High
24.2,7.0,6.6,24,Black,18,153,68,High
30.8,8.3,4.2,34,Brown,28,160,144,Moderate
25.8,8.3,2.3,29,Light Green,22,266,12,High
33.3,6.6,3.4,33,Green,19,161,53,High
30.0,9.5,3.8,25,Green,34,32,149,High
29.1,8.5,7.9,20,Black,17,85,63,Moderate
32.3,6.8,4.1,6,Green,29,71,99,Moderate
26.2,9.4,6.0,15,Green,20,235,5,Moderate
24.6,7.3,5.3,27,Black,25,217,45,High
30.6,8.7,3.9,30,Black,38,191,38,High
29.5,8.0,3.3,35,Brown,25,87,141,Moderate
32.6,6.6,7.3,7,Black,26,269,63,High
33.5,7.6,4.2,6,Dark Green,5,242,36,Moderate
32.3,8.2,7.9,20,Black,21,86,141,Moderate
26.4,7.3,7.3,23,Light Green,34,132,145,Moderate
34.6,7.4,7.8,15,Black,16,289,14,High
30.9,7.3,4.0,23,Dark Green,6,258,53,Moderate
24.6,8.0,4.4,32,Black,36,180,125,High
31.5,8.3,6.4,29,Black,19,280,10,Moderate
29.8,7.2,7.2,35,Dark Green,0,231,124,Healthy
27.1,8.5,3.6,25,Green,32,159,120,Moderate
27.2,7.4,5.7,30,Dark Green,10,211,3,Moderate
24.7,8.4,4.0,10,Brown,21,215,143,Moderate
27.2,9.3,2.2,17,Dark Green,26,49,148,High
34.0,6.6,6.7,30,Dark Green,8,278,64,Moderate
25.2,7.0,2.5,16,Green,32,196,24,High
30.0,6.9,6.5,11,Black,10,267,32,Moderate
28.3,8.1,3.0,16,Light Green,23,99,145,Moderate
26.5,8.7,4.8,7,Dark Green,36,131,30,Moderate
26.5,8.4,7.4,5,Brown,33,40,96,Moderate
31.2,7.6,5.3,33,Dark Green,9,217,104,Moderate
28.3,6.5,7.6,29,Black,11,133,56,Moderate
33.7,8.7,7.0,7,Dark Green,23,274,149,High
30.4,7.6,5.9,21,Brown,6,55,64,Healthy
26.0,8.0,7.7,13,Light Green,35,205,48,Healthy
32.8,7.2,5.8,19,Brown,9,22,62,Moderate
34.9,9.1,2.9,9,Brown,31,50,149,High
25.6,9.3,3.8,29,Black,2,245,28,High
25.4,8.6,4.9,7,Brown,28,113,101,High
27.6,8.7,6.7,19,Dark Green,23,193,104,Moderate
33.7,8.9,6.1,10,Dark Green,0,196,147,Moderate
27.2,6.9,6.3,6,Light Green,31,66,96,Moderate
34.7,6.7,3.3,29,Brown,7,136,120,High
31.5,9.4,6.3,12,Brown,16,79,130,Moderate
33.8,8.0,7.4,28,Black,39,187,128,High
28.1,6.5,6.4,33,Light Green,17,116,126,Moderate
27.1,7.7,7.9,18,Black,27,142,31,Moderate
25.8,7.1,4.3,32,Black,38,96,93,High
28.8,8.2,3.5,5,Green,37,294,111,Moderate
24.2,7.0,2.9,5,Black,8,80,62,High
29.5,7.3,5.6,6,Light Green,40,68,53,Moderate
24.1,8.1,2.3,16,Brown,12,241,119,Moderate
32.4,7.9,6.5,17,Dark Green,20,164,48,Moderate
27.8,7.2,2.3,33,Light Green,24,40,147,Moderate
26.3,9.2,6.2,10,Light Green,35,48,78,Moderate
28.6,8.7,3.6,22,Green,40,251,89,Moderate
25.0,8.0,2.1,13,Green,22,165,57,High
25.8,8.4,5.8,29,Black,26,115,31,High
27.7,8.9,2.5,11,Dark Green,19,246,99,High
26.2,8.5,6.9,30,Green,37,171,118,Healthy
31.5,7.5,7.9,30,Brown,9,237,35,Healthy
34.3,7.0,5.1,35,Black,24,178,22,High
30.4,7.7,6.1,25,Brown,22,31,8,Moderate
32.6,7.2,7.0,21,Black,17,160,32,High
27.8,7.3,3.3,28,Black,36,162,10,High
29.3,6.9,7.5,27,Light Green,40,82,122,Moderate
30.8,7.4,7.5,22,Black,16,73,57,Moderate
31.8,8.1,6.6,33,Light Green,16,246,26,Moderate
33.7,8.7,2.3,6,Green,0,82,65,Moderate
25.2,8.0,5.1,21,Light Green,14,59,16,Healthy
29.7,8.5,5.0,16,Brown,6,21,39,Healthy
30.3,6.5,4.7,26,Light Green,24,112,22,Moderate
34.4,9.0,4.7,11,Dark Green,34,26,23,High
26.1,8.8,6.9,27,Black,6,261,129,Moderate
28.3,8.1,7.6,30,Black,5,227,117,Healthy
24.2,7.4,4.4,32,Light Green,14,79,90,Moderate
26.9,7.8,6.9,23,Black,35,133,97,Moderate
32.2,9.1,3.5,30,Green,30,45,29,High
27.3,8.1,3.5,10,Brown,25,267,45,Moderate
24.9,8.1,5.2,7,Dark Green,32,110,131,Moderate
29.1,7.0,3.9,28,Black,22,217,52,High
30.4,6.7,6.4,7,Dark Green,22,74,129,Moderate
30.5,7.2,3.4,30,Brown,13,292,121,Moderate
29.7,7.6,2.1,28,Dark Green,31,300,14,High
25.0,8.7,6.2,25,Green,1,148,2,Healthy
29.8,8.1,3.4,22,Light Green,3,274,22,Healthy
28.4,6.9,2.3,9,Light Green,24,225,106,High
32.6,7.4,3.8,17,Black,15,157,117,High
32.4,8.3,7.4,11,Light Green,5,132,20,Healthy
34.0,8.6,7.1,11,Brown,20,57,66,Moderate
29.3,7.2,5.3,29,Green,1,285,138,Healthy
33.9,6.7,7.4,23,Brown,23,199,13,High
33.1,6.8,7.6,31,Black,4,173,69,Moderate
24.2,9.1,7.8,28,Black,22,163,91,High
25.0,8.2,7.5,19,Green,24,145,96,Moderate
33.5,7.0,5.4,29,Green,37,90,12,Moderate
27.2,8.8,5.1,29,Light Green,39,164,101,Moderate
31.9,8.1,3.7,35,Brown,32,196,30,High
25.9,8.2,2.9,8,Light Green,28,123,98,High
26.1,7.3,4.9,31,Black,6,211,87,Moderate
31.3,8.2,2.2,25,Brown,17,52,94,High
30.3,7.2,7.6,28,Light Green,27,228,102,Moderate
26.0,7.5,2.8,5,Dark Green,37,34,150,High
31.5,8.6,3.1,19,Green,6,216,19,Moderate
24.1,7.1,3.0,13,Green,27,53,115,High
24.5,8.0,2.6,8,Light Green,39,104,141,High
27.0,7.1,7.3,34,Dark Green,21,153,26,Moderate
27.5,8.6,3.2,33,Dark Green,34,211,136,High
27.3,8.2,7.9,16,Light Green,24,45,116,Healthy
32.4,7.6,3.4,22,Light Green,31,209,16,Moderate
29.3,6.7,4.4,30,Dark Green,36,145,68,High
25.5,6.5,2.9,24,Green,18,221,108,High
28.3,8.5,2.9,7,Brown,19,288,49,Moderate
25.5,7.2,7.4,29,Light Green,20,289,44,Moderate
35.0,9.4,3.6,30,Light Green,8,282,93,High
25.5,9.0,6.0,25,Black,29,165,35,High
26.4,6.9,4.2,34,Brown,19,154,6,Moderate
27.2,7.0,7.0,18,Black,34,118,67,Moderate
31.8,7.1,7.5,25,Dark Green,3,41,54,Moderate
26.3,6.8,2.9,14,Dark Green,0,156,10,Moderate
24.6,6.6,3.6,17,Light Green,1,80,25,Moderate
28.1,8.1,5.3,29,Light Green,40,260,138,Healthy
34.6,9.0,3.1,19,Dark Green,4,103,74,High
29.8,7.5,7.3,25,Brown,14,60,43,Healthy
33.3,6.7,6.4,32,Dark Green,33,282,132,High
32.5,7.1,2.9,35,Green,19,77,61,High
24.3,9.1,7.8,24,Brown,13,268,9,Moderate
32.6,8.1,2.4,13,Light Green,4,54,35,Moderate
25.2,7.1,4.0,11,Light Green,2,255,48,Moderate
24.3,9.1,6.9,26,Dark Green,21,94,122,High
33.6,9.0,4.7,5,Brown,8,74,114,Moderate
27.8,8.2,4.0,13,Brown,1,288,126,Healthy
27.6,8.6,6.4,22,Dark Green,26,146,33,Moderate
34.8,9.1,2.6,15,Black,33,177,64,High
31.0,9.0,4.6,35,Light Green,22,271,60,Moderate
29.8,9.2,6.8,14,Dark Green,33,54,58,Moderate
29.5,7.5,2.4,13,Green,38,101,139,Moderate
31.5,8.2,3.8,12,Brown,3,148,68,Moderate
34.6,7.1,4.4,11,Dark Green,29,102,4,High
33.4,6.8,2.4,20,Green,19,279,89,High
30.9,6.6,3.8,9,Green,37,223,8,High
32.4,7.1,7.9,30,Light Green,27,54,36,Moderate
27.1,9.4,4.1,35,Dark Green,18,75,98,High
29.2,8.3,2.9,29,Green,12,86,92,Moderate
27.6,8.9,2.4,13,Brown,25,158,143,High
33.6,6.9,3.4,35,Black,20,233,69,High
26.4,7.0,5.8,32,Light Green,40,198,43,Moderate
32.2,6.6,3.7,33,Brown,10,131,100,High
33.3,7.4,4.2,34,Light Green,13,52,121,Moderate
32.7,8.8,6.6,30,Brown,31,29,127,Moderate
31.6,6.9,3.7,26,Black,4,126,93,High
27.3,8.6,6.3,8,Light Green,26,236,63,Moderate
26.1,9.0,6.8,27,Brown,29,284,107,Moderate
32.6,8.8,6.5,9,Green,18,123,115,Moderate
27.6,7.7,6.7,9,Black,32,218,121,Moderate
35.0,6.8,2.2,15,Light Green,31,72,31,High
29.2,9.1,5.4,17,Black,2,48,69,Moderate
28.1,8.9,5.1,24,Dark Green,15,249,25,Moderate
33.6,8.4,6.4,17,Brown,39,40,99,Moderate
26.4,7.5,4.5,15,Green,4,66,35,Healthy
33.6,9.1,7.3,30,Brown,35,194,81,High
34.5,7.8,5.1,32,Green,32,78,145,Moderate
30.8,9.5,5.2,11,Dark Green,3,125,29,Moderate
28.9,8.0,4.5,19,Dark Green,4,153,99,Healthy
30.1,8.5,4.8,26,Black,28,128,10,Moderate
26.5,8.7,3.5,20,Black,6,201,51,High
34.9,6.9,6.0,25,Green,23,149,128,Moderate
27.5,6.5,4.1,18,Dark Green,7,27,107,Moderate
33.4,9.4,4.1,32,Brown,29,203,141,High
30.0,8.6,4.5,21,Green,11,273,122,Healthy
34.3,6.6,5.4,6,Light Green,23,283,145,Moderate
34.0,6.6,7.8,34,Light Green,27,237,137,Moderate
25.2,8.8,2.1,12,Light Green,5,134,69,Moderate
33.3,8.1,6.1,19,Dark Green,23,53,59,Moderate
30.8,8.0,6.3,22,Brown,7,54,91,Healthy
35.0,9.0,4.4,20,Black,21,95,79,High
28.6,7.5,6.8,35,Dark Green,5,33,40,Healthy
30.9,7.4,7.1,12,Brown,10,198,11,Healthy
32.1,8.3,5.4,13,Black,35,201,94,Moderate
33.4,6.7,4.9,24,Light Green,8,85,53,Moderate
31.4,6.6,6.4,26,Black,37,270,108,High
35.0,6.6,3.9,32,Brown,23,212,65,High
28.5,8.6,6.1,6,Light Green,21,283,132,Moderate
29.0,6.5,2.4,21,Green,3,121,7,Moderate
28.6,8.9,3.8,7,Black,13,49,37,High
29.4,8.5,5.6,35,Black,30,66,11,Moderate
26.3,7.4,4.2,21,Black,37,229,98,High
25.3,6.7,7.7,27,Black,37,30,96,High
33.5,9.3,3.7,9,Brown,24,151,147,High
24.5,7.3,7.9,29,Light Green,31,237,54,Moderate
24.7,9.2,7.6,17,Brown,31,47,79,High
24.8,7.8,4.9,33,Black,35,208,6,High
29.9,6.6,4.0,29,Brown,20,79,97,Moderate
31.6,8.2,7.9,5,Dark Green,29,164,6,Moderate
25.9,8.4,5.0,9,Black,21,149,12,High
29.7,6.7,7.4,5,Green,15,226,109,Healthy
34.0,9.3,3.5,7,Black,5,85,140,High
31.0,6.7,3.2,12,Green,1,56,141,Moderate
27.7,8.9,3.2,34,Black,11,191,128,High
29.0,8.0,5.3,16,Brown,29,173,114,Moderate
25.7,9.5,3.6,31,Black,4,76,103,High
27.3,6.6,7.6,10,Brown,0,70,51,Healthy
30.4,8.9,5.9,5,Black,20,163,6,Moderate
29.5,6.5,7.7,28,Green,14,42,37,Healthy
26.0,6.8,4.6,15,Brown,4,153,114,Moderate
33.5,9.4,3.2,8,Light Green,37,103,31,High
33.3,8.3,6.9,32,Light Green,6,208,16,Healthy
24.5,6.5,6.5,28,Dark Green,1,257,114,Moderate
30.6,9.3,5.5,17,Light Green,5,89,144,Healthy
28.7,8.5,6.0,23,Green,8,169,119,Healthy
26.7,7.2,6.9,13,Light Green,23,103,18,Moderate
26.8,6.8,3.3,29,Brown,16,129,132,High
31.7,9.3,5.2,19,Black,34,220,140,High
30.9,8.3,6.9,25,Light Green,37,63,56,Healthy
29.6,6.6,3.7,15,Brown,29,45,137,High
32.9,6.6,3.1,18,Black,33,107,62,High
32.3,9.4,7.9,24,Black,21,113,10,High
27.5,7.2,7.6,14,Green,36,33,88,Moderate
24.5,8.0,6.9,8,Green,6,286,139,Healthy
28.8,7.5,4.4,14,Green,17,299,52,Moderate
34.3,7.5,6.2,19,Dark Green,21,49,105,Moderate
27.5,7.1,6.3,9,Brown,29,233,4,Moderate
30.2,8.7,3.3,30,Dark Green,21,280,147,High
34.7,7.7,5.3,7,Green,11,34,136,Healthy
25.5,9.3,2.0,11,Light Green,4,188,50,Moderate
28.7,7.1,3.8,32,Light Green,30,79,41,Moderate
31.0,7.9,7.7,18,Brown,18,204,73,Moderate
28.4,7.0,4.0,17,Green,18,55,71,Moderate
25.4,8.3,3.1,5,Green,11,203,64,Moderate
32.4,7.6,5.5,30,Green,35,288,8,Moderate
25.2,7.7,7.3,5,Light Green,13,270,3,Healthy
34.8,8.0,6.8,18,Green,0,65,119,Healthy
33.1,6.8,5.6,18,Dark Green,16,142,51,High
24.8,9.2,7.6,19,Dark Green,12,278,136,Moderate
28.9,8.1,2.1,14,Light Green,22,63,134,Moderate
28.9,6.9,6.7,31,Dark Green,36,88,76,Moderate
25.8,6.8,5.0,28,Black,33,120,126,High
28.7,8.7,5.0,12,Black,3,35,119,Moderate
24.4,6.7,7.9,7,Black,19,249,65,High
26.2,7.7,2.3,9,Black,33,153,34,High
24.5,7.2,5.3,7,Green,8,121,97,Moderate
27.0,7.4,2.5,10,Dark Green,37,259,49,High
32.9,9.3,3.8,9,Black,17,38,76,High
34.6,6.6,6.5,29,Green,32,131,134,Moderate
34.4,7.5,3.8,7,Brown,0,103,67,Moderate
33.1,8.0,2.9,11,Green,2,279,23,Moderate
31.0,7.9,3.7,19,Brown,25,291,99,Moderate
33.5,8.0,4.6,10,Light Green,39,185,54,Moderate
32.5,8.8,3.0,31,Light Green,12,119,131,Moderate
28.2,8.8,5.2,14,Green,12,246,56,Healthy
25.6,6.8,5.9,28,Black,11,108,103,High
25.7,8.5,2.9,5,Black,22,121,8,High
27.8,8.1,5.1,12,Light Green,4,92,73,Healthy
29.1,8.9,7.3,13,Brown,33,243,92,Moderate
30.6,7.3,6.8,19,Light Green,38,294,113,Moderate
24.3,7.6,5.4,27,Black,18,186,38,High
31.9,8.8,6.5,20,Green,26,22,144,Moderate
32.9,9.1,2.6,29,Dark Green,20,268,75,High
34.2,9.3,6.7,19,Dark Green,10,38,18,Moderate
27.4,8.2,5.6,6,Dark Green,40,141,23,Moderate
25.1,8.8,8.0,23,Light Green,20,142,50,Moderate
32.1,8.7,5.4,21,Dark Green,40,210,64,Moderate
28.8,8.7,3.2,19,Green,15,228,13,Moderate
27.3,7.0,3.0,7,Green,4,221,77,Moderate
27.3,7.6,7.4,16,Light Green,22,271,110,Healthy
31.7,7.6,3.5,20,Green,34,216,131,Moderate
28.0,8.9,7.7,21,Light Green,4,257,93,Healthy
27.8,7.1,3.5,28,Black,37,182,128,High
31.0,7.5,3.1,12,Black,21,294,114,High
29.1,9.1,3.3,33,Light Green,23,134,77,High
25.5,7.4,5.6,9,Dark Green,23,266,40,High
26.2,9.3,4.9,14,Light Green,0,250,116,Healthy
32.1,7.7,5.5,26,Green,16,30,110,Moderate
25.6,8.4,8.0,23,Brown,12,149,125,Moderate
33.9,7.2,7.1,17,Dark Green,6,278,71,Moderate
32.2,8.0,7.5,16,Green,16,166,80,Moderate
32.5,7.3,3.3,25,Light Green,32,97,25,High
34.9,9.0,2.7,33,Green,27,62,20,High
29.7,9.1,4.9,12,Dark Green,1,100,79,Moderate
29.8,8.6,4.1,34,Light Green,16,280,65,Moderate
27.9,8.7,4.7,18,Dark Green,35,98,32,Moderate
32.9,8.3,6.8,24,Brown,16,21,130,Moderate
27.4,8.3,4.9,14,Dark Green,26,201,113,Moderate
31.4,9.3,4.3,16,Brown,20,33,107,High
28.4,7.5,4.4,27,Black,27,282,126,Moderate
27.8,8.0,2.5,32,Dark Green,9,33,51,Moderate
31.1,8.0,7.3,22,Light Green,30,28,47,Moderate
34.9,8.7,5.0,14,Brown,12,201,118,Moderate
29.7,9.4,6.8,10,Brown,14,218,94,Moderate
32.4,7.6,3.6,24,Brown,11,152,140,Moderate
30.9,8.4,3.4,7,Brown,26,216,95,Moderate
27.1,7.5,3.2,15,Dark Green,23,258,105,High
34.6,7.1,4.4,26,Black,14,169,68,High
28.8,8.5,7.9,33,Black,11,56,103,Moderate
25.4,7.9,7.9,29,Green,8,51,112,Healthy
29.0,6.5,6.2,5,Black,31,259,42,High
30.9,7.9,3.4,29,Black,40,253,127,High
25.8,9.1,3.9,15,Green,18,201,134,High
26.7,8.4,6.8,20,Light Green,16,207,49,Healthy
34.7,7.6,6.9,17,Light Green,40,108,78,Moderate
32.9,6.7,4.6,28,Brown,27,213,110,High
33.8,8.9,7.5,29,Brown,1,97,50,Moderate
25.7,9.1,4.9,20,Dark Green,1,166,40,Moderate
33.4,6.6,5.6,7,Green,27,50,20,Moderate
25.8,7.5,6.6,23,Black,12,66,90,Moderate
27.6,8.3,2.4,9,Green,18,98,131,Moderate
32.6,8.4,2.5,20,Green,39,76,118,Moderate
34.7,6.7,3.3,34,Green,30,284,46,High
25.4,8.2,2.2,10,Light Green,37,88,54,High
30.5,7.3,2.7,20,Brown,6,200,44,Moderate
25.9,6.8,5.7,20,Green,31,187,117,Moderate
34.4,7.3,2.2,16,Black,2,241,25,High
30.3,6.5,4.0,26,Black,25,269,90,High
24.6,8.6,2.3,16,Green,32,49,22,High
24.5,8.1,5.1,7,Dark Green,20,177,96,Moderate
30.1,6.9,7.9,10,Brown,1,58,135,Healthy
28.2,7.8,2.8,29,Black,5,201,53,Moderate
32.4,9.0,2.8,25,Brown,40,213,43,High
31.6,7.7,2.8,32,Dark Green,23,30,126,High
24.7,7.8,5.5,33,Dark Green,7,259,135,Moderate
33.8,7.5,6.3,8,Brown,12,101,2,Moderate
27.2,9.1,6.9,21,Dark Green,9,298,134,Moderate
34.0,7.5,6.8,7,Dark Green,14,262,108,Moderate
34.6,8.9,5.3,6,Light Green,9,219,74,Moderate
30.5,7.8,4.7,7,Dark Green,4,298,81,Healthy
26.4,7.7,6.9,33,Brown,19,92,79,Moderate
25.4,7.4,5.6,35,Brown,35,42,30,Moderate
29.8,6.6,7.4,25,Dark Green,11,26,15,Moderate
30.5,9.3,2.2,20,Dark Green,5,187,31,Moderate
31.0,7.3,3.5,14,Brown,22,209,71,High
25.5,8.6,4.2,34,Dark Green,13,294,129,Moderate
33.1,8.7,5.3,23,Brown,31,162,139,Moderate
28.7,6.8,3.6,14,Dark Green,0,76,23,Moderate
31.1,7.8,5.9,13,Black,22,215,26,Moderate
25.2,9.3,6.3,20,Black,12,132,150,High
28.7,8.6,3.1,27,Dark Green,20,256,126,High
32.1,9.1,7.7,5,Brown,39,154,40,Moderate
34.9,7.8,5.8,12,Dark Green,29,116,76,Moderate
30.3,7.2,6.2,7,Light Green,24,82,102,Moderate
24.9,7.5,3.5,17,Brown,3,119,72,Moderate
28.1,8.1,2.2,10,Black,26,278,142,High
28.5,8.3,7.2,7,Light Green,1,271,6,Healthy
30.5,6.8,6.5,35,Black,9,272,30,Moderate
31.5,7.6,7.0,23,Brown,0,78,84,Healthy
27.3,8.8,6.7,15,Light Green,39,111,45,Moderate
27.3,6.7,6.1,10,Black,19,247,137,High
25.9,8.7,7.5,27,Light Green,35,103,79,Moderate
28.9,7.6,2.6,17,Dark Green,21,249,1,High
28.1,8.5,5.6,6,Light Green,5,208,42,Healthy
30.1,9.1,3.2,28,Black,33,128,36,High
25.8,8.8,3.9,29,Black,11,145,125,High
33.5,7.3,6.8,30,Green,15,280,27,Moderate
25.1,7.3,5.0,24,Dark Green,2,219,32,Moderate
32.1,7.1,6.2,33,Dark Green,8,209,55,Moderate
24.4,8.7,3.6,6,Light Green,5,257,2,Moderate
33.1,9.2,6.9,19,Dark Green,23,243,54,High
26.1,8.9,5.6,18,Light Green,15,135,16,Healthy
34.1,9.0,6.9,6,Brown,10,169,92,Moderate
33.1,9.0,4.0,19,Brown,8,37,32,Moderate
28.8,9.0,5.8,20,Brown,16,20,97,Moderate
33.6,7.8,5.1,5,Dark Green,4,212,144,Moderate
30.9,8.5,6.6,5,Green,40,100,147,Healthy
33.2,8.8,3.8,24,Green,4,97,30,Moderate
28.5,6.8,5.9,17,Brown,23,108,98,Moderate
28.6,6.5,5.9,34,Green,29,80,60,Moderate
25.5,6.9,5.2,8,Brown,2,266,16,Moderate
25.4,8.7,7.9,33,Dark Green,20,235,68,High
29.4,8.3,7.0,25,Black,8,224,131,Moderate
31.3,9.2,4.4,15,Black,8,96,52,High
28.2,8.2,7.4,8,Dark Green,27,232,108,Moderate
26.6,7.5,7.9,11,Green,28,297,104,Healthy
35.0,7.8,7.3,6,Light Green,3,212,132,Healthy
33.6,7.5,2.2,8,Brown,12,256,36,Moderate
24.0,6.9,6.2,27,Light Green,38,31,108,Moderate
27.4,6.9,6.6,20,Light Green,10,271,8,Healthy
24.5,7.2,3.8,11,Brown,28,143,132,High
25.9,9.2,3.2,33,Brown,0,52,14,High
29.6,8.3,4.7,34,Green,14,271,29,Healthy
32.9,7.0,4.4,32,Black,20,163,73,High
26.6,7.4,4.6,29,Light Green,17,143,144,Moderate
25.6,8.9,3.2,12,Dark Green,2,178,32,High
27.5,8.9,7.9,33,Brown,17,69,125,Moderate
26.8,8.0,2.2,10,Black,15,101,89,Moderate
32.3,6.7,6.8,26,Light Green,3,99,150,Healthy
27.0,6.7,3.3,11,Dark Green,40,205,138,High
31.1,8.1,3.3,30,Light Green,28,130,1,Moderate
31.2,6.8,3.7,20,Green,30,126,65,High
27.5,9.4,4.0,26,Black,22,121,48,High
28.2,7.6,2.5,19,Light Green,22,210,61,Moderate
33.1,8.0,3.4,7,Black,18,241,88,High
28.9,7.1,7.7,25,Green,7,130,131,Healthy
28.4,7.0,4.0,34,Light Green,1,122,113,Healthy
34.1,9.2,6.1,34,Dark Green,2,283,131,Moderate
27.5,6.6,3.7,7,Green,9,154,81,Moderate
25.1,8.3,2.5,25,Black,24,85,74,High
29.3,8.5,6.2,24,Light Green,38,217,51,Healthy
32.3,7.7,7.0,28,Green,4,290,67,Healthy
27.9,7.1,5.6,28,Black,35,248,111,Moderate
29.4,7.3,2.2,20,Dark Green,6,77,21,Moderate
28.6,6.8,7.6,6,Dark Green,33,103,24,Moderate
24.5,7.1,6.9,22,Dark Green,20,252,19,High
32.9,8.7,5.9,7,Dark Green,34,27,128,Moderate
26.0,9.0,2.8,10,Brown,20,182,92,High
34.1,8.0,7.7,11,Dark Green,0,208,13,Moderate
33.2,7.9,6.6,9,Black,37,181,99,High
27.7,7.1,7.1,35,Black,26,225,1,Moderate
32.1,8.4,3.3,34,Green,30,235,136,Moderate
27.9,7.6,8.0,33,Dark Green,19,58,148,Moderate
32.3,7.6,7.4,12,Green,13,86,31,Healthy
29.1,6.6,4.7,13,Black,15,223,45,Moderate
31.2,7.6,3.6,22,Dark Green,11,112,83,Moderate
25.7,8.7,5.2,30,Light Green,11,217,7,Moderate
30.2,9.3,7.7,9,Green,34,86,98,Moderate
24.9,8.4,5.8,9,Brown,2,92,21,Healthy
31.2,8.8,3.2,24,Light Green,13,91,25,Moderate
34.3,7.9,8.0,29,Light Green,26,44,66,Moderate
29.5,8.3,5.1,35,Black,7,199,96,Moderate
30.5,9.1,6.8,31,Black,4,126,48,Moderate
30.1,6.5,5.7,23,Green,24,44,133,Moderate
31.7,9.4,7.5,19,Brown,24,194,78,Moderate
25.2,9.1,4.1,29,Brown,3,161,142,Moderate
27.1,7.4,4.2,21,Dark Green,36,226,59,Moderate
32.4,8.2,6.8,31,Dark Green,7,288,121,Moderate
24.7,9.0,3.9,33,Black,26,197,20,High
32.6,9.0,2.9,32,Green,23,36,37,High
34.4,8.6,7.3,31,Dark Green,28,248,149,High
31.5,9.4,4.1,15,Green,10,69,123,Moderate
25.9,9.1,5.6,27,Green,12,190,47,Moderate
33.6,8.2,3.7,29,Green,12,139,35,Moderate
30.4,9.4,7.6,15,Light Green,34,106,59,Moderate
32.2,8.7,6.4,5,Dark Green,38,283,86,Moderate
28.6,6.7,3.7,33,Light Green,27,49,62,High
32.4,9.5,2.7,21,Green,26,219,150,High
29.2,7.6,3.9,9,Light Green,36,53,21,Moderate
25.8,6.8,5.2,18,Green,22,277,67,Moderate
29.4,8.9,4.7,20,Green,1,191,6,Healthy
32.0,8.8,7.8,8,Green,35,206,37,Moderate
33.5,9.2,3.5,27,Dark Green,16,73,60,High
30.4,8.7,7.3,20,Brown,34,101,106,Moderate
24.1,7.4,4.8,16,Light Green,20,295,103,Moderate
33.0,7.0,3.7,28,Black,22,58,51,High
32.2,9.2,6.2,16,Brown,23,182,128,Moderate
30.7,9.4,2.1,21,Brown,14,103,84,Moderate
26.1,8.1,3.1,32,Light Green,11,204,59,Moderate
30.9,9.2,6.5,31,Green,30,92,135,Moderate
24.7,9.1,4.1,35,Light Green,16,300,28,High
33.5,7.5,7.0,17,Light Green,12,123,96,Healthy
31.0,8.2,3.6,8,Green,18,277,42,Moderate
31.8,6.7,4.3,11,Black,7,92,109,High
25.0,6.7,6.7,22,Green,25,236,31,Moderate
24.9,8.7,4.1,18,Dark Green,13,248,6,Moderate
32.7,7.6,3.2,5,Light Green,5,114,115,Moderate
31.4,7.1,5.6,30,Dark Green,40,221,110,Moderate
33.9,8.9,6.0,29,Dark Green,24,92,145,High
33.6,7.6,7.4,8,Green,33,186,112,Moderate
30.9,7.5,5.4,14,Light Green,21,104,10,Healthy
27.6,7.7,5.1,33,Brown,37,48,28,Moderate
24.1,9.0,3.6,33,Light Green,19,23,134,High
32.8,8.6,3.8,21,Black,20,291,47,High
29.2,8.6,3.9,20,Dark Green,4,136,11,Moderate
25.0,8.6,4.8,18,Black,27,227,111,High
30.3,7.8,3.6,6,Dark Green,38,118,40,High
32.6,7.9,6.2,22,Dark Green,40,297,79,Moderate
26.3,8.4,7.1,7,Dark Green,6,189,96,Healthy
33.2,6.6,4.8,22,Black,11,152,7,High
28.1,9.4,6.5,12,Dark Green,28,149,128,Moderate
31.5,9.5,4.5,28,Black,5,289,149,Moderate
26.7,8.7,3.0,24,Green,35,242,96,Moderate
28.9,6.7,6.4,33,Black,37,44,46,High
32.3,6.8,5.7,30,Light Green,28,228,86,Moderate
33.8,9.4,6.9,26,Dark Green,33,215,59,High
30.4,7.0,3.4,23,Black,30,208,22,High
28.0,6.6,4.3,17,Green,14,53,29,Moderate
34.2,6.9,3.8,30,Green,4,34,101,Moderate
24.6,9.0,2.1,8,Light Green,29,255,25,High
33.3,9.3,6.3,8,Green,36,101,70,Moderate
34.3,9.3,2.4,29,Light Green,34,242,81,High
33.4,9.0,4.3,6,Dark Green,8,113,148,Moderate
29.4,6.8,6.3,22,Light Green,12,255,20,Healthy
28.9,8.7,3.6,18,Light Green,10,120,15,Moderate
27.6,8.8,4.5,34,Brown,25,230,144,Moderate
31.3,6.6,2.1,11,Brown,33,42,140,High
25.2,8.5,2.4,25,Brown,1,278,28,Moderate
34.3,7.1,2.3,26,Black,32,249,21,High
32.9,7.8,4.3,8,Light Green,16,213,3,Moderate
28.0,7.3,5.6,33,Dark Green,12,281,50,Moderate
25.4,8.9,3.9,16,Brown,30,181,96,High
30.7,9.3,7.2,18,Brown,39,190,30,Moderate
33.5,8.2,6.3,23,Black,38,150,90,High
29.0,8.3,2.1,18,Light Green,3,270,119,Healthy
26.8,8.1,6.2,9,Dark Green,10,37,21,Healthy
34.8,6.7,4.4,6,Dark Green,15,45,15,High
25.1,8.8,6.3,26,Dark Green,25,186,149,High
26.8,7.0,2.8,28,Brown,23,61,118,High
30.5,6.9,7.3,7,Green,35,188,87,Moderate
30.6,7.5,2.2,11,Light Green,9,123,140,Moderate
24.6,9.3,3.0,28,Brown,35,275,146,High
31.6,8.4,3.6,20,Black,39,203,12,High
24.7,7.8,6.7,10,Light Green,3,108,81,Healthy
31.7,7.8,7.4,6,Dark Green,24,200,16,Moderate
32.7,8.1,3.4,17,Brown,15,68,137,Moderate
25.4,8.2,4.6,5,Brown,31,134,75,Moderate
24.9,7.9,4.1,25,Brown,19,100,76,Moderate
33.7,8.1,5.0,27,Light Green,16,74,65,Moderate
25.2,9.2,5.2,24,Dark Green,4,103,22,Moderate
33.1,7.8,5.4,8,Brown,26,224,52,Moderate
25.6,6.8,6.8,16,Green,7,171,113,Moderate
31.8,8.5,5.0,30,Green,5,56,62,Healthy
26.1,9.5,4.2,35,Black,11,199,49,Moderate
34.5,8.2,2.3,31,Light Green,10,93,68,Moderate
31.7,8.8,4.9,8,Black,14,267,124,Moderate
26.6,7.9,3.5,12,Dark Green,25,212,29,High
30.7,7.3,4.3,12,Dark Green,0,56,61,Moderate
26.1,7.5,5.8,33,Light Green,27,193,93,Healthy
26.2,8.3,6.5,8,Dark Green,20,272,80,Moderate
33.2,8.3,3.4,12,Light Green,6,29,143,Moderate
28.4,8.0,6.3,28,Dark Green,25,75,124,Moderate
33.0,6.9,3.8,28,Green,19,248,121,High
34.0,8.2,7.4,31,Black,25,245,43,High
34.7,8.3,3.3,8,Brown,36,33,77,High
34.2,7.6,3.7,9,Brown,22,202,77,High
24.1,7.6,5.4,12,Light Green,0,257,59,Healthy
32.7,7.6,3.1,9,Black,10,205,76,High
27.3,7.9,6.4,16,Brown,1,284,98,Healthy
27.7,8.0,6.8,26,Black,14,213,29,Moderate
32.3,7.1,6.4,29,Light Green,27,204,112,Moderate
28.2,8.3,4.8,28,Black,8,124,49,Moderate
28.9,8.7,7.3,20,Black,10,139,15,Moderate
30.2,7.5,5.1,34,Light Green,40,69,59,Healthy
31.8,9.3,7.8,32,Black,20,82,29,High
26.5,8.8,2.0,24,Green,34,136,69,Moderate
24.5,9.0,2.7,23,Green,21,213,77,High
25.3,6.6,7.8,5,Light Green,4,194,77,Moderate
25.6,7.1,6.7,23,Dark Green,36,63,60,High
33.1,8.2,4.2,19,Light Green,29,33,39,Moderate
32.6,9.2,4.5,27,Black,23,129,145,High
24.4,8.4,4.3,17,Light Green,12,271,9,Moderate
24.4,8.8,4.8,28,Dark Green,11,91,134,Moderate
29.8,9.3,4.3,29,Light Green,25,221,110,Moderate
34.4,9.1,6.2,17,Green,34,285,24,Moderate
33.8,9.1,3.8,35,Green,3,163,84,Moderate
26.8,7.6,5.4,14,Black,34,276,37,Moderate
24.6,9.3,3.8,31,Black,26,93,52,High
34.6,7.3,7.4,29,Light Green,1,116,28,Healthy
28.9,7.5,7.6,18,Dark Green,20,53,8,Moderate
25.0,7.5,4.7,16,Light Green,27,48,105,Moderate
33.7,6.6,2.1,20,Dark Green,15,235,73,High
29.5,9.3,7.2,10,Green,14,300,118,Healthy
29.9,6.6,6.7,29,Light Green,23,164,88,Moderate
28.8,6.9,6.6,18,Light Green,29,69,108,Moderate
34.9,7.5,5.0,11,Black,9,215,75,Moderate
32.1,7.6,8.0,7,Dark Green,8,286,88,Moderate
32.0,6.8,4.4,30,Dark Green,6,81,83,Moderate
32.5,6.7,2.2,7,Green,34,91,74,High
33.3,9.0,5.1,18,Brown,7,74,134,Moderate
26.2,9.4,4.9,22,Dark Green,2,91,136,Moderate
26.6,7.4,5.5,30,Dark Green,22,277,93,Moderate
27.7,7.4,4.7,31,Black,6,100,45,Moderate
32.9,8.6,4.8,5,Black,12,270,133,Moderate
29.9,7.2,4.1,17,Dark Green,22,86,75,Moderate
34.8,8.9,2.7,21,Black,37,61,8,High
33.2,9.5,3.9,11,Light Green,29,280,44,High
27.3,6.6,2.4,7,Green,9,135,123,Moderate
25.0,7.6,7.3,13,Green,4,294,48,Healthy
32.7,8.4,5.9,30,Light Green,37,291,136,Moderate
33.0,9.1,3.7,6,Green,3,266,126,Moderate
25.1,9.0,5.9,26,Brown,17,275,114,Moderate
31.8,9.0,7.0,23,Light Green,31,282,63,Moderate
31.3,9.1,5.1,14,Dark Green,38,97,1,High
30.2,8.3,2.7,26,Light Green,27,31,65,Moderate
25.0,8.0,7.9,21,Green,36,269,36,Moderate
33.4,7.3,5.8,11,Brown,39,94,122,Moderate
32.5,7.5,6.3,31,Black,35,117,135,Moderate
31.1,9.0,4.2,22,Green,1,139,16,Healthy
24.2,8.4,3.2,23,Light Green,31,235,45,High
29.3,9.1,3.0,19,Black,7,113,26,High
25.1,9.1,2.5,6,Black,2,21,16,High
28.8,8.6,2.5,23,Black,35,101,138,High
25.7,9.4,5.0,34,Light Green,32,252,121,Moderate
31.1,8.0,3.1,17,Green,33,142,51,Moderate
26.6,9.3,2.1,18,Dark Green,1,158,79,Moderate
33.6,9.3,5.9,5,Brown,38,48,107,High
24.4,7.5,4.9,25,Black,10,119,142,Moderate
29.0,8.4,4.0,23,Light Green,22,295,136,Moderate
31.8,7.1,7.8,32,Dark Green,14,277,105,Moderate
33.5,6.6,5.8,14,Brown,28,223,14,High
27.3,7.0,4.4,31,Brown,21,202,92,Moderate
26.0,7.3,6.0,17,Brown,32,251,144,Moderate
31.7,8.6,7.8,17,Black,8,243,114,Moderate
25.0,7.8,6.4,30,Light Green,23,31,6,Moderate
24.2,9.4,4.0,19,Brown,25,66,131,High
27.1,8.4,7.3,22,Black,27,54,6,Moderate
34.4,7.6,4.4,31,Light Green,30,43,127,Moderate
31.4,8.5,6.0,10,Light Green,14,253,142,Healthy
32.3,8.8,6.1,7,Black,16,290,49,High
30.5,6.9,2.9,23,Green,18,195,15,High
27.6,8.3,3.0,13,Dark Green,0,237,66,Moderate
27.1,8.7,7.2,9,Dark Green,40,285,29,Moderate
26.5,8.9,7.6,9,Light Green,35,222,147,Moderate
24.9,9.0,3.9,15,Black,22,52,3,High
24.2,9.2,5.5,12,Light Green,9,163,145,Moderate
29.2,8.8,3.5,15,Black,9,291,107,High
34.4,7.5,7.4,15,Dark Green,19,217,10,Moderate
28.7,8.0,4.1,23,Dark Green,5,233,61,Healthy
29.7,8.7,6.2,24,Black,35,152,144,Moderate
27.6,8.2,6.7,34,Green,26,126,96,Healthy
26.3,6.8,6.8,31,Green,24,65,20,Moderate
28.3,9.3,4.8,21,Brown,15,288,127,Moderate
26.1,9.2,5.9,32,Brown,38,260,131,Moderate
32.3,8.3,4.2,26,Black,9,242,56,Moderate
26.6,7.6,3.8,6,Light Green,20,259,16,Moderate
33.7,7.9,3.3,5,Dark Green,1,155,84,Moderate
27.1,8.1,5.0,20,Light Green,17,149,129,Healthy
25.9,7.3,6.6,30,Light Green,29,24,85,Moderate
26.5,7.7,5.2,23,Green,3,225,42,Healthy
29.8,7.8,7.1,26,Black,33,149,18,Moderate
33.1,7.3,2.6,28,Green,3,297,66,Moderate
30.8,7.2,7.5,32,Black,31,218,116,Moderate
27.5,6.7,7.0,32,Green,8,282,85,Healthy
29.2,7.6,4.8,25,Dark Green,20,231,26,Moderate
27.4,8.1,5.8,24,Green,8,182,149,Healthy
30.2,8.3,7.6,29,Green,22,183,147,Healthy
28.4,7.6,3.8,15,Dark Green,21,229,136,High
33.0,8.1,7.8,16,Black,3,285,74,Moderate
30.9,7.0,7.0,6,Dark Green,24,44,75,Moderate
29.8,7.7,8.0,8,Dark Green,19,187,72,Moderate
34.6,9.2,2.7,7,Dark Green,13,250,51,High
28.0,6.7,3.8,16,Light Green,40,35,54,High
27.6,6.9,7.4,34,Dark Green,1,215,103,Moderate
25.1,9.0,5.1,7,Green,25,62,94,Moderate
28.0,7.3,5.2,33,Dark Green,8,147,25,Moderate
35.0,9.2,3.8,8,Light Green,28,169,114,High
30.8,8.0,5.5,20,Brown,16,100,26,Moderate
33.6,9.2,4.9,35,Brown,16,211,86,High
29.8,8.0,5.8,27,Brown,8,162,121,Healthy
28.9,7.9,5.3,35,Brown,24,254,70,Moderate
26.4,6.6,6.8,25,Black,10,146,28,Moderate
34.9,7.0,4.6,25,Brown,24,110,43,High
34.5,8.8,2.7,25,Dark Green,37,143,5,High
28.2,8.7,4.8,33,Light Green,12,57,61,Healthy
34.9,7.8,5.7,6,Light Green,10,289,16,Healthy
28.4,6.8,6.9,22,Light Green,5,279,57,Healthy
25.6,7.9,5.9,6,Light Green,9,192,4,Healthy
30.8,8.8,7.4,5,Black,32,31,120,Moderate
31.6,8.3,2.1,18,Black,27,87,134,High
34.1,7.4,6.3,19,Dark Green,40,226,5,High
33.6,6.7,5.3,12,Black,6,116,72,High
31.6,8.5,4.0,33,Light Green,35,213,102,Moderate
29.2,8.5,4.5,11,Dark Green,21,64,148,Moderate
24.4,8.3,4.0,7,Brown,17,103,56,Moderate
27.1,6.7,4.3,34,Black,29,182,60,High
31.9,7.7,3.8,24,Black,27,182,38,High
34.5,7.5,2.6,30,Light Green,39,140,38,High
33.5,7.9,6.8,24,Dark Green,22,165,54,Moderate
26.6,9.0,7.4,5,Black,26,23,115,Moderate
29.9,6.9,5.2,7,Brown,22,189,1,Moderate
25.5,8.6,5.5,8,Black,8,70,147,Moderate
31.1,9.4,4.1,15,Dark Green,19,268,121,High
26.7,7.8,2.1,31,Brown,10,148,135,Moderate
27.8,7.4,2.9,10,Dark Green,38,257,43,High
33.9,9.1,6.7,33,Black,18,26,126,High
26.6,7.2,7.9,27,Brown,23,114,9,Moderate
29.1,8.6,6.0,20,Green,25,113,83,Moderate
32.7,7.3,2.9,27,Dark Green,37,121,74,High
30.6,7.3,5.7,18,Dark Green,8,129,113,Moderate
24.6,7.8,4.5,6,Brown,1,25,5,Moderate
30.5,9.2,6.0,15,Black,26,168,89,High
27.2,8.3,5.5,17,Brown,5,96,67,Healthy
24.2,8.9,4.3,28,Green,12,90,131,Moderate
24.6,9.2,3.0,12,Brown,37,57,17,High
31.9,7.1,6.6,21,Black,12,151,60,Moderate
29.8,9.4,2.6,27,Black,35,137,42,High
30.8,7.8,2.3,23,Green,2,288,11,Healthy
31.0,8.9,4.5,14,Brown,22,299,81,Moderate
30.9,7.4,5.9,14,Green,11,154,105,Healthy
28.3,6.8,5.9,27,Green,27,253,12,Moderate
31.5,7.4,6.0,33,Light Green,3,263,13,Healthy
33.2,8.1,4.3,19,Light Green,2,76,67,Healthy
29.3,7.2,2.3,6,Light Green,12,49,31,Moderate
28.8,7.8,7.4,17,Light Green,33,186,121,Healthy
33.6,6.6,4.1,12,Green,8,296,48,Moderate
25.1,9.2,5.3,10,Black,40,24,45,High
28.5,7.7,4.8,32,Dark Green,7,197,4,Moderate
33.6,7.8,6.3,19,Brown,36,191,71,Moderate
32.5,9.2,5.6,7,Black,0,55,145,Moderate
24.2,9.2,2.2,22,Light Green,2,60,102,Moderate
32.4,8.1,7.6,26,Brown,38,157,96,Moderate
29.1,7.5,3.0,9,Brown,31,270,62,Moderate
25.8,8.8,2.3,14,Dark Green,31,265,122,High
32.2,7.6,3.0,9,Black,30,225,110,High
30.3,8.3,4.0,26,Light Green,9,96,120,Healthy
32.3,8.3,7.4,34,Black,11,168,120,Moderate
27.9,9.2,7.4,16,Dark Green,4,150,42,Moderate
25.9,7.2,7.4,16,Brown,5,37,67,Moderate
28.2,7.7,4.7,12,Black,27,118,120,Moderate
24.5,9.0,6.6,7,Green,4,273,100,Healthy
28.4,8.5,6.0,24,Light Green,31,268,10,Healthy
31.5,6.5,6.8,24,Black,23,83,106,High
33.6,8.9,4.4,7,Dark Green,9,21,79,Moderate
30.2,8.7,2.0,19,Green,20,54,146,Moderate
24.4,6.5,2.5,35,Black,16,164,140,High
27.2,8.2,5.5,15,Dark Green,28,75,104,Moderate
31.0,7.0,2.9,32,Brown,1,128,16,Moderate
32.1,6.6,4.2,14,Brown,16,266,112,High
30.5,9.2,2.4,21,Dark Green,27,55,10,High
26.7,6.8,3.3,18,Light Green,35,241,77,High
28.7,6.9,2.9,30,Light Green,14,72,91,Moderate
28.5,8.4,4.7,7,Green,29,221,43,Moderate
34.2,7.9,6.5,17,Black,36,165,87,High
33.7,6.9,5.2,15,Light Green,6,106,38,Moderate
30.4,8.4,3.4,15,Brown,2,197,61,Moderate
30.5,6.8,7.6,13,Brown,23,281,65,Moderate
28.4,7.2,7.2,15,Black,18,294,69,Moderate
26.3,8.6,6.2,15,Brown,35,244,122,Moderate
32.8,9.3,4.3,24,Dark Green,30,70,86,High
29.6,8.4,5.2,21,Brown,6,252,38,Healthy
34.8,9.2,5.8,34,Black,7,38,71,High
24.9,8.6,7.1,23,Brown,4,229,134,Moderate
27.6,6.5,2.3,25,Black,8,49,12,High
29.5,6.9,6.6,30,Black,24,23,140,High
28.5,8.9,5.4,26,Black,19,167,78,Moderate
28.4,7.3,7.0,34,Green,14,291,118,Healthy
25.1,9.0,3.5,28,Brown,22,221,87,High
31.7,6.8,6.4,6,Dark Green,1,238,25,Moderate
27.5,7.1,7.9,21,Black,17,79,145,Moderate
31.5,7.5,3.3,5,Green,16,59,108,Moderate
32.0,8.2,2.6,14,Black,26,296,104,High
27.2,8.5,2.8,9,Green,3,92,94,Healthy
32.4,7.8,7.4,29,Light Green,25,167,62,Moderate
24.4,8.1,4.6,28,Brown,29,65,27,Moderate
33.3,9.4,5.4,9,Black,36,227,77,High
32.8,7.0,7.7,22,Brown,14,81,30,Moderate
25.7,9.3,3.7,29,Light Green,31,112,18,High
25.9,7.2,6.1,29,Green,22,86,48,Moderate
25.8,8.5,7.6,20,Light Green,6,292,101,Healthy
25.6,9.4,2.6,27,Dark Green,38,162,148,High
34.7,8.2,5.8,27,Brown,33,151,77,Moderate
28.5,8.5,7.8,33,Light Green,20,161,52,Healthy
29.8,9.3,5.3,14,Dark Green,24,297,39,Moderate
33.2,6.7,6.7,15,Brown,4,265,8,Moderate
29.4,7.9,3.8,7,Light Green,36,245,33,Moderate
29.2,7.1,3.3,28,Black,10,254,117,High
33.2,7.8,4.3,27,Black,37,292,55,High
30.4,8.6,3.1,15,Dark Green,11,268,11,Moderate
29.7,8.5,6.4,34,Brown,35,217,110,Moderate
34.8,9.0,3.7,17,Dark Green,3,142,57,High
33.1,7.6,6.0,18,Brown,9,63,24,Moderate
30.1,8.3,5.5,21,Black,31,92,7,Moderate
30.9,8.2,4.7,35,Green,1,289,88,Healthy
34.8,6.7,4.6,23,Brown,5,221,15,Moderate
32.9,9.2,3.0,35,Green,15,33,138,Moderate
31.0,7.7,3.3,6,Green,30,190,46,Moderate
32.2,8.3,4.5,21,Light Green,17,91,116,Moderate
27.0,7.8,5.3,23,Black,24,132,134,Moderate
28.0,8.5,7.4,22,Green,26,185,15,Healthy
30.0,6.7,4.9,6,Green,34,86,75,Moderate
28.3,7.5,5.5,32,Green,38,221,68,Healthy
31.3,8.7,3.1,10,Dark Green,31,58,53,High
26.3,7.5,3.7,12,Green,19,46,83,Moderate
25.4,8.3,5.7,33,Black,24,70,29,High
28.0,8.2,7.3,27,Black,28,266,115,Moderate
33.8,7.9,3.5,7,Green,33,215,4,High
33.2,6.8,3.6,11,Light Green,2,281,78,Moderate
32.9,9.5,6.3,20,Dark Green,12,30,34,Moderate
29.9,7.9,3.5,20,Brown,25,299,4,Moderate
34.7,9.0,6.5,18,Black,11,35,150,Moderate
32.1,7.7,6.8,26,Black,31,98,33,Moderate
27.4,8.2,3.9,34,Brown,9,228,10,Moderate
24.6,8.9,7.0,15,Brown,36,256,106,Moderate
34.9,8.5,5.2,7,Black,0,224,20,Moderate
32.8,9.3,4.0,23,Dark Green,34,62,113,High
29.9,7.0,2.5,18,Green,19,134,21,Moderate
32.8,9.2,7.9,13,Black,21,75,42,High
34.2,7.5,6.2,31,Light Green,34,122,82,Moderate
24.1,7.4,4.0,29,Black,20,77,17,High
30.9,8.9,4.5,18,Black,1,281,109,Moderate
29.1,9.2,7.5,5,Brown,6,272,73,Moderate
30.0,8.4,2.9,26,Black,39,145,136,High
27.9,7.9,7.1,18,Dark Green,37,194,119,Moderate
26.0,8.8,3.9,13,Dark Green,22,211,43,High
30.2,9.5,7.8,16,Brown,33,144,78,Moderate
24.8,6.9,3.9,11,Black,24,48,76,High
26.6,7.2,4.3,30,Green,25,176,149,Moderate
27.6,7.4,6.4,13,Green,17,118,55,Moderate
30.3,9.4,6.2,23,Light Green,0,226,96,Healthy
31.5,8.2,5.7,17,Dark Green,40,43,45,Moderate
27.0,7.5,6.7,30,Brown,22,245,115,Moderate
32.1,8.8,2.2,19,Light Green,25,193,87,High
31.6,8.0,3.6,17,Brown,3,32,52,Moderate
30.8,8.6,7.7,21,Dark Green,21,66,35,Moderate
25.3,7.3,2.2,34,Light Green,33,239,61,High
27.2,7.3,7.4,24,Light Green,2,262,71,Healthy
32.7,9.4,7.8,25,Brown,35,109,100,Moderate
27.7,8.8,7.2,34,Green,22,221,52,Moderate
28.4,8.0,4.2,29,Dark Green,38,70,36,Moderate
27.0,6.7,4.3,17,Black,21,180,115,High
29.0,7.9,7.9,13,Dark Green,38,191,40,Moderate
33.6,9.2,3.8,6,Green,0,28,18,Moderate
28.4,9.1,4.7,16,Green,10,92,37,Moderate
26.3,8.2,4.7,28,Dark Green,10,217,108,Moderate
31.7,7.9,2.5,34,Black,15,282,108,High
34.6,7.6,5.0,35,Light Green,0,123,118,Healthy
25.7,7.7,2.2,6,Light Green,36,29,7,High
29.1,8.8,5.5,29,Brown,32,66,11,Moderate
29.0,8.1,8.0,31,Black,7,241,103,Moderate
34.8,7.7,3.3,28,Brown,23,50,94,High
29.2,7.4,6.0,26,Light Green,33,244,11,Moderate
25.8,9.1,7.0,21,Brown,0,140,106,Moderate
34.4,8.4,2.3,16,Light Green,8,163,57,Moderate
25.3,6.5,6.6,32,Green,34,166,67,Moderate
26.5,8.7,6.2,33,Brown,4,38,40,Healthy
30.8,7.0,2.4,16,Black,24,71,26,High
30.9,7.3,2.6,35,Black,3,30,47,Moderate
32.1,7.2,4.3,17,Brown,22,275,64,Moderate
25.9,8.9,7.4,22,Brown,39,116,118,Moderate
27.9,6.6,6.5,20,Green,5,181,92,Healthy
24.8,8.1,4.0,30,Green,7,186,23,Moderate
29.9,8.5,2.1,32,Light Green,19,22,80,Moderate
30.3,8.1,3.2,26,Dark Green,23,119,58,High
30.4,8.3,6.9,15,Light Green,5,266,119,Healthy
33.7,9.3,6.6,25,Green,2,278,12,Moderate
31.0,8.8,4.6,25,Brown,15,61,4,Moderate
28.0,8.4,5.4,6,Black,20,194,110,Moderate
31.6,7.9,4.3,25,Brown,28,39,121,Moderate
25.7,9.4,3.2,27,Black,26,36,14,High
29.7,9.2,3.2,13,Green,38,280,38,High
32.8,9.2,4.2,31,Dark Green,29,251,124,High
33.1,8.2,4.1,34,Dark Green,27,153,19,High
25.6,7.4,3.3,28,Brown,17,285,102,High
24.6,6.6,4.0,6,Black,0,46,115,High
30.7,8.4,4.1,26,Dark Green,9,169,4,Moderate
29.3,8.3,4.1,25,Black,2,196,1,Moderate
32.4,7.8,7.5,11,Dark Green,15,238,141,Moderate
29.0,7.5,4.5,30,Brown,7,294,84,Healthy
31.0,6.9,7.8,21,Light Green,38,129,116,Moderate
30.9,9.3,5.7,15,Black,16,277,43,High
26.6,8.0,5.2,21,Black,40,141,58,Moderate
27.0,7.7,7.1,19,Black,24,30,49,Moderate
26.8,7.7,6.0,34,Dark Green,32,201,27,Moderate
28.4,6.8,6.7,33,Brown,40,282,4,Moderate
32.0,7.7,2.4,5,Brown,8,292,131,Moderate
32.7,8.1,2.3,21,Light Green,17,160,85,Moderate
27.2,8.5,3.9,9,Dark Green,19,71,129,High
30.8,7.4,3.9,22,Dark Green,27,106,36,High
33.2,7.7,4.4,10,Light Green,5,116,84,Healthy
27.8,9.2,4.0,15,Green,16,31,101,Moderate
30.5,6.8,4.3,35,Black,1,48,41,Moderate
28.7,8.5,6.5,16,Dark Green,13,170,51,Healthy
34.8,9.1,7.6,11,Black,30,222,68,High
34.1,7.7,5.0,34,Brown,29,172,74,Moderate
32.2,8.4,2.5,18,Brown,6,141,71,Moderate
31.2,8.9,7.0,23,Black,25,209,2,High
31.2,8.0,6.8,11,Dark Green,31,160,99,Moderate
34.0,8.0,4.6,30,Light Green,2,291,73,Healthy
26.2,8.4,2.3,13,Green,16,100,132,Moderate
34.5,9.3,5.9,22,Green,0,40,90,Moderate
32.1,6.7,5.3,20,Black,3,267,75,Moderate
26.9,7.3,7.9,5,Dark Green,36,78,123,Moderate
32.0,6.7,3.1,10,Black,19,58,88,High
33.5,9.2,5.3,11,Brown,8,104,53,Moderate
27.6,8.3,3.9,6,Brown,33,174,129,Moderate
28.6,8.0,3.5,27,Black,12,111,46,Moderate
26.2,7.0,6.9,31,Brown,33,88,107,Moderate
28.2,8.8,6.0,33,Dark Green,11,153,37,Moderate
29.5,9.2,3.7,27,Brown,0,29,137,Moderate
32.7,8.8,6.1,11,Black,17,162,113,High
33.8,7.0,5.7,30,Brown,32,241,78,Moderate
28.1,8.2,3.2,24,Black,31,70,79,High
28.5,7.5,4.5,11,Light Green,14,284,131,Healthy
32.4,7.6,6.6,15,Black,7,28,26,Moderate
30.6,8.3,4.8,14,Black,35,295,97,Moderate
27.6,8.1,2.4,25,Black,11,207,150,Moderate
26.7,8.3,5.5,24,Black,20,103,14,Moderate
25.5,6.6,7.2,8,Dark Green,22,99,92,High
29.5,8.2,5.4,17,Light Green,8,180,103,Healthy
34.4,7.7,6.2,5,Light Green,26,112,116,Moderate
24.8,8.6,5.9,11,Brown,38,153,33,Moderate
30.1,7.5,3.8,24,Dark Green,27,240,119,High
25.1,7.2,7.7,8,Green,12,34,107,Moderate
25.5,7.5,7.4,14,Dark Green,10,269,43,Moderate
33.8,9.4,3.1,21,Dark Green,35,273,93,High
27.6,6.5,7.2,20,Brown,18,276,27,Moderate
26.3,7.3,4.2,11,Light Green,26,121,105,Moderate
24.2,7.9,3.1,12,Light Green,1,39,82,Moderate
32.5,6.6,5.7,33,Brown,23,150,53,Moderate
32.3,8.4,5.4,31,Dark Green,12,239,65,Moderate
24.7,8.3,6.3,32,Green,22,137,98,Moderate
27.4,8.9,2.4,28,Black,5,164,15,Moderate
34.5,8.5,5.9,35,Black,20,26,35,High
25.2,9.5,6.7,31,Dark Green,37,135,33,High
29.9,7.5,4.7,11,Dark Green,38,55,16,Moderate
30.1,6.7,5.7,29,Brown,30,167,43,Moderate
28.1,7.0,3.9,31,Green,24,248,135,Moderate
28.8,7.1,3.8,28,Brown,34,214,30,High
32.4,8.6,7.1,16,Dark Green,40,60,87,Moderate
25.4,8.9,2.7,20,Brown,32,300,46,High
30.9,9.2,7.4,19,Green,35,252,82,Moderate
30.9,6.7,5.7,31,Black,21,174,65,High
27.7,8.7,3.8,34,Light Green,16,85,82,Moderate
26.6,8.9,3.2,14,Black,15,256,79,High
34.7,6.9,5.5,20,Dark Green,39,242,89,High
34.0,8.1,3.0,24,Green,6,279,70,Moderate
27.5,7.1,6.4,10,Brown,1,286,143,Healthy
33.8,8.7,3.1,5,Green,33,292,17,High
25.3,9.1,5.4,32,Black,22,92,10,High
30.9,7.2,3.2,28,Green,14,293,78,Moderate
28.3,7.6,5.3,24,Black,38,284,124,Moderate
30.0,7.2,5.7,10,Brown,23,119,108,Moderate
34.4,8.9,7.6,17,Black,20,209,119,High
34.2,9.3,4.3,17,Brown,14,284,90,Moderate
28.9,8.9,4.0,20,Brown,25,163,138,Moderate
32.4,6.8,7.1,5,Dark Green,19,298,101,High
26.6,9.3,2.5,17,Black,17,190,108,High
26.4,6.9,4.7,16,Dark Green,36,157,15,High
29.6,8.0,6.0,18,Brown,2,265,3,Healthy
28.9,8.4,4.5,16,Brown,0,241,54,Healthy
28.8,9.2,7.7,16,Dark Green,26,218,88,Moderate
25.9,8.8,5.2,28,Green,5,271,104,Healthy
29.0,8.2,6.0,30,Light Green,31,75,79,Healthy
29.5,7.6,3.7,7,Light Green,21,211,20,Moderate
31.1,6.8,7.4,11,Green,31,35,81,Moderate
34.3,7.4,7.7,34,Light Green,36,136,129,Moderate
29.5,9.2,4.9,12,Black,33,247,78,High
33.0,9.1,3.3,24,Brown,35,193,130,High
26.3,7.7,6.2,12,Dark Green,4,116,22,Healthy
33.7,7.1,4.5,30,Light Green,17,265,43,Moderate
28.8,9.3,7.5,25,Green,17,255,61,Moderate
34.8,8.5,2.5,11,Light Green,5,116,97,Moderate
29.4,7.8,5.2,15,Light Green,28,89,1,Healthy
28.4,9.0,4.5,16,Brown,8,197,13,Moderate
31.9,9.1,5.8,11,Green,31,275,65,Moderate
26.2,7.1,2.1,29,Dark Green,39,152,9,High
30.5,8.8,3.3,34,Light Green,2,60,50,Moderate
33.0,8.7,2.8,9,Brown,29,133,86,High
29.6,8.7,3.1,11,Green,31,171,81,Moderate
30.1,7.9,5.0,16,Green,32,201,110,Healthy
28.1,8.8,5.4,14,Black,22,174,82,Moderate
25.0,9.1,7.0,34,Black,25,66,146,High
26.0,9.3,4.5,26,Light Green,19,220,20,Moderate
31.2,7.2,6.0,20,Light Green,3,242,103,Healthy
28.3,7.3,7.2,6,Green,23,237,135,Moderate
31.4,9.3,5.9,33,Brown,37,29,57,Moderate
25.8,9.5,6.5,23,Black,2,185,28,Moderate
34.9,8.4,7.0,33,Dark Green,28,210,69,Moderate
27.4,8.6,4.7,15,Black,6,79,3,Moderate
33.0,9.2,5.8,29,Brown,0,291,136,Moderate
25.3,8.7,6.0,16,Light Green,39,126,122,Moderate
25.4,8.8,6.9,34,Green,19,212,63,Moderate
29.4,6.6,5.2,13,Light Green,1,67,70,Healthy
28.8,6.6,2.6,12,Light Green,39,43,84,High
33.9,7.0,7.6,22,Brown,1,246,51,Moderate
24.7,8.8,5.2,18,Green,34,215,16,Moderate
28.2,7.5,7.7,20,Black,30,128,127,Moderate
34.9,8.3,3.2,28,Green,39,85,24,High
27.0,7.3,7.4,5,Light Green,33,74,125,Moderate
30.9,6.8,8.0,10,Black,14,273,74,Moderate
24.2,9.4,4.3,15,Light Green,10,110,66,Moderate
30.6,7.8,7.1,28,Light Green,33,250,103,Healthy
31.5,7.8,5.7,23,Brown,24,25,149,Moderate
30.8,7.5,5.0,5,Dark Green,0,80,132,Healthy
26.7,7.0,2.5,14,Green,2,235,149,Moderate
26.0,6.9,6.5,16,Dark Green,2,228,63,Moderate
32.2,8.5,6.6,23,Dark Green,40,74,31,Moderate
25.8,9.3,5.5,21,Black,16,43,58,High
33.2,8.9,3.9,15,Dark Green,30,285,95,High
34.0,7.1,3.5,19,Green,35,87,121,High
28.7,9.0,5.4,7,Black,33,90,99,Moderate
28.8,8.9,4.3,10,Black,21,141,8,High
27.8,7.7,5.7,27,Light Green,21,92,99,Healthy
24.4,9.2,3.2,20,Dark Green,16,240,98,High
29.4,8.5,3.7,11,Dark Green,34,215,110,High
30.7,6.6,5.5,10,Brown,34,256,110,Moderate
32.8,6.5,2.6,13,Brown,35,273,5,High
24.9,8.0,4.7,29,Light Green,39,234,14,Moderate
28.4,7.1,7.9,10,Light Green,25,179,13,Moderate
29.0,7.8,3.4,27,Black,36,288,143,High
29.5,8.0,5.3,17,Green,20,62,89,Healthy
33.5,7.4,5.8,21,Light Green,21,214,69,Moderate
34.1,7.6,2.7,5,Light Green,27,228,37,High
32.0,7.5,7.7,16,Black,16,87,61,Moderate
34.6,8.9,4.6,22,Dark Green,10,234,128,Moderate
31.1,8.1,5.9,24,Green,0,39,95,Healthy
33.6,6.5,6.0,35,Light Green,37,284,147,Moderate
28.3,6.5,4.3,9,Brown,11,87,134,Moderate
25.3,9.4,3.5,23,Black,34,89,25,High
34.6,8.8,6.9,8,Black,38,277,70,High
27.0,6.9,4.9,13,Dark Green,27,105,52,High
28.2,7.8,6.8,21,Black,10,57,58,Moderate
32.7,6.6,3.5,35,Green,14,31,48,Moderate
27.0,9.4,6.4,13,Dark Green,12,124,135,Moderate
33.8,7.3,4.4,14,Green,5,106,130,Moderate
32.1,7.9,6.1,15,Brown,2,290,134,Healthy
26.1,9.3,7.4,33,Green,29,221,14,Moderate
26.0,7.7,4.3,7,Black,19,96,28,Moderate
27.9,7.6,7.9,28,Brown,3,188,105,Healthy
28.2,9.5,7.6,12,Brown,22,240,64,Moderate
24.9,9.3,6.6,30,Light Green,32,158,16,Moderate
25.5,9.1,7.5,33,Black,21,273,12,High
30.4,7.4,6.7,23,Black,0,225,111,Moderate
33.0,9.3,7.4,14,Black,7,148,135,Moderate
32.4,8.9,5.0,24,Dark Green,30,273,47,Moderate
32.6,6.8,2.2,18,Dark Green,5,166,38,High
34.6,7.9,3.1,29,Dark Green,23,50,40,High
34.9,8.8,4.2,19,Green,37,234,141,Moderate
25.3,8.8,5.4,31,Black,22,64,63,High
25.5,8.6,3.7,6,Green,18,298,93,High
34.8,7.0,6.7,7,Green,3,261,51,Healthy
29.6,7.4,6.3,7,Dark Green,3,134,30,Healthy
30.1,9.2,5.5,5,Light Green,26,45,79,Moderate
25.1,7.5,6.6,15,Brown,10,217,116,Moderate
29.1,7.3,4.4,26,Dark Green,27,253,50,Moderate
24.8,8.8,6.7,22,Brown,7,62,7,Moderate
25.3,8.4,3.0,14,Light Green,39,246,128,High
29.0,6.6,7.5,10,Brown,0,297,122,Healthy
25.9,7.5,5.9,8,Black,1,237,35,Moderate
28.5,9.1,7.9,17,Brown,27,197,70,Moderate
30.6,7.7,7.0,22,Green,17,190,63,Healthy
26.4,8.5,3.8,33,Green,36,255,47,Moderate
34.0,6.6,3.2,28,Brown,32,157,72,High
30.6,7.5,3.5,11,Dark Green,2,228,139,Moderate
30.9,8.9,6.5,6,Black,20,272,20,Moderate
31.0,8.0,7.5,22,Dark Green,3,292,65,Healthy
29.4,9.2,2.6,21,Light Green,39,177,112,High
29.9,9.0,6.4,18,Light Green,6,64,66,Healthy
32.9,8.1,2.5,27,Brown,3,174,10,Moderate
33.7,8.7,4.2,21,Black,26,230,131,High
31.7,8.9,5.0,31,Dark Green,19,22,10,Moderate
34.1,7.6,2.1,16,Brown,23,266,94,High
26.2,7.3,6.9,14,Dark Green,13,92,22,Moderate
30.9,7.6,5.1,15,Light Green,4,121,72,Healthy
32.7,8.2,5.7,9,Dark Green,36,90,117,Moderate
30.9,9.4,3.8,25,Green,12,176,110,Moderate
26.6,7.6,6.9,35,Brown,1,217,131,Healthy
28.2,7.4,2.2,23,Light Green,24,91,83,Moderate
30.3,7.3,6.8,26,Dark Green,14,77,135,Moderate
32.8,7.8,7.8,5,Green,25,272,143,Moderate
34.9,9.3,6.8,13,Brown,38,126,55,High
26.9,8.2,6.8,31,Brown,19,95,140,Moderate
31.8,9.1,8.0,22,Green,16,92,150,Moderate
25.7,7.7,7.8,8,Green,29,158,68,Moderate
28.7,9.3,5.6,10,Black,6,117,87,Moderate
26.3,6.7,6.5,17,Green,17,37,72,Moderate
30.2,8.6,6.2,11,Black,27,289,42,Moderate
34.9,9.0,7.9,17,Brown,10,109,46,Moderate
33.6,6.5,6.8,9,Brown,7,50,126,Moderate
26.2,8.1,3.4,19,Brown,12,63,92,Moderate
34.1,7.4,6.0,6,Brown,25,52,53,Moderate
33.8,6.5,2.6,10,Brown,18,160,21,High
25.1,7.9,7.8,9,Black,22,274,45,High
25.2,7.6,5.3,18,Black,20,239,37,High
26.1,7.3,5.0,33,Green,30,286,127,Moderate
29.6,9.1,7.0,16,Dark Green,26,253,30,Moderate
25.2,6.6,4.9,9,Black,30,260,111,High
26.9,8.0,3.2,28,Black,28,78,106,High
30.3,9.3,5.4,6,Light Green,12,30,135,Healthy
28.7,9.2,5.7,18,Dark Green,3,130,81,Moderate
25.7,9.3,5.2,25,Green,34,236,143,Moderate
26.3,8.9,2.6,12,Green,29,64,145,Moderate
30.9,8.6,3.2,5,Dark Green,34,282,66,High
34.7,8.5,3.3,5,Brown,29,294,94,High
29.3,8.0,6.4,28,Dark Green,35,161,5,Moderate
32.6,9.1,2.6,25,Black,5,202,32,High
24.4,7.3,3.6,26,Light Green,5,172,47,Moderate
32.1,9.4,7.1,20,Light Green,9,78,134,Moderate
28.8,9.0,2.3,19,Green,4,38,130,Moderate
32.5,7.9,7.3,17,Black,19,143,35,Moderate
27.3,8.2,6.4,27,Black,16,224,67,Moderate
33.8,8.5,6.2,20,Black,25,66,30,High
24.2,7.0,7.6,5,Green,30,131,60,Moderate
32.7,9.0,6.9,18,Dark Green,4,98,48,Moderate
28.1,7.1,5.8,29,Light Green,10,160,58,Healthy
28.1,7.6,4.9,25,Black,29,145,150,Moderate
25.7,9.1,4.0,13,Dark Green,26,247,6,High
29.6,9.2,6.6,16,Light Green,11,226,4,Healthy
25.8,7.5,4.5,16,Green,22,33,6,Moderate
24.2,6.8,3.4,22,Dark Green,21,151,13,High
33.7,8.7,3.7,34,Light Green,27,198,139,High
31.5,7.8,5.6,17,Black,11,66,145,Moderate
27.1,6.6,7.4,8,Black,34,189,20,High
34.0,8.8,6.6,20,Dark Green,33,60,46,High
34.2,6.9,2.9,19,Dark Green,27,155,10,High
26.9,9.4,6.7,30,Light Green,40,227,11,Moderate
30.2,7.4,5.5,18,Green,3,61,41,Healthy
25.4,8.4,3.0,7,Brown,9,114,99,Moderate
28.4,7.5,5.5,27,Light Green,6,136,97,Healthy
34.7,8.5,4.7,24,Light Green,28,229,113,Moderate
27.3,7.4,7.2,14,Green,33,184,40,Moderate
31.8,6.8,2.8,33,Green,40,176,43,High
25.0,8.9,3.1,11,Light Green,15,42,38,Moderate
25.6,8.0,4.8,18,Dark Green,23,255,30,High
34.7,8.7,4.8,17,Black,22,213,144,High
27.0,7.4,7.2,6,Dark Green,33,111,1,Moderate
26.1,8.1,5.2,32,Black,27,272,126,Moderate
33.4,8.6,2.5,12,Light Green,36,191,54,High
24.0,7.1,4.5,22,Black,18,56,133,High
29.5,9.3,3.1,23,Brown,32,153,143,High
27.0,7.0,2.3,10,Light Green,33,96,124,Moderate
24.7,7.5,7.3,35,Light Green,33,115,77,Moderate
31.0,7.2,7.5,10,Brown,29,98,85,Moderate
31.8,7.9,7.4,33,Black,7,241,148,Moderate
28.7,8.2,3.9,29,Black,30,126,122,High
29.5,9.1,5.7,27,Green,10,192,68,Healthy
26.1,9.2,6.6,17,Black,34,190,63,High
31.4,7.8,6.5,22,Brown,5,58,121,Healthy
25.3,8.3,6.6,31,Black,35,134,134,High
28.7,6.6,6.8,7,Dark Green,24,194,54,Moderate
32.4,7.6,7.3,18,Black,31,71,48,Moderate
24.6,6.8,3.0,16,Light Green,15,164,124,High
30.9,6.8,5.0,27,Light Green,8,266,69,Healthy
26.0,9.3,5.5,32,Black,17,50,73,High
26.0,7.3,6.9,20,Brown,1,75,68,Healthy
24.2,8.9,5.2,32,Light Green,19,73,95,Moderate
25.2,6.6,5.4,14,Green,30,256,22,Moderate
31.8,9.5,5.8,21,Brown,38,87,122,Moderate
25.9,8.2,3.3,13,Brown,31,223,135,High
29.1,6.7,3.7,24,Dark Green,38,106,17,High
27.9,7.0,2.7,26,Light Green,12,92,58,Moderate
29.3,8.1,4.5,14,Light Green,37,287,103,Moderate
29.3,7.3,4.9,13,Dark Green,10,212,141,Moderate
24.4,8.3,3.3,25,Brown,14,300,150,Moderate
25.4,7.3,7.4,12,Light Green,19,299,142,Moderate
24.9,8.1,4.5,31,Green,32,79,111,Moderate
31.5,6.9,2.0,25,Brown,5,106,141,Moderate
24.9,7.7,2.1,13,Green,25,232,145,High
29.8,9.0,6.9,10,Green,25,163,17,Moderate
33.0,7.4,7.5,18,Dark Green,31,22,53,Moderate
26.1,8.0,2.1,6,Brown,32,121,112,Moderate
29.1,7.1,2.1,11,Dark Green,8,26,15,Moderate
29.3,8.4,5.7,20,Brown,6,283,90,Healthy
34.5,7.9,7.4,14,Green,35,222,19,Moderate
34.5,7.8,4.6,16,Brown,8,124,99,Moderate
32.3,8.2,7.3,33,Dark Green,34,154,124,Moderate
28.8,6.6,5.9,9,Brown,26,296,49,Moderate
24.3,8.5,6.6,31,Green,22,64,76,Moderate
30.1,7.2,3.7,23,Green,38,104,87,Moderate
29.3,8.9,7.9,30,Black,34,299,68,Moderate
34.7,8.7,5.0,15,Light Green,18,233,140,Moderate
27.8,9.0,4.3,17,Green,40,216,40,Moderate
33.6,8.7,7.8,33,Green,6,195,52,Moderate
32.0,6.6,3.8,18,Black,32,37,12,High
26.5,7.7,3.1,22,Brown,16,271,80,Moderate
25.0,9.1,2.2,26,Light Green,1,78,24,Moderate
27.1,7.4,5.1,19,Light Green,24,79,78,Moderate
26.8,7.8,7.5,16,Dark Green,20,118,129,Moderate
27.7,7.4,3.2,17,Green,33,218,82,Moderate
33.1,7.1,4.2,19,Black,37,94,18,High
28.1,7.4,4.6,11,Brown,21,259,17,Moderate
33.2,7.3,4.2,19,Dark Green,11,24,135,Moderate
33.7,7.7,4.0,28,Dark Green,21,75,118,High
34.5,6.8,5.7,10,Light Green,27,133,97,Moderate
30.1,8.4,2.0,18,Dark Green,33,76,44,High
31.9,6.8,7.5,27,Green,24,278,35,Moderate
24.7,9.2,6.8,8,Green,26,48,58,Moderate
30.0,6.9,5.7,29,Black,38,184,34,High
28.7,7.7,7.3,7,Green,24,143,66,Healthy
25.7,8.5,7.6,8,Black,16,173,81,High
25.9,8.0,4.1,23,Light Green,22,181,97,Moderate
30.3,8.0,2.7,27,Green,27,103,8,Moderate
24.3,8.0,4.7,22,Green,35,29,106,Moderate
34.3,6.5,3.7,9,Brown,22,173,114,High
24.9,9.0,7.9,29,Black,19,225,48,High
31.8,9.5,5.7,33,Green,18,141,124,Moderate
29.0,9.4,3.6,10,Brown,27,281,29,High
25.7,8.7,6.8,22,Light Green,4,67,17,Healthy
31.9,6.5,2.2,7,Dark Green,12,101,13,High
33.9,7.9,3.6,9,Brown,15,290,93,Moderate
29.3,7.4,3.7,10,Green,12,87,44,Moderate
26.1,6.6,6.8,31,Black,18,78,61,High
32.5,8.1,2.0,15,Light Green,2,38,69,Moderate
25.5,8.1,6.3,30,Light Green,29,156,66,Moderate
26.1,9.1,4.4,30,Dark Green,36,277,6,High
27.7,8.9,3.3,19,Brown,3,79,22,Moderate
34.1,8.8,4.2,10,Light Green,23,167,62,Moderate
31.4,6.6,4.2,19,Dark Green,9,74,88,Moderate
25.8,8.7,6.0,24,Brown,36,60,46,Moderate
26.5,8.4,4.7,14,Light Green,22,74,14,Moderate
31.2,6.5,4.5,17,Green,36,126,146,Moderate
34.7,6.6,4.6,13,Light Green,40,193,34,High
34.2,8.0,7.1,19,Green,30,79,22,Moderate
26.7,7.0,2.4,13,Dark Green,25,52,18,High
31.7,8.2,7.4,8,Light Green,25,69,9,Moderate
34.9,8.2,2.4,24,Dark Green,13,292,34,High
25.0,8.4,3.8,31,Dark Green,30,162,85,High
28.7,9.3,5.0,14,Dark Green,29,185,38,Moderate
33.1,8.6,6.4,22,Light Green,31,181,112,Moderate
25.8,8.1,3.3,14,Black,9,207,96,High
24.5,7.9,3.3,17,Light Green,17,290,87,High
31.7,7.4,3.0,11,Light Green,16,178,63,High
31.5,8.6,6.8,29,Black,28,182,36,High
24.0,9.2,7.2,11,Green,1,245,135,Moderate
34.8,7.1,5.4,31,Dark Green,9,119,30,Moderate
25.7,6.6,3.8,31,Green,10,36,41,High
24.7,8.4,7.9,17,Light Green,17,226,10,Moderate
33.2,8.7,5.8,14,Green,38,297,41,Moderate
26.5,8.6,4.2,18,Black,17,272,143,High
27.5,9.4,3.9,32,Green,12,54,109,Moderate
26.1,9.0,4.4,33,Black,18,98,5,High
34.8,6.9,7.7,13,Dark Green,9,294,99,Moderate
29.1,8.9,6.6,23,Dark Green,17,212,109,Moderate
29.2,9.2,2.8,18,Black,16,275,105,High
28.9,8.7,3.5,21,Brown,23,198,21,High
31.8,7.2,3.1,32,Black,20,186,84,High
33.3,7.3,4.1,22,Black,31,107,130,High
29.7,9.4,2.8,34,Green,9,292,2,Moderate
32.0,6.9,5.6,29,Green,19,190,3,Moderate
27.8,9.0,6.6,9,Green,9,246,145,Healthy
32.4,9.5,2.2,7,Light Green,36,25,69,High
33.0,8.0,4.0,27,Light Green,4,188,103,Healthy
33.8,7.9,4.9,33,Light Green,4,125,47,Healthy
33.7,8.3,5.6,18,Brown,11,250,98,Moderate
34.8,7.7,2.7,31,Dark Green,31,85,86,High
30.3,9.1,3.0,17,Dark Green,3,102,47,Moderate
29.5,9.2,4.7,8,Black,29,124,65,High
32.7,7.2,5.8,12,Brown,26,84,128,Moderate
26.8,9.1,3.4,35,Dark Green,36,20,48,High
29.9,8.8,3.2,20,Brown,15,124,11,Moderate
33.1,8.3,6.5,18,Green,40,114,74,Moderate
34.0,8.5,5.6,19,Brown,16,217,56,Moderate
32.0,8.5,7.9,13,Black,23,154,93,Moderate
34.9,8.6,3.9,30,Dark Green,1,28,83,High
30.5,8.6,3.0,33,Black,40,47,92,High
32.1,7.7,5.1,34,Brown,40,101,115,Moderate
27.4,7.7,6.1,29,Green,16,200,111,Healthy
30.5,7.8,6.9,35,Dark Green,12,53,104,Healthy
30.8,6.8,5.2,10,Dark Green,33,299,34,Moderate
25.4,7.9,2.9,20,Dark Green,40,207,127,High
30.7,8.2,5.8,23,Green,37,233,66,Healthy
27.7,7.8,2.2,7,Black,4,93,113,Moderate
26.7,6.8,4.9,19,Green,12,58,44,Moderate
24.9,8.4,7.4,27,Brown,30,21,96,Moderate
32.5,9.0,7.1,35,Dark Green,5,40,131,Moderate
25.4,8.9,4.3,30,Light Green,15,109,71,Moderate
34.2,8.3,4.6,8,Green,7,183,102,Moderate
33.7,9.2,7.9,29,Light Green,10,23,145,Moderate
34.2,8.6,7.6,22,Dark Green,37,255,60,High
30.0,7.3,2.8,28,Green,37,142,18,Moderate
26.8,8.2,4.1,19,Light Green,29,245,109,Moderate
30.7,6.5,4.5,7,Black,5,259,11,Moderate
33.6,9.3,5.2,23,Brown,40,193,60,High
28.2,6.5,7.1,18,Light Green,7,50,126,Healthy
33.1,9.2,5.6,17,Brown,17,20,7,High
30.1,6.9,5.3,10,Brown,3,74,78,Healthy
27.8,8.1,5.8,13,Dark Green,19,30,61,Moderate
26.6,6.5,6.6,17,Black,21,287,70,High
27.4,8.6,4.8,6,Brown,6,29,141,Moderate
28.2,7.6,2.5,20,Black,28,279,22,High
26.9,9.0,6.1,20,Light Green,37,138,133,Moderate
34.1,7.5,2.6,33,Black,38,163,43,High
31.8,8.3,2.2,30,Black,4,96,54,Moderate
24.4,9.1,3.2,33,Dark Green,17,141,37,High
27.9,7.3,2.7,17,Brown,21,227,97,High
27.2,6.5,3.1,27,Light Green,7,201,18,Moderate
26.4,8.5,6.3,31,Brown,17,109,59,Moderate
31.3,9.1,3.4,10,Black,31,167,13,High
27.9,7.3,3.6,27,Green,35,174,90,Moderate
28.2,7.4,6.4,21,Brown,16,140,137,Moderate
28.1,8.4,3.7,13,Brown,20,259,114,Moderate
34.0,8.4,2.7,7,Brown,39,141,24,High
29.5,7.5,7.2,8,Green,26,48,120,Healthy
26.8,9.3,3.5,5,Green,3,40,117,Moderate
31.3,8.4,4.8,9,Black,38,194,66,High
33.2,7.7,3.8,20,Black,23,201,124,High
33.6,8.9,6.3,10,Black,39,124,55,High
26.6,7.4,2.4,22,Dark Green,13,82,20,Moderate
25.3,9.1,6.3,9,Green,9,210,42,Moderate
27.2,8.9,4.7,25,Green,36,194,84,Moderate
26.4,9.0,6.4,35,Light Green,21,94,16,Moderate
24.8,8.4,3.4,17,Green,19,83,66,High
30.5,6.8,5.1,19,Brown,11,172,2,Moderate
26.4,9.2,2.5,33,Green,36,206,121,High
25.3,7.0,4.4,13,Green,14,46,82,Moderate
31.5,9.1,7.7,16,Light Green,3,65,95,Healthy
31.7,8.4,3.8,28,Brown,32,87,9,High
32.3,6.9,4.2,34,Light Green,12,296,82,Moderate
26.7,7.0,7.9,27,Black,7,146,67,Moderate
31.3,8.3,2.2,24,Brown,14,275,50,Moderate
34.1,7.7,6.1,23,Black,3,91,150,Moderate
33.7,8.9,7.3,32,Black,12,289,40,Moderate
31.8,7.7,6.8,16,Light Green,23,127,66,Moderate
30.0,8.6,3.4,35,Light Green,12,211,103,Moderate
25.2,8.0,6.3,30,Brown,10,150,117,Moderate
34.4,9.2,7.9,25,Black,37,152,117,High
32.6,7.9,3.2,24,Black,28,170,150,High
26.4,7.1,3.9,11,Green,22,60,121,Moderate
29.0,7.6,5.9,7,Brown,28,151,2,Moderate
24.4,8.6,2.7,5,Brown,11,264,129,High
26.3,7.6,6.0,12,Black,13,88,22,Moderate
28.2,8.2,4.7,6,Dark Green,9,141,108,Moderate
25.6,8.9,6.3,28,Light Green,17,296,8,Moderate
25.3,9.3,4.0,19,Brown,6,241,91,Moderate
29.5,8.6,2.7,30,Dark Green,9,29,48,Moderate
29.6,8.0,4.2,12,Green,39,295,32,Moderate
34.7,9.0,7.4,24,Brown,25,44,47,Moderate
30.6,8.2,6.3,12,Green,31,114,8,Healthy
26.0,7.5,2.7,13,Light Green,11,181,54,Moderate
34.4,8.9,2.5,21,Brown,22,140,146,High
34.5,7.0,4.1,35,Brown,11,70,6,Moderate
30.4,8.1,5.8,13,Black,12,139,65,Moderate
32.0,6.8,7.0,34,Black,15,27,138,Moderate
24.2,9.4,2.4,21,Light Green,37,141,107,High
26.9,8.1,4.5,33,Brown,34,107,138,Moderate
29.8,6.7,4.1,16,Dark Green,9,207,136,Moderate
27.4,7.0,7.6,15,Light Green,38,156,90,Moderate
28.1,7.8,2.5,5,Light Green,5,189,34,Healthy
27.5,8.6,5.8,35,Green,24,245,58,Moderate
30.0,7.4,2.6,23,Green,10,246,53,Moderate
26.4,7.2,2.6,7,Light Green,29,101,31,Moderate
26.5,7.0,2.7,31,Brown,28,228,93,High
24.1,7.6,3.7,6,Dark Green,33,289,129,High
29.9,7.3,3.8,22,Dark Green,34,236,52,High
30.1,9.4,4.0,16,Light Green,2,267,136,Healthy
27.9,8.7,4.5,22,Light Green,18,154,19,Moderate
24.2,8.7,3.2,18,Dark Green,33,195,44,High
31.6,8.4,3.1,29,Green,23,119,59,Moderate
30.2,6.9,2.6,17,Brown,4,163,121,Moderate
32.1,8.6,7.3,10,Brown,32,173,15,Moderate
28.7,9.2,2.9,10,Dark Green,40,185,107,High
29.2,7.1,2.4,18,Dark Green,8,24,37,Moderate
28.9,8.8,7.9,29,Dark Green,19,165,135,Moderate
25.4,8.2,2.5,23,Brown,2,183,141,Moderate
26.7,7.7,5.3,8,Dark Green,31,155,95,Moderate
32.0,7.6,5.6,12,Black,28,20,113,Moderate
34.4,8.9,6.1,26,Green,26,300,126,Moderate
33.0,8.4,7.2,7,Light Green,39,288,87,Moderate
27.1,6.9,6.0,6,Black,17,212,68,High
28.3,7.4,3.1,20,Dark Green,18,96,142,High
26.3,8.5,7.7,6,Dark Green,17,212,32,Moderate
25.0,7.7,4.2,5,Brown,26,250,131,Moderate
33.9,7.2,5.2,18,Dark Green,16,177,38,High
25.9,7.9,6.9,29,Dark Green,15,160,49,Moderate
32.5,7.1,3.8,33,Green,8,207,105,Moderate
27.2,9.4,4.4,23,Brown,2,242,23,Moderate
32.0,6.6,2.8,31,Green,5,222,15,Moderate
34.7,8.5,7.8,12,Black,26,53,144,High
27.3,8.5,7.2,18,Green,13,183,86,Healthy
34.8,8.9,5.5,33,Black,10,134,92,Moderate
24.5,9.2,5.8,13,Green,16,159,11,Moderate
34.7,8.5,5.8,34,Green,25,220,122,Moderate
24.1,8.1,6.8,27,Green,29,65,55,Moderate
26.8,7.7,3.0,17,Light Green,26,184,112,Moderate
27.1,8.6,7.0,21,Green,36,298,9,Moderate
26.3,8.2,4.8,19,Light Green,3,154,30,Healthy
26.6,7.3,5.5,31,Light Green,32,177,20,Moderate
28.6,9.0,3.3,17,Black,18,136,44,High
34.3,7.9,2.8,28,Black,38,260,117,High
25.1,8.4,6.3,13,Black,7,58,65,Moderate
29.1,6.9,7.2,23,Black,0,259,142,Moderate
30.2,7.3,7.7,20,Light Green,8,68,128,Healthy
29.7,9.4,4.8,23,Light Green,14,41,94,Moderate
34.6,8.5,6.2,16,Brown,31,264,105,Moderate
33.7,7.6,4.4,10,Brown,21,218,2,Moderate
25.8,7.5,3.7,10,Green,10,147,67,Moderate
31.6,9.1,2.1,18,Dark Green,15,48,129,High
31.9,8.6,2.8,23,Green,1,205,4,Moderate
29.9,8.5,4.0,10,Dark Green,40,62,10,Moderate
25.3,7.4,3.3,14,Dark Green,38,75,121,High
29.2,8.3,7.2,32,Dark Green,13,145,105,Healthy
34.2,8.5,5.7,9,Brown,40,67,92,Moderate
34.7,7.6,6.5,19,Green,10,58,52,Healthy
30.9,7.8,3.2,22,Black,39,71,83,High
33.7,7.9,6.2,25,Green,32,232,140,Moderate
33.4,7.0,5.5,15,Brown,22,230,136,Moderate
28.2,8.2,3.3,31,Dark Green,25,143,68,High
25.1,9.0,5.6,32,Brown,17,73,56,Moderate
29.2,7.8,5.1,10,Light Green,30,131,8,Healthy
25.3,8.3,7.1,18,Black,28,276,69,High
32.9,8.2,7.6,24,Brown,26,166,99,Moderate
33.5,6.8,5.5,28,Brown,18,39,119,High
34.8,7.0,5.2,32,Light Green,19,263,43,Moderate
32.0,7.5,2.9,20,Brown,15,97,48,Moderate
29.8,8.6,4.4,23,Dark Green,5,225,110,Moderate
25.7,7.9,7.1,13,Brown,21,64,50,Moderate
25.7,6.8,7.4,10,Black,16,126,107,High
25.1,7.0,2.3,19,Brown,17,68,114,High
29.3,8.7,5.5,9,Black,34,154,85,Moderate
25.3,7.4,2.1,35,Brown,38,197,101,High
35.0,9.5,4.7,7,Green,38,23,33,High
28.0,7.0,6.1,35,Light Green,10,136,110,Healthy
24.8,6.9,7.8,13,Brown,12,156,138,Moderate
28.5,9.1,6.9,25,Dark Green,12,29,56,Moderate
25.5,8.9,7.8,16,Dark Green,0,263,123,Moderate
34.0,7.2,4.6,25,Dark Green,28,201,142,High
26.2,9.3,5.4,27,Black,32,115,148,High
34.5,7.3,7.6,29,Brown,31,254,6,Moderate
28.6,8.1,5.4,17,Brown,26,272,29,Moderate
31.7,6.6,4.4,19,Dark Green,17,236,88,High
29.0,8.3,3.9,5,Light Green,9,199,22,Moderate
25.7,7.2,5.1,33,Light Green,18,166,48,Moderate
31.6,9.3,2.9,6,Brown,7,171,71,High
31.5,9.2,4.5,5,Dark Green,39,28,117,High
31.2,7.2,4.9,7,Brown,21,237,66,Moderate
29.7,9.2,4.1,35,Brown,40,119,132,Moderate
27.2,6.7,5.1,32,Brown,18,114,114,Moderate
28.6,8.5,6.3,14,Green,18,241,114,Healthy
27.4,8.5,5.9,29,Green,2,286,89,Healthy
27.2,6.8,6.3,29,Black,0,105,126,Moderate
31.0,8.9,4.9,19,Green,7,187,129,Healthy
24.4,6.9,7.9,30,Brown,19,241,111,High
33.7,8.7,2.4,29,Black,27,124,34,High
29.3,8.6,7.1,28,Green,21,292,136,Moderate
29.7,9.0,3.9,6,Brown,33,169,117,High
34.4,7.4,3.6,10,Light Green,11,240,135,Moderate
34.9,6.7,6.0,32,Black,37,130,114,High
31.2,6.7,3.2,31,Black,35,69,87,High
24.7,8.5,2.3,25,Dark Green,29,176,81,High
29.8,8.6,7.8,9,Green,36,132,115,Moderate
28.9,7.1,7.0,13,Dark Green,22,136,90,Moderate
25.1,7.6,7.8,34,Light Green,38,283,47,Moderate
24.5,7.8,3.0,11,Dark Green,36,61,57,High
32.2,9.0,4.9,31,Black,14,275,98,Moderate
26.2,8.2,5.5,14,Brown,11,31,44,Healthy
31.1,8.3,7.4,16,Brown,12,106,34,Healthy
31.3,9.4,5.1,35,Green,24,288,58,Moderate
28.4,9.4,4.9,31,Dark Green,28,122,117,High
32.3,9.5,5.9,14,Brown,25,185,93,Moderate
25.6,8.1,3.6,25,Light Green,27,168,37,High
34.5,8.6,2.3,27,Light Green,1,98,121,Moderate
30.1,9.2,6.4,13,Black,11,239,39,Moderate
32.2,6.9,3.1,33,Green,8,109,61,Moderate
34.7,8.6,4.9,8,Black,31,146,85,High
26.3,7.5,4.0,22,Black,29,31,117,Moderate
32.5,8.1,5.8,14,Dark Green,30,299,8,Moderate
25.0,7.5,3.3,12,Green,2,128,40,Moderate
33.3,7.0,5.5,13,Brown,19,179,68,Moderate
34.9,6.6,3.5,33,Green,1,120,107,Moderate
25.3,7.9,7.3,21,Brown,2,288,75,Healthy
30.2,8.7,6.7,12,Black,18,85,142,Moderate
25.1,6.8,5.1,33,Light Green,34,270,93,Moderate
26.1,7.5,5.3,22,Dark Green,14,38,143,Healthy
33.3,9.3,4.0,25,Brown,34,266,136,High
31.8,7.1,3.3,27,Green,34,138,43,High
29.4,7.3,3.9,15,Black,10,119,51,High
30.7,9.1,2.9,26,Black,7,111,76,High
31.0,7.2,7.9,29,Brown,14,222,113,Healthy
24.1,9.3,5.9,12,Green,29,247,121,Moderate
30.9,7.2,5.8,27,Brown,27,32,56,Moderate
26.4,9.1,2.6,21,Green,10,88,118,Moderate
27.2,7.5,2.1,11,Dark Green,37,112,87,High
28.0,7.4,7.3,7,Light Green,22,232,63,Moderate
30.8,7.8,4.0,18,Light Green,1,44,117,Healthy
24.7,9.2,6.0,11,Black,8,172,126,High
31.9,7.1,6.5,22,Dark Green,35,289,85,Moderate
29.1,8.8,2.1,14,Light Green,6,250,10,Moderate
29.0,7.1,7.7,7,Dark Green,0,268,136,Healthy
28.3,6.8,6.5,22,Dark Green,13,26,128,Moderate
27.7,7.6,7.1,21,Brown,14,51,143,Healthy
28.6,7.0,6.4,29,Dark Green,20,158,17,Moderate
29.2,7.0,2.1,14,Brown,13,250,61,Moderate
26.5,9.1,7.4,14,Black,25,113,58,High
31.3,8.5,3.4,9,Black,9,97,90,High
24.5,9.1,7.9,5,Black,13,225,92,High
34.5,8.1,4.5,6,Green,24,205,143,Moderate
34.7,7.9,4.2,28,Black,22,184,143,High
28.8,8.6,4.5,17,Green,31,96,146,Moderate
29.0,8.9,7.1,19,Black,12,245,143,Moderate
33.3,9.2,5.1,30,Green,37,297,120,Moderate
33.2,7.8,5.0,22,Black,22,167,92,High
34.6,6.5,3.5,33,Black,39,286,128,High
33.7,8.0,2.5,16,Dark Green,15,96,69,High
32.3,6.9,2.2,11,Green,2,23,29,Moderate
27.8,9.4,7.2,7,Brown,27,102,103,Moderate
32.6,8.6,3.5,21,Black,22,286,67,High
32.2,7.3,2.3,29,Green,37,148,7,High
29.9,9.4,6.1,21,Brown,4,136,2,Healthy
30.3,8.7,3.1,33,Light Green,28,217,94,Moderate
29.4,7.3,4.3,22,Green,24,232,86,Moderate
32.3,8.9,4.8,22,Light Green,20,104,94,Moderate
24.4,8.0,4.1,7,Dark Green,40,168,88,High
32.8,8.4,3.1,9,Light Green,36,180,13,Moderate
25.6,8.3,3.3,31,Light Green,19,290,43,High
27.5,6.9,5.6,14,Light Green,33,117,117,Moderate
29.8,8.7,4.0,33,Brown,29,246,102,Moderate
30.5,7.4,4.6,30,Green,22,63,83,Moderate
25.6,7.8,2.1,26,Black,38,299,11,High
28.8,6.6,6.9,22,Light Green,7,135,49,Healthy
29.7,8.3,5.7,12,Green,32,279,84,Healthy
24.4,8.8,6.4,16,Dark Green,36,59,67,High
24.3,7.5,4.0,5,Light Green,30,242,116,Moderate
34.9,8.8,4.4,11,Dark Green,18,51,16,High
24.3,9.5,6.1,8,Light Green,4,37,97,Moderate
31.8,8.0,4.7,12,Black,6,138,14,Moderate
29.6,9.3,3.5,7,Light Green,37,24,104,High
27.2,7.5,2.1,13,Light Green,26,280,40,Moderate
29.9,6.7,7.0,35,Dark Green,14,58,40,Moderate
28.6,8.4,7.3,17,Dark Green,14,283,82,Healthy
25.6,9.4,6.1,29,Green,23,262,51,Moderate
30.0,6.5,5.4,21,Brown,23,262,122,Moderate
31.7,6.8,5.0,25,Green,35,119,142,Moderate
34.2,7.6,5.9,16,Black,32,213,150,High
31.1,8.1,2.7,10,Light Green,25,105,21,Moderate
34.3,8.1,7.4,25,Black,30,44,65,High
31.5,8.2,4.4,34,Light Green,8,74,4,Healthy
30.9,9.3,4.6,22,Brown,27,176,94,Moderate
29.3,9.5,7.8,9,Green,27,287,112,Moderate
29.3,9.3,5.5,31,Black,25,24,86,High
29.2,8.9,5.9,5,Green,28,164,29,Moderate
26.6,7.3,4.0,18,Green,11,43,64,Healthy
34.8,7.3,6.3,11,Brown,4,179,86,Moderate
28.1,8.8,2.5,12,Black,16,288,122,High
26.9,9.5,3.8,14,Brown,33,280,74,High
34.7,7.9,4.3,5,Brown,11,254,87,Moderate
25.6,7.1,2.1,27,Dark Green,14,63,84,High
25.1,7.6,5.0,15,Brown,1,151,81,Healthy
27.3,7.7,5.1,9,Dark Green,3,137,118,Healthy
30.8,9.0,5.1,24,Light Green,20,132,134,Moderate
24.3,8.3,7.8,15,Dark Green,18,81,74,Moderate
28.7,7.7,5.6,32,Dark Green,6,54,92,Healthy
32.1,7.0,2.9,23,Dark Green,29,279,106,High
31.9,9.2,7.2,7,Light Green,4,252,84,Healthy
26.1,8.3,4.4,18,Black,11,222,95,Moderate
30.4,8.6,5.9,26,Light Green,31,88,40,Moderate
33.8,6.9,7.6,18,Light Green,37,57,130,Moderate
32.1,8.9,5.1,12,Brown,27,200,135,Moderate
29.6,7.5,2.3,17,Black,34,132,150,High
32.1,8.7,3.6,5,Light Green,31,294,42,High
34.6,8.4,3.4,13,Black,16,181,134,High
32.8,8.8,5.0,16,Dark Green,37,198,129,Moderate
27.0,7.1,4.8,11,Light Green,13,194,6,Healthy
34.8,7.0,2.3,13,Green,29,229,125,High
33.7,8.9,6.6,10,Brown,15,210,131,Moderate
28.9,8.2,7.1,35,Black,9,131,79,Moderate
30.5,7.3,7.2,16,Brown,24,207,127,Moderate
30.8,9.1,4.0,28,Brown,25,148,131,Moderate
34.4,8.0,5.8,16,Black,29,141,81,High
30.1,8.1,2.4,26,Light Green,38,191,42,Moderate
28.8,8.8,3.1,24,Black,31,123,46,High
29.2,7.2,6.7,15,Light Green,19,110,111,Moderate
34.1,8.3,6.1,12,Green,34,129,30,Moderate
26.0,8.9,2.2,31,Light Green,28,221,126,Moderate
30.7,8.4,3.7,34,Green,39,28,86,Moderate
27.6,8.9,8.0,20,Green,28,79,79,Moderate
26.6,7.6,2.2,33,Dark Green,36,267,129,High
34.1,8.8,4.9,31,Light Green,35,36,116,Moderate
34.5,7.8,5.2,29,Light Green,10,35,67,Healthy
31.4,7.7,6.8,13,Black,33,146,32,Moderate
33.7,8.7,5.1,19,Green,1,135,61,Healthy
26.4,6.7,7.3,13,Light Green,21,210,144,Moderate
30.4,9.4,5.9,10,Dark Green,19,198,112,Moderate
30.0,9.2,3.0,23,Black,16,82,26,High
31.2,7.2,4.8,21,Dark Green,26,109,53,High
28.4,8.1,3.3,20,Dark Green,22,58,21,High
25.8,6.9,7.4,21,Light Green,21,290,15,Moderate
34.8,7.1,7.4,9,Dark Green,24,46,18,High
33.4,9.0,2.4,14,Black,36,40,3,High
29.9,9.0,7.9,16,Brown,27,25,8,Moderate
25.6,9.4,2.0,6,Dark Green,39,192,111,High
31.4,9.2,7.5,10,Black,32,48,28,High
31.9,7.0,3.8,16,Green,12,31,88,Moderate
32.7,7.0,3.3,28,Black,1,97,143,High
31.6,8.5,7.2,34,Dark Green,37,135,82,Moderate
24.9,8.5,4.9,11,Light Green,6,226,92,Moderate
24.9,8.4,6.0,32,Brown,0,157,132,Healthy
29.7,9.3,4.0,32,Green,31,66,106,Moderate
31.1,6.8,5.3,31,Brown,38,282,146,Moderate
34.7,9.2,5.0,30,Dark Green,30,136,19,High
25.3,7.7,4.3,5,Green,10,58,127,Moderate
34.5,7.8,5.9,25,Brown,28,82,74,Moderate
30.9,7.2,6.2,31,Green,22,143,66,Moderate
26.3,7.7,4.3,12,Black,29,153,115,Moderate
28.8,8.1,2.9,26,Dark Green,20,274,104,High
29.3,6.9,7.3,22,Green,26,133,129,Moderate
29.1,7.5,3.7,12,Light Green,26,198,100,Moderate
27.9,7.3,2.8,23,Black,32,285,64,High
33.6,7.2,3.0,13,Green,16,179,134,High
32.6,6.7,3.7,20,Light Green,40,254,104,High
25.3,8.3,2.8,25,Green,28,124,112,High
25.3,9.0,2.4,28,Light Green,1,125,16,Moderate
33.5,8.7,3.0,32,Black,31,93,108,High
29.9,9.4,5.8,20,Light Green,6,168,48,Healthy
30.8,7.2,2.8,13,Light Green,11,58,57,Moderate
25.3,8.9,4.5,10,Green,30,260,64,Moderate
27.4,8.8,6.6,15,Green,2,99,49,Healthy
24.2,9.3,2.8,15,Brown,5,177,123,High
30.5,7.1,7.6,35,Dark Green,5,54,70,Healthy
25.7,9.2,2.0,34,Black,21,294,51,High
28.1,7.0,4.8,29,Green,21,214,34,Moderate
33.8,8.3,6.2,23,Light Green,6,168,57,Healthy
32.9,8.0,4.9,12,Black,1,38,77,Moderate
30.6,9.2,5.0,17,Black,10,176,81,Moderate
33.6,6.7,4.8,8,Dark Green,27,258,56,High
33.7,8.7,3.1,34,Green,16,102,62,High
34.4,8.0,5.9,11,Dark Green,32,65,134,Moderate
27.9,9.3,2.6,14,Dark Green,40,85,7,High
31.3,8.4,7.4,22,Dark Green,11,169,111,Moderate
33.5,7.3,7.6,25,Brown,11,41,106,Moderate
31.2,8.9,5.5,9,Light Green,24,291,63,Moderate
31.5,7.6,4.0,5,Light Green,33,143,80,Moderate
28.7,7.0,6.8,22,Light Green,10,45,6,Healthy
31.6,7.2,5.1,15,Light Green,11,184,94,Healthy
26.3,8.3,4.6,17,Black,5,264,104,Moderate
25.3,7.1,2.7,28,Dark Green,24,227,38,High
34.8,7.3,2.8,6,Light Green,28,161,47,High
29.5,8.4,6.4,16,Green,0,59,123,Healthy
31.0,6.8,7.3,8,Dark Green,6,141,112,Moderate
32.7,7.1,2.9,33,Brown,37,21,131,High
33.2,8.3,2.0,17,Brown,28,229,144,High
32.7,8.1,4.5,29,Black,33,123,131,High
28.6,6.9,2.1,30,Dark Green,19,145,136,High
34.0,7.4,4.6,20,Light Green,34,290,126,Moderate
30.2,7.2,8.0,15,Dark Green,10,191,13,Moderate
34.9,7.6,5.7,11,Light Green,32,27,21,Moderate
25.9,8.7,3.5,6,Black,12,72,105,High
29.6,8.9,4.2,27,Green,1,299,12,Healthy
34.8,6.8,3.8,29,Green,40,169,85,High
31.6,7.8,4.0,27,Dark Green,5,115,54,Moderate
31.0,6.8,2.5,23,Light Green,10,108,98,Moderate
32.0,9.5,6.6,8,Brown,14,298,8,Moderate
31.8,8.2,6.5,29,Black,15,114,72,Moderate
27.1,9.0,3.5,6,Dark Green,14,230,18,Moderate
26.6,7.1,4.3,26,Light Green,30,49,39,Moderate
24.8,8.3,3.9,23,Green,17,44,64,High
28.9,7.5,2.1,35,Dark Green,19,286,13,High
33.1,8.0,4.2,22,Black,20,176,87,High
30.3,7.2,4.9,20,Green,29,287,116,Moderate
26.6,7.4,7.9,26,Dark Green,4,242,144,Healthy
34.3,8.2,2.5,15,Black,16,271,95,High
24.5,6.9,3.2,31,Brown,19,72,128,High
29.5,8.2,7.5,30,Light Green,23,298,127,Healthy
33.2,7.0,2.7,32,Black,25,258,95,High
33.2,9.3,4.5,18,Dark Green,27,166,117,High
30.7,9.0,6.0,32,Light Green,7,200,1,Healthy
24.9,9.2,4.5,17,Light Green,28,300,21,High
33.8,9.0,5.1,9,Dark Green,19,144,56,High
32.3,7.3,4.4,5,Light Green,37,262,112,Moderate
24.1,7.8,6.8,24,Light Green,6,229,53,Healthy
27.8,8.3,4.7,17,Dark Green,19,244,70,Moderate
30.1,8.3,2.1,16,Light Green,13,222,44,Moderate
33.4,9.1,3.4,19,Green,25,258,39,High
33.8,8.0,3.0,28,Dark Green,32,163,20,High
31.9,7.1,7.9,12,Dark Green,23,176,124,Moderate
34.7,8.4,3.1,12,Light Green,5,272,138,Moderate
30.8,8.3,3.6,32,Light Green,38,291,57,Moderate
30.4,7.8,7.9,29,Black,3,220,67,Healthy
28.9,9.3,4.8,18,Green,12,123,97,Moderate
25.2,7.8,7.4,22,Brown,18,259,66,Moderate
26.5,6.8,3.6,32,Brown,26,51,101,High
31.0,7.1,3.6,23,Brown,4,180,39,Moderate
25.4,8.0,3.4,28,Dark Green,21,156,127,High
29.6,9.4,3.9,23,Brown,8,34,65,Moderate
33.3,7.9,3.7,35,Dark Green,37,197,30,High
29.1,9.3,5.6,35,Green,22,150,62,Moderate
34.9,9.2,6.1,23,Black,35,97,53,High
25.6,8.9,7.7,8,Brown,26,222,59,Moderate
27.7,9.1,2.1,6,Brown,27,148,79,High
24.1,6.6,6.1,19,Dark Green,5,259,53,Moderate
31.8,6.8,4.5,30,Light Green,26,32,138,Moderate
29.9,7.7,4.8,28,Green,2,201,91,Healthy
31.6,8.3,5.4,10,Dark Green,0,105,145,Healthy
30.2,6.8,2.1,14,Black,2,102,97,High
25.6,8.5,7.1,8,Black,34,128,131,High
26.8,7.8,6.3,13,Dark Green,33,198,132,Moderate
26.4,9.4,2.6,14,Green,32,81,61,High
24.8,8.0,5.3,28,Dark Green,26,48,146,Moderate
28.4,7.1,2.7,29,Dark Green,32,165,8,High
26.8,9.1,3.7,35,Green,38,96,2,High
27.7,6.6,2.3,8,Black,19,104,81,High
33.9,9.4,7.0,30,Light Green,25,210,66,Moderate
34.4,7.5,5.3,14,Black,8,155,136,Moderate
24.5,6.7,3.5,6,Dark Green,38,176,8,High
27.1,6.8,6.5,24,Brown,38,267,13,Moderate
28.6,7.1,6.2,20,Black,26,82,117,Moderate
30.3,7.4,4.4,19,Light Green,0,28,119,Healthy
31.2,6.9,7.7,14,Light Green,28,216,2,Moderate
26.7,8.3,3.8,9,Brown,27,154,68,Moderate
35.0,7.2,4.6,13,Black,9,238,21,High
27.9,8.8,4.0,21,Black,11,131,69,Moderate
28.5,6.9,3.9,13,Dark Green,38,295,85,High
30.2,8.1,4.4,11,Black,13,59,133,Moderate
25.8,8.8,7.4,6,Brown,1,128,14,Moderate
32.8,8.0,4.5,33,Green,33,65,47,Moderate
31.9,8.7,5.2,24,Brown,8,298,53,Moderate
27.5,7.3,2.8,16,Light Green,13,112,117,Moderate
26.5,7.3,4.8,25,Dark Green,13,217,17,Moderate
32.6,6.9,3.4,34,Light Green,28,254,59,High
34.9,7.9,3.5,12,Brown,10,246,33,Moderate
32.7,7.4,6.9,28,Light Green,10,24,133,Healthy
34.9,6.9,2.6,7,Light Green,30,120,131,High
31.9,7.3,2.3,23,Light Green,37,59,121,High
24.5,8.2,6.2,34,Dark Green,19,147,4,Moderate
24.2,7.1,7.5,15,Brown,5,107,132,Moderate
32.0,8.8,6.3,19,Dark Green,34,116,28,Moderate
25.6,8.8,5.1,25,Green,31,107,65,Moderate
32.2,6.9,2.4,27,Green,34,38,73,High
29.0,9.2,5.2,24,Dark Green,6,211,54,Moderate
29.4,9.4,3.3,26,Light Green,1,64,91,Moderate
33.3,7.6,7.7,24,Dark Green,37,72,35,Moderate
26.5,7.5,6.0,33,Light Green,40,49,14,Healthy
28.1,8.2,7.8,6,Green,0,222,106,Healthy
25.7,9.3,2.8,25,Dark Green,15,77,103,High
31.3,8.1,6.7,25,Light Green,14,92,45,Healthy
29.9,7.6,4.6,30,Green,12,80,110,Healthy
31.2,9.4,3.8,27,Light Green,38,54,74,High
30.4,8.1,6.2,25,Green,28,169,135,Healthy
25.3,9.4,6.5,5,Black,38,272,4,High
32.0,7.7,5.2,22,Black,40,142,59,Moderate
29.2,8.3,5.5,24,Green,2,298,92,Healthy
29.2,8.3,6.6,32,Black,33,206,113,Moderate
26.2,8.1,2.1,17,Black,20,33,89,High
29.1,7.3,3.3,7,Green,28,126,51,Moderate
27.2,6.8,4.3,30,Green,14,258,42,Moderate
25.1,7.8,7.5,12,Green,6,167,89,Healthy
28.7,8.2,5.9,32,Brown,14,75,26,Healthy
26.6,7.0,7.1,13,Dark Green,36,125,41,Moderate
32.6,8.4,6.1,6,Black,7,212,83,Moderate
33.8,8.1,2.6,31,Green,25,238,102,High
24.4,6.8,7.2,25,Green,33,285,119,Moderate
27.4,8.6,3.5,25,Light Green,32,240,63,Moderate
27.7,7.8,7.7,19,Green,33,85,1,Healthy
25.1,8.2,2.7,7,Dark Green,37,265,143,High
25.2,8.7,5.5,32,Light Green,1,267,11,Healthy
28.2,7.0,3.2,8,Light Green,24,166,48,Moderate
34.9,8.2,7.8,16,Light Green,16,196,77,Moderate
30.6,6.6,6.5,7,Black,24,87,2,High
32.9,9.0,4.1,8,Green,0,188,61,Healthy
25.7,6.6,6.9,19,Brown,23,106,4,High
24.4,9.4,7.8,9,Brown,40,107,34,High
27.0,7.8,5.1,7,Dark Green,24,155,29,Moderate
27.9,6.8,2.2,5,Brown,32,118,102,High
27.3,6.5,4.5,21,Brown,36,199,1,Moderate
26.9,7.6,7.0,29,Dark Green,34,227,107,Moderate
33.9,7.3,2.5,31,Black,31,166,53,High
31.1,6.9,5.3,35,Light Green,24,220,42,Moderate
27.3,8.9,7.4,11,Black,15,170,147,Moderate
30.2,6.8,5.5,14,Brown,20,277,148,Moderate
27.5,7.2,6.4,8,Light Green,4,146,101,Healthy
33.1,8.7,2.5,30,Black,14,93,117,High
27.4,7.3,6.9,19,Dark Green,38,114,61,Moderate
34.0,8.8,8.0,35,Dark Green,0,144,39,Moderate
31.8,6.7,5.6,23,Brown,35,141,49,Moderate
28.6,8.3,5.2,35,Light Green,11,59,3,Healthy
29.9,6.7,5.5,28,Light Green,7,198,38,Healthy
30.8,6.5,4.9,17,Black,31,28,102,High
26.2,9.0,7.3,25,Dark Green,11,156,30,Moderate
31.9,6.7,2.9,23,Green,2,126,44,Moderate
29.7,8.9,7.8,7,Light Green,24,117,33,Moderate
30.3,7.1,6.8,34,Light Green,16,179,48,Moderate
27.3,8.0,6.5,14,Light Green,17,173,75,Healthy
25.0,7.7,7.7,28,Brown,1,247,129,Healthy
34.9,7.7,4.6,15,Green,18,191,135,Moderate
26.6,7.1,3.7,24,Green,22,103,42,Moderate
27.4,8.9,4.9,22,Dark Green,22,119,61,Moderate
32.3,8.9,7.9,17,Dark Green,3,270,24,Moderate
27.4,8.5,3.2,15,Dark Green,36,76,11,High
28.1,6.9,7.6,16,Brown,13,51,122,Moderate
25.2,6.6,2.6,16,Brown,15,29,105,High
32.0,7.2,3.6,17,Light Green,17,244,143,High
24.4,9.1,5.4,12,Brown,31,68,25,High
27.0,8.8,6.9,30,Black,26,262,46,Moderate
29.9,7.0,2.3,35,Light Green,15,261,90,Moderate
25.2,7.9,5.3,31,Brown,20,246,14,Moderate
27.1,6.6,4.3,20,Black,7,114,14,Moderate
31.7,7.3,7.0,33,Light Green,17,277,141,Moderate
29.2,6.9,7.3,16,Light Green,2,192,47,Healthy
28.3,6.6,6.1,9,Dark Green,29,212,44,Moderate
27.9,8.9,6.5,5,Green,20,37,109,Moderate
33.4,6.8,4.2,9,Brown,3,180,102,Moderate
34.8,6.7,6.3,27,Dark Green,21,25,82,High
26.9,8.2,5.2,28,Green,38,105,59,Healthy
34.3,8.5,6.1,34,Green,38,99,129,Moderate
33.2,8.5,2.6,28,Green,21,86,126,High
32.5,8.5,4.7,35,Green,8,26,22,Healthy
29.6,6.6,5.8,15,Dark Green,37,222,68,Moderate
24.0,8.9,3.1,14,Dark Green,34,299,17,High
28.1,6.8,4.0,24,Black,31,224,49,High
28.0,7.1,4.1,24,Black,15,65,73,Moderate
29.5,8.8,6.0,31,Green,8,57,10,Healthy
28.4,7.6,2.8,29,Light Green,11,49,23,Moderate
26.7,7.6,7.7,19,Light Green,37,230,15,Healthy
32.3,7.0,4.2,14,Brown,22,212,133,Moderate
34.7,6.6,7.8,34,Dark Green,5,178,108,Moderate
34.4,6.5,4.1,24,Brown,5,193,13,Moderate
34.7,7.3,2.7,18,Light Green,11,193,53,Moderate
29.6,9.0,4.1,31,Black,36,274,146,High
28.1,6.8,7.0,25,Light Green,3,174,24,Healthy
27.2,7.6,3.6,29,Dark Green,1,105,116,Moderate
30.9,8.3,3.0,31,Green,7,126,72,Moderate
28.3,6.7,7.1,8,Light Green,10,97,34,Healthy
34.7,9.0,6.2,32,Dark Green,2,53,128,Moderate
32.7,8.8,3.3,12,Black,26,198,48,High
28.8,7.6,4.0,21,Dark Green,33,236,142,Moderate
26.0,7.2,3.9,19,Black,32,47,99,High
32.9,6.8,4.3,27,Dark Green,26,77,67,High
30.8,7.2,6.2,6,Black,4,164,117,Moderate
34.3,7.1,5.5,6,Green,11,39,131,Moderate
33.3,7.3,7.7,11,Green,19,94,108,Moderate
29.3,8.7,3.6,15,Green,6,242,51,Moderate
34.3,8.1,6.2,8,Dark Green,34,145,111,Moderate
25.0,7.2,3.1,6,Green,27,296,9,High
32.1,7.2,3.9,14,Dark Green,26,200,146,High
34.0,8.4,5.7,19,Black,4,245,18,Moderate
26.5,8.8,7.8,27,Dark Green,3,187,14,Healthy
31.4,8.4,7.2,30,Dark Green,40,218,25,Moderate
33.3,7.1,3.5,19,Light Green,28,269,42,High
31.4,7.9,5.7,32,Brown,11,31,57,Healthy
26.1,7.6,5.4,15,Dark Green,8,136,27,Healthy
32.7,7.2,7.6,23,Green,21,202,72,Moderate
31.9,8.9,5.5,8,Dark Green,35,197,128,Moderate
24.6,8.1,7.7,25,Brown,39,124,80,Moderate
25.5,7.8,5.4,10,Light Green,38,66,105,Moderate
30.5,6.6,7.1,15,Dark Green,30,268,84,Moderate
28.9,6.5,7.8,11,Green,14,140,33,Healthy
24.3,8.6,4.0,19,Brown,30,227,22,High
25.7,7.3,2.7,11,Black,20,60,33,High
24.4,8.9,7.2,17,Green,37,93,117,Moderate
28.9,6.7,7.3,25,Light Green,36,55,70,Moderate
30.9,7.1,3.7,33,Light Green,2,87,29,Moderate
27.5,8.6,2.3,22,Green,13,101,41,Moderate
30.1,9.1,5.2,30,Brown,7,34,90,Moderate
28.4,7.9,4.6,28,Green,14,165,142,Healthy
28.3,8.3,4.6,22,Light Green,39,228,107,Moderate
29.1,7.0,7.7,21,Light Green,34,153,12,Moderate
27.9,8.1,7.8,8,Green,25,51,61,Healthy
25.2,6.8,6.8,31,Brown,10,52,111,Moderate
31.6,6.6,6.3,22,Green,21,194,139,Moderate
28.0,6.9,7.9,32,Dark Green,15,245,124,Moderate
30.4,9.4,6.1,10,Black,10,274,55,Moderate
34.4,8.3,2.4,5,Dark Green,3,294,9,Moderate
28.1,8.4,2.8,29,Brown,17,109,9,Moderate
34.8,8.0,5.9,15,Black,20,90,136,High
33.1,7.4,7.9,17,Black,32,40,134,High
25.2,8.0,4.3,17,Brown,3,80,61,Moderate
26.0,8.1,3.6,30,Black,4,223,138,Moderate
35.0,7.7,3.0,22,Black,20,244,149,High
34.7,6.6,7.2,21,Black,32,276,123,High
31.2,7.1,2.8,25,Black,25,161,111,High
28.4,7.8,3.0,16,Black,30,235,34,High
32.6,8.3,6.5,34,Black,27,154,132,Moderate
33.0,7.9,3.1,5,Black,38,93,14,High
24.1,7.5,6.3,32,Black,29,34,48,High
31.9,9.4,4.3,18,Brown,25,124,21,High
25.8,8.4,5.3,6,Green,37,299,90,Moderate
26.3,7.8,2.7,31,Green,29,264,57,Moderate
29.4,9.5,2.2,6,Black,13,62,150,High
28.6,7.0,5.9,28,Light Green,12,274,85,Healthy
26.5,8.9,7.2,8,Light Green,33,154,138,Moderate
24.9,7.4,6.0,35,Dark Green,39,47,105,High
34.1,7.0,4.3,26,Black,9,48,22,High
34.6,7.0,8.0,16,Light Green,30,205,135,Moderate
26.5,9.3,7.0,18,Light Green,30,211,9,Moderate
28.0,7.0,7.3,5,Light Green,29,75,78,Moderate
34.8,7.5,2.4,13,Black,0,141,53,High
25.9,7.9,6.5,14,Green,2,131,71,Healthy
34.3,7.5,5.6,30,Light Green,16,126,27,Moderate
29.5,8.6,4.8,23,Brown,33,250,22,Moderate
28.2,7.8,2.4,5,Dark Green,36,230,58,High
24.3,7.8,3.4,7,Dark Green,37,35,27,High
30.1,7.4,4.0,14,Black,0,129,144,Moderate
26.4,8.9,7.5,31,Dark Green,36,218,92,Moderate
32.0,7.0,6.3,30,Green,35,115,143,Moderate
28.8,8.0,6.0,31,Green,5,227,52,Healthy
33.5,8.9,3.8,34,Green,35,195,84,High
28.4,7.0,3.3,11,Green,32,79,100,Moderate
30.0,7.4,6.0,18,Green,3,87,4,Healthy
30.4,8.8,7.0,18,Green,8,51,139,Healthy
27.7,9.2,7.3,17,Green,36,153,26,Moderate
30.2,6.6,7.3,29,Green,23,103,72,Moderate
31.6,9.3,2.9,27,Dark Green,21,254,18,High
30.3,9.1,2.5,22,Brown,9,161,114,Moderate
24.9,8.7,3.5,24,Green,39,201,139,High
30.9,7.0,4.6,27,Light Green,39,127,110,Moderate
24.0,8.5,7.4,11,Dark Green,34,52,138,Moderate
27.4,8.7,3.4,31,Green,3,246,142,Moderate
26.2,8.9,4.4,6,Black,20,237,115,High
29.0,7.2,6.2,19,Light Green,3,133,46,Healthy
27.5,7.8,8.0,28,Dark Green,23,23,115,Moderate
27.2,7.7,7.9,11,Dark Green,31,227,70,Moderate
33.2,9.2,7.7,12,Black,5,81,138,Moderate
34.3,8.8,7.6,32,Green,26,38,32,Moderate
30.8,7.0,7.4,9,Brown,34,140,96,Moderate
33.3,9.3,3.3,11,Black,10,43,38,High
25.0,8.1,5.5,16,Brown,0,64,82,Healthy
27.3,6.8,4.5,24,Green,30,162,92,Moderate
31.2,6.6,7.2,19,Black,34,91,92,High
26.2,9.3,5.4,20,Light Green,17,248,57,Moderate
33.8,8.1,4.3,20,Green,10,164,120,Moderate
32.2,9.3,5.7,19,Light Green,27,79,73,Moderate
33.0,8.5,4.1,17,Brown,11,158,60,Moderate
27.7,9.3,4.8,34,Brown,12,159,18,Moderate
25.4,7.9,8.0,35,Dark Green,19,97,23,Moderate
30.6,9.0,5.7,33,Green,27,176,135,Moderate
24.6,9.3,5.0,8,Brown,37,290,100,High
34.5,7.0,7.3,6,Light Green,31,65,24,Moderate
29.5,7.4,4.6,12,Dark Green,7,113,82,Moderate
27.5,7.5,7.4,29,Green,26,269,13,Healthy
28.6,7.1,3.5,20,Light Green,26,163,70,Moderate
33.0,8.4,6.4,30,Black,38,206,31,Moderate
29.4,8.8,7.7,20,Dark Green,39,260,74,Moderate
27.5,7.2,7.0,21,Light Green,28,196,131,Moderate
28.8,8.6,6.1,29,Brown,5,209,148,Healthy
31.5,8.7,4.4,22,Black,7,144,102,Moderate
25.5,7.4,3.4,9,Brown,23,203,16,High
30.5,7.4,2.2,33,Black,39,245,18,High
24.9,8.7,3.7,13,Green,36,197,149,High
34.7,9.0,6.8,17,Green,12,253,65,Moderate
30.7,6.7,5.7,19,Green,38,223,49,Moderate
25.1,8.8,2.9,16,Light Green,2,99,67,Moderate
24.2,8.4,3.8,15,Light Green,5,28,28,Moderate
24.4,9.1,5.4,32,Light Green,28,202,31,Moderate
25.8,9.1,4.8,25,Green,35,52,46,High
34.3,7.7,3.3,7,Dark Green,33,155,115,High
33.8,7.3,4.6,16,Light Green,27,122,81,Moderate
28.4,7.4,3.0,12,Light Green,26,264,121,Moderate
32.3,9.2,5.6,31,Black,29,222,148,High
26.9,8.6,4.2,24,Brown,33,199,129,Moderate
31.5,6.8,6.3,9,Black,3,94,74,Moderate
32.8,7.5,5.2,35,Black,4,170,74,Moderate
29.2,7.4,3.1,10,Light Green,31,174,84,Moderate
33.8,7.7,4.1,30,Brown,26,99,128,Moderate
29.8,7.9,2.1,16,Black,5,58,78,Moderate
30.8,8.9,3.6,12,Dark Green,20,184,81,High
33.6,6.9,3.0,33,Dark Green,8,212,96,High
27.2,8.2,3.6,35,Black,21,298,46,High
27.9,8.6,4.6,35,Brown,35,226,53,Moderate
31.8,9.2,2.1,5,Light Green,14,235,104,Moderate
34.5,9.4,6.9,28,Brown,17,187,101,High
25.7,7.6,6.2,14,Light Green,0,115,60,Healthy
26.7,8.8,4.7,31,Green,34,180,98,Moderate
30.2,9.5,6.4,34,Black,3,223,70,Moderate
24.0,7.5,6.4,27,Green,25,52,89,Moderate
30.5,8.9,6.5,6,Brown,31,140,126,Moderate
26.9,7.0,2.7,29,Green,5,148,136,Moderate
28.6,9.0,3.9,10,Green,22,233,81,Moderate
33.4,8.6,6.6,29,Black,9,94,108,Moderate
30.9,8.7,5.6,18,Light Green,6,125,137,Healthy
29.0,8.1,2.4,33,Dark Green,11,107,29,Moderate
27.8,6.6,7.3,20,Dark Green,35,126,118,Moderate
29.3,7.3,3.5,5,Light Green,0,192,95,Moderate
34.5,8.2,3.7,5,Green,39,300,131,High
27.2,8.8,5.4,8,Brown,24,251,125,Moderate
24.9,8.7,6.0,8,Brown,21,269,42,Moderate
24.0,7.2,4.0,15,Black,8,68,81,High
27.5,8.7,5.7,24,Green,38,82,138,Moderate
25.8,6.6,6.6,21,Light Green,31,57,133,Moderate
29.1,9.3,4.3,26,Dark Green,7,163,142,Moderate
30.3,6.7,2.8,6,Green,33,200,64,High
32.1,9.0,7.8,11,Dark Green,19,283,3,Moderate
26.0,7.8,3.7,9,Green,39,177,137,Moderate
28.1,9.3,4.0,13,Dark Green,18,33,90,High
32.6,6.8,7.0,25,Green,39,155,83,Moderate
32.7,6.6,5.8,20,Green,16,74,106,Moderate
33.7,8.8,7.5,24,Green,0,169,135,Healthy
24.0,7.9,7.0,35,Light Green,2,247,9,Healthy
33.6,8.2,6.1,24,Dark Green,40,42,106,Moderate
34.6,7.3,4.7,16,Green,16,196,2,Moderate
28.4,7.9,5.8,6,Brown,2,243,114,Healthy
25.0,6.7,5.5,26,Brown,17,179,107,High
24.7,9.0,7.0,28,Black,17,132,149,High
32.7,7.9,6.7,15,Black,13,47,100,Moderate
24.4,8.5,7.6,30,Brown,39,180,96,Moderate
31.4,8.4,5.0,10,Dark Green,38,93,78,Moderate
27.3,6.5,3.4,10,Light Green,31,185,71,High
32.2,7.3,3.8,23,Black,38,30,92,High
27.1,8.0,7.1,19,Dark Green,40,291,29,Moderate
29.4,7.8,2.5,23,Dark Green,24,126,126,High
33.5,8.3,6.6,9,Dark Green,23,264,104,Moderate
28.4,9.1,2.1,9,Brown,23,187,8,High
25.8,8.1,6.3,26,Light Green,39,66,93,Moderate
32.7,8.2,3.8,8,Dark Green,21,254,137,High
33.9,7.4,2.8,17,Light Green,20,40,79,High
28.2,8.1,2.7,5,Dark Green,20,102,12,High
29.8,7.0,7.8,26,Light Green,37,129,85,Moderate
26.4,8.7,4.4,22,Light Green,16,164,38,Moderate
26.0,7.6,3.6,30,Green,18,135,3,Moderate
33.6,8.6,5.9,10,Brown,10,83,60,Moderate
26.0,8.9,3.4,35,Light Green,6,119,102,Moderate
33.0,7.7,6.1,16,Dark Green,32,100,80,Moderate
27.4,8.3,4.2,5,Brown,13,218,109,Healthy
31.1,7.6,7.5,22,Dark Green,11,153,106,Moderate
34.4,8.6,5.1,32,Light Green,27,37,89,Moderate
33.9,9.5,3.8,7,Green,13,283,85,High
25.5,7.3,7.9,5,Light Green,29,219,108,Moderate
35.0,6.8,7.9,8,Brown,20,23,7,High
29.0,8.4,3.5,20,Black,4,151,84,Moderate
27.5,9.4,7.2,21,Black,30,115,63,High
34.0,8.4,2.3,12,Brown,23,139,81,High
26.9,7.4,5.4,28,Brown,39,300,132,Moderate
26.5,7.2,5.0,20,Light Green,18,265,15,Moderate
27.1,8.6,5.7,11,Brown,36,36,96,Moderate
34.5,6.6,7.0,23,Brown,21,206,14,High
34.4,8.3,6.4,23,Dark Green,26,265,35,Moderate
27.2,9.2,5.7,16,Brown,23,274,133,Moderate
29.4,8.0,5.3,26,Brown,11,68,143,Healthy
27.6,8.5,2.8,15,Brown,24,80,79,Moderate
24.4,7.0,7.4,23,Dark Green,32,50,77,High
31.4,9.0,6.3,25,Green,38,254,58,Moderate
29.5,9.5,2.9,35,Brown,4,149,109,Moderate
24.1,7.1,5.2,23,Black,38,159,113,High
34.2,9.0,5.3,20,Brown,10,237,107,Moderate
30.7,7.5,2.0,9,Light Green,36,202,103,Moderate
24.5,6.9,2.6,25,Black,40,290,14,High
28.7,7.3,7.9,12,Light Green,1,130,81,Healthy
26.9,8.8,2.5,13,Green,29,30,96,Moderate
34.3,8.8,3.6,11,Dark Green,16,61,18,High
34.8,8.7,3.5,6,Green,38,41,64,High
32.9,7.9,6.4,6,Green,13,106,90,Healthy
33.3,8.3,4.3,20,Green,27,143,40,Moderate
31.8,8.3,2.7,7,Light Green,21,164,136,Moderate
26.0,9.1,6.0,6,Green,14,222,125,Healthy
29.4,9.4,2.9,32,Black,29,120,140,High
29.6,7.8,5.0,19,Green,35,169,71,Healthy
24.7,9.4,6.2,12,Green,9,72,43,Moderate
33.3,9.3,3.8,12,Black,10,72,137,High
25.7,7.4,5.9,7,Black,25,293,104,High
31.0,6.6,4.5,21,Green,39,273,149,Moderate
29.6,7.9,6.3,29,Light Green,7,169,144,Healthy
29.9,7.0,2.4,16,Dark Green,3,69,120,Moderate
27.4,7.4,4.5,31,Dark Green,38,228,130,Moderate
28.8,7.0,2.3,23,Light Green,23,194,146,Moderate
29.6,7.6,7.1,11,Black,10,207,80,Moderate
30.5,8.0,4.7,34,Light Green,4,61,74,Healthy
24.1,7.9,6.8,32,Green,29,57,103,Moderate
26.9,8.3,5.7,24,Brown,16,254,114,Moderate
25.6,8.8,7.7,13,Light Green,27,129,3,Moderate
28.2,7.4,7.5,34,Dark Green,30,269,73,Moderate
33.0,8.5,2.6,19,Black,34,108,68,High
24.8,8.1,3.8,22,Green,25,31,96,High
30.5,7.5,6.4,28,Green,29,47,138,Healthy
33.4,9.5,7.6,28,Dark Green,40,24,56,High
29.9,6.9,7.7,24,Dark Green,29,187,49,Moderate
34.3,9.0,4.1,13,Brown,10,138,68,Moderate
24.1,8.1,4.4,22,Green,3,208,18,Healthy
30.6,9.3,6.5,11,Green,24,184,35,Moderate
29.9,9.3,3.6,35,Light Green,7,35,61,Moderate
34.8,7.6,5.1,16,Black,34,226,100,High
32.5,7.7,3.2,17,Green,19,47,124,Moderate
30.6,7.3,5.2,14,Light Green,9,270,80,Healthy
33.1,7.7,3.3,22,Black,29,96,61,High
24.0,8.3,7.2,8,Dark Green,11,167,45,Moderate
24.9,7.7,6.4,13,Green,28,261,77,Moderate
30.8,7.3,2.2,11,Black,23,38,12,High
28.0,7.0,5.0,25,Green,5,143,82,Healthy
24.9,8.6,3.6,31,Brown,27,128,132,High
32.0,7.3,2.6,9,Green,38,167,128,High
25.1,7.4,5.8,29,Brown,32,87,116,Moderate
28.3,8.8,4.2,19,Black,21,124,38,High
32.2,9.2,7.6,10,Light Green,27,68,92,Moderate
30.4,9.4,2.3,16,Brown,9,62,34,Moderate
30.7,7.7,2.9,8,Brown,22,123,122,Moderate
34.2,9.1,3.4,13,Dark Green,6,203,79,High
24.6,7.4,8.0,14,Dark Green,0,125,118,Moderate
28.7,8.3,6.1,28,Black,5,158,143,Healthy
31.9,7.2,4.2,28,Black,15,26,111,Moderate
33.7,8.1,6.3,35,Light Green,12,132,131,Healthy
27.3,9.3,2.1,20,Light Green,29,184,137,High
34.0,9.5,3.0,21,Black,19,106,74,High
27.2,7.0,3.0,7,Light Green,5,280,16,Moderate
34.6,8.0,7.3,7,Black,7,72,92,Moderate
34.2,7.2,5.3,8,Green,34,62,127,Moderate
26.8,8.6,7.5,11,Light Green,16,251,88,Moderate
25.9,8.9,4.6,19,Light Green,29,215,119,Moderate
30.7,6.5,2.3,11,Brown,40,54,129,High
29.1,7.1,4.8,16,Black,36,56,73,High
26.6,9.0,4.6,33,Green,40,133,126,Moderate
33.1,8.4,4.0,12,Light Green,23,131,105,Moderate
29.6,8.8,7.2,11,Black,30,102,96,Moderate
24.3,9.2,6.6,11,Green,3,66,42,Moderate
25.9,9.4,4.3,8,Light Green,31,162,118,High
34.7,6.9,2.3,30,Brown,25,136,106,High
30.4,6.8,6.3,27,Light Green,9,209,67,Healthy
33.9,7.4,5.8,25,Dark Green,10,79,78,Moderate
34.9,6.6,2.1,19,Light Green,19,229,62,High
33.9,8.8,6.9,13,Brown,25,207,50,Moderate
30.4,8.0,7.8,33,Dark Green,5,105,107,Healthy
24.5,6.6,6.3,19,Green,14,100,119,Moderate
27.1,8.0,3.4,23,Brown,34,156,44,Moderate
28.0,7.8,6.3,26,Light Green,26,166,48,Healthy
27.8,8.2,3.1,12,Black,12,145,102,Moderate
30.2,7.4,8.0,13,Light Green,22,232,18,Moderate
29.4,8.6,2.7,32,Brown,37,203,39,High
34.5,8.1,3.8,22,Dark Green,36,268,144,High
25.7,6.8,3.1,12,Green,9,224,17,High
29.7,7.1,6.5,31,Black,19,76,107,Moderate
30.0,8.0,6.7,17,Brown,11,61,142,Healthy
32.3,9.3,6.7,24,Dark Green,33,263,101,High
24.3,9.3,4.1,10,Green,6,44,19,Moderate
33.9,7.1,6.3,22,Light Green,5,293,107,Healthy
34.2,9.2,3.4,10,Black,3,121,129,High
30.1,9.3,5.8,34,Dark Green,2,165,145,Moderate
26.7,7.2,8.0,35,Brown,27,291,25,Moderate
34.4,6.8,3.7,25,Brown,16,290,109,High
33.6,7.0,5.9,31,Dark Green,35,131,51,High
30.6,9.4,7.4,13,Green,1,264,12,Healthy
27.4,7.2,5.3,23,Brown,9,300,76,Healthy
30.8,9.1,4.7,30,Black,2,187,53,Moderate
26.4,6.8,5.7,35,Dark Green,21,203,136,Moderate
25.4,9.5,6.4,17,Light Green,2,157,129,Moderate
29.8,7.4,6.9,10,Black,18,160,139,Moderate
33.0,8.4,3.6,26,Brown,12,178,39,Moderate
30.9,9.1,4.8,11,Dark Green,17,254,137,High
25.3,7.0,7.9,9,Light Green,13,32,149,Moderate
26.1,7.3,4.4,9,Dark Green,6,221,83,Moderate
27.7,6.5,7.4,20,Dark Green,24,30,70,Moderate
26.4,9.1,4.0,10,Brown,30,109,10,Moderate
30.2,8.1,6.2,7,Brown,7,62,44,Healthy
27.8,7.3,5.0,18,Light Green,12,287,13,Healthy
33.6,7.6,5.2,21,Brown,23,76,17,Moderate
33.9,7.0,6.8,33,Green,11,232,53,Moderate
30.5,7.7,7.3,12,Green,31,215,115,Healthy
28.6,8.2,5.1,27,Brown,12,218,101,Healthy
33.5,8.5,6.7,6,Dark Green,19,106,126,Moderate
24.7,6.8,7.7,15,Black,12,263,86,High
32.1,8.9,3.5,11,Dark Green,7,166,100,High
27.4,7.5,6.3,25,Light Green,38,276,79,Healthy
25.4,7.1,3.1,7,Green,40,64,69,High
33.8,7.4,8.0,19,Green,1,84,92,Healthy
24.9,6.9,5.6,31,Black,1,280,15,Moderate
24.5,8.5,6.5,10,Black,25,257,12,High
27.6,6.8,3.9,22,Brown,29,173,89,High
34.8,9.1,4.9,33,Green,40,56,5,High
28.3,9.5,7.7,35,Brown,23,233,138,Moderate
25.9,8.2,3.2,11,Light Green,22,202,91,High
32.2,6.5,5.9,5,Brown,18,141,137,Moderate
29.1,9.4,3.9,21,Dark Green,21,291,68,High
30.8,7.4,2.9,32,Green,30,176,2,Moderate
25.9,7.6,4.5,25,Black,25,134,28,High
27.8,9.0,3.3,17,Green,0,269,57,Moderate
30.1,7.3,6.5,13,Dark Green,3,255,98,Healthy
24.1,9.3,4.7,5,Light Green,38,188,21,High
32.8,9.1,6.7,15,Light Green,25,241,17,Moderate
26.7,6.6,5.0,14,Dark Green,38,265,127,Moderate
33.6,7.7,3.9,13,Green,17,235,140,High
32.6,7.8,4.1,15,Light Green,34,157,4,Moderate
28.2,6.9,4.2,13,Black,2,191,26,Moderate
26.1,9.3,2.6,9,Green,3,130,115,Moderate
31.5,7.9,7.0,25,Light Green,30,214,129,Moderate
33.7,7.4,2.2,34,Black,2,278,107,High
24.8,6.6,2.5,23,Brown,40,188,57,High
25.1,7.2,6.1,27,Light Green,15,158,62,Moderate
33.0,8.3,2.8,25,Light Green,36,154,104,Moderate
26.6,8.2,6.8,35,Black,19,90,58,Moderate
31.9,7.4,6.1,35,Brown,16,76,13,Moderate
32.8,7.2,7.1,33,Black,20,215,63,High
30.6,8.1,7.3,5,Brown,24,298,118,Moderate
27.6,7.6,3.7,26,Green,4,211,3,Healthy
24.9,9.2,3.2,18,Dark Green,15,114,81,High
32.1,8.4,7.3,12,Dark Green,18,124,135,Moderate
33.7,9.0,4.8,19,Black,8,103,133,High
26.6,7.8,6.3,11,Green,10,284,74,Healthy
32.5,7.4,5.5,17,Black,39,51,46,High
26.2,8.7,7.2,23,Green,18,23,52,Moderate
32.2,8.2,3.7,19,Light Green,23,114,99,Moderate
29.8,6.8,3.7,10,Black,1,281,122,High
30.3,7.5,7.8,8,Light Green,3,104,97,Healthy
24.7,7.0,3.1,10,Green,10,86,76,Moderate
29.6,8.1,7.6,30,Dark Green,29,113,59,Moderate
29.7,9.1,4.9,12,Brown,21,56,8,Moderate
25.8,8.5,4.8,28,Dark Green,30,165,20,High
30.3,7.1,5.5,30,Dark Green,6,110,150,Moderate
30.6,8.4,4.3,6,Brown,31,114,35,Moderate
33.6,7.8,2.4,35,Light Green,27,121,19,High
29.4,6.8,3.5,27,Dark Green,17,69,59,High
34.8,8.1,5.7,20,Brown,10,248,132,Moderate
27.3,7.7,5.5,21,Black,15,122,13,Moderate
30.6,8.7,2.7,35,Brown,39,85,17,High
25.6,8.7,7.3,14,Dark Green,32,117,36,High
35.0,7.3,7.9,29,Dark Green,9,266,30,Moderate
30.9,6.9,3.7,29,Brown,22,74,121,High
30.1,6.7,4.0,24,Brown,12,258,123,Moderate
27.3,7.6,2.1,24,Green,37,225,101,Moderate
25.8,7.5,2.1,33,Brown,34,244,76,High
25.7,7.9,2.0,5,Light Green,36,236,95,High
29.1,8.4,6.4,34,Green,16,73,32,Healthy
33.9,9.3,6.3,18,Brown,39,102,69,High
28.3,7.7,2.1,22,Dark Green,29,38,91,High
31.6,9.4,3.4,13,Light Green,21,230,41,High
33.0,8.5,6.7,30,Brown,29,189,124,Moderate
30.8,6.6,3.4,9,Black,29,68,93,High
31.8,8.0,5.2,35,Black,29,173,148,Moderate
25.4,9.2,6.0,6,Brown,27,141,125,High
29.3,7.8,3.1,27,Green,5,299,113,Healthy
27.6,8.5,7.7,20,Black,15,154,11,Moderate
34.5,7.7,4.8,5,Black,19,228,104,High
30.9,8.2,4.3,12,Black,15,125,33,Moderate
33.7,7.6,4.5,26,Light Green,28,204,103,Moderate
26.5,8.7,3.9,6,Brown,20,187,4,High
32.6,7.2,4.0,10,Black,10,76,38,Moderate
30.4,9.3,3.2,34,Light Green,40,132,9,High
30.1,6.8,7.1,17,Black,17,256,66,High
32.7,7.5,7.0,20,Brown,5,61,75,Healthy
31.3,8.9,4.9,10,Green,10,251,6,Moderate
28.8,7.2,3.0,14,Dark Green,27,137,75,High
29.9,6.5,2.4,29,Brown,1,83,90,Moderate
34.6,9.2,3.7,10,Green,29,37,62,High
31.0,8.5,7.7,5,Brown,28,300,128,Moderate
25.0,8.5,3.9,20,Light Green,4,36,94,Moderate
34.0,7.0,4.2,5,Dark Green,28,214,63,High
29.1,7.4,6.3,35,Brown,16,180,94,Moderate
26.7,7.2,7.1,24,Light Green,7,166,49,Healthy
32.3,7.7,7.5,22,Brown,14,188,31,Healthy
34.9,7.8,5.9,7,Brown,20,237,56,Moderate
27.4,7.8,4.9,35,Black,35,90,9,Moderate
32.4,7.1,7.8,33,Black,13,192,68,Moderate
25.1,7.0,5.5,30,Black,11,220,90,Moderate
29.6,9.3,4.0,34,Light Green,21,73,51,Moderate
32.1,6.9,6.3,26,Brown,25,278,102,Moderate
30.5,7.5,2.5,18,Light Green,18,62,86,Moderate
28.4,8.5,6.9,18,Green,10,61,44,Healthy
27.5,7.4,2.2,13,Light Green,13,166,136,Moderate
34.0,8.7,5.0,33,Black,28,164,86,High
34.3,7.2,2.5,33,Black,36,26,37,High
28.8,9.1,3.6,12,Dark Green,23,65,127,High
34.3,7.3,7.6,8,Brown,23,233,108,Moderate
32.3,6.6,2.1,24,Green,32,254,4,High
33.2,7.1,4.6,22,Green,27,90,126,Moderate
33.2,9.1,4.7,26,Black,35,48,79,High
32.1,9.0,3.7,30,Green,5,157,122,Moderate
34.3,9.3,7.0,8,Brown,20,191,7,High
32.8,7.0,2.4,10,Black,40,79,146,High
33.8,7.6,8.0,12,Brown,35,62,132,Moderate
27.6,9.4,8.0,19,Brown,37,240,105,Moderate
33.8,8.1,4.3,32,Dark Green,19,73,111,High
26.6,8.6,3.9,18,Black,21,27,72,High
25.0,7.0,7.8,14,Brown,37,93,75,Moderate
32.6,7.2,5.0,12,Dark Green,9,215,45,Moderate
34.1,9.0,6.9,21,Brown,38,213,19,Moderate
32.9,7.1,2.7,19,Black,31,214,32,High
25.8,7.1,6.9,8,Black,7,237,21,Moderate
34.4,6.8,7.9,32,Black,30,238,106,High
31.5,7.2,2.3,12,Green,23,218,141,High
25.8,8.5,2.1,35,Green,16,176,127,High
28.1,6.8,5.8,19,Dark Green,13,123,100,Moderate
30.0,7.2,2.5,22,Brown,14,218,88,Moderate
34.2,6.9,5.9,33,Dark Green,33,25,62,High
33.4,7.4,2.8,14,Black,0,73,68,High
28.8,9.4,6.9,15,Brown,0,88,122,Healthy
25.8,6.7,3.4,34,Brown,10,240,73,High
30.9,8.6,7.6,26,Brown,14,264,29,Healthy
34.6,8.6,8.0,30,Dark Green,16,281,60,High
24.6,6.6,6.4,17,Black,36,260,35,High
27.4,6.5,2.4,20,Brown,22,25,82,High
30.7,8.3,7.8,26,Brown,11,78,63,Healthy
32.2,6.5,5.1,18,Brown,5,201,71,Moderate
29.1,8.1,5.1,26,Dark Green,20,240,145,Moderate
33.8,6.7,6.5,13,Green,33,85,10,Moderate
28.5,8.0,7.7,25,Light Green,6,121,117,Healthy
34.7,9.0,7.9,27,Dark Green,30,155,34,High
30.1,7.2,3.5,28,Dark Green,6,114,67,Moderate
30.9,9.2,7.9,21,Light Green,13,295,67,Healthy
24.4,8.9,6.4,24,Brown,40,142,101,Moderate
31.1,6.5,2.4,27,Black,4,202,140,High
31.2,9.4,7.4,29,Green,26,68,149,Moderate
24.8,8.9,5.3,13,Brown,22,52,20,Moderate
29.9,9.0,2.9,24,Black,1,200,118,Moderate
31.2,7.4,6.1,5,Green,15,131,97,Healthy
30.1,7.6,7.4,10,Black,1,21,3,Healthy
26.3,7.5,7.6,8,Black,28,269,25,Moderate
27.0,9.2,7.0,22,Light Green,37,238,38,Moderate
34.7,8.1,5.8,30,Light Green,18,118,113,Moderate
33.9,7.7,4.7,35,Light Green,6,288,69,Moderate
25.2,8.1,6.1,8,Green,29,56,65,Moderate
32.0,7.1,5.7,10,Green,32,267,32,Moderate
27.7,7.8,6.7,22,Green,0,216,146,Healthy
29.5,9.3,7.9,8,Light Green,23,254,73,Moderate
27.0,9.2,6.5,7,Brown,24,273,70,Moderate
25.9,7.0,6.6,19,Black,10,141,81,Moderate
25.1,8.3,6.9,19,Black,8,171,21,Moderate
26.6,8.2,2.5,10,Dark Green,35,296,119,High
27.4,8.9,5.0,19,Black,25,156,86,Moderate
24.8,7.4,7.1,5,Brown,20,162,70,Moderate
30.7,8.1,5.9,16,Brown,29,68,113,Moderate
27.4,6.8,2.9,35,Green,6,148,37,Moderate
30.0,8.4,5.6,6,Light Green,37,102,140,Healthy
34.3,7.4,3.2,10,Black,32,102,24,High
30.8,6.9,6.1,6,Light Green,32,143,126,Moderate
28.8,6.5,2.8,30,Green,15,258,19,Moderate
33.3,8.9,2.5,21,Brown,33,172,49,High
29.9,8.8,3.5,12,Black,10,239,59,High
34.9,7.3,6.4,27,Dark Green,25,272,3,High
25.6,7.2,4.7,16,Brown,2,231,90,Moderate
29.6,6.5,5.3,16,Dark Green,14,237,110,Moderate
29.0,8.9,7.4,6,Brown,7,281,95,Healthy
24.8,7.4,3.0,14,Dark Green,3,280,4,High
33.0,8.0,6.5,25,Green,2,23,2,Healthy
25.5,8.7,2.5,10,Light Green,13,184,25,Moderate
28.3,9.3,2.1,16,Dark Green,18,225,77,High
32.6,7.0,6.0,15,Light Green,0,214,141,Healthy
27.5,8.9,6.7,35,Black,27,114,6,Moderate
30.2,7.6,4.5,9,Light Green,11,79,105,Healthy
29.1,8.6,3.1,16,Black,14,75,8,High
32.4,7.9,2.4,28,Green,37,229,133,Moderate
31.6,8.1,3.1,29,Black,6,168,19,High
24.1,9.0,3.1,11,Black,31,178,56,High
29.8,8.3,5.1,32,Green,32,232,29,Healthy
30.9,8.3,3.0,34,Black,5,144,130,Moderate
29.3,6.8,6.4,29,Light Green,13,287,103,Healthy
26.0,7.5,4.2,17,Dark Green,12,80,11,Moderate
27.0,9.3,7.1,21,Dark Green,21,33,113,Moderate
30.6,9.2,6.5,24,Black,34,252,60,High
25.0,9.2,7.3,13,Dark Green,35,179,59,High
32.6,7.7,2.6,27,Green,25,108,45,Moderate
32.3,8.2,3.8,27,Black,35,69,60,High
27.9,8.5,4.5,22,Black,7,73,128,Moderate
26.5,7.8,2.3,9,Black,9,160,131,Moderate
26.3,7.5,8.0,30,Green,21,153,131,Healthy
26.1,6.6,5.3,21,Black,12,276,149,Moderate
24.0,6.9,5.7,33,Green,17,30,36,Moderate
32.6,7.9,3.1,24,Light Green,13,134,101,Moderate
28.5,8.9,7.6,35,Light Green,35,52,9,Moderate
34.9,9.4,6.4,33,Light Green,30,56,56,Moderate
25.0,9.0,6.9,35,Brown,13,67,135,Moderate
33.2,8.1,7.4,9,Dark Green,3,79,101,Moderate
31.9,6.9,2.9,20,Light Green,35,148,13,High
25.2,7.7,6.4,18,Dark Green,12,193,57,Moderate
32.2,9.3,5.4,8,Light Green,7,212,36,Moderate
32.7,9.4,5.0,26,Light Green,26,283,140,Moderate
30.6,8.9,2.3,27,Dark Green,30,116,111,High
33.7,8.4,2.1,10,Brown,5,245,47,Moderate
34.8,7.1,7.2,30,Green,33,180,87,Moderate
32.3,8.5,7.3,32,Light Green,31,288,56,Moderate
34.8,9.0,5.4,27,Dark Green,40,196,86,High
31.2,6.8,5.7,14,Dark Green,12,160,2,Moderate
26.7,7.2,3.6,15,Green,3,119,97,Moderate
32.0,8.8,6.7,23,Brown,3,74,94,Healthy
28.8,9.5,6.6,35,Brown,5,291,89,Healthy
25.8,7.7,3.9,10,Dark Green,4,157,117,Moderate
26.7,7.0,2.1,20,Black,8,254,135,High
31.6,8.4,2.5,31,Green,37,52,109,Moderate
29.0,8.1,7.0,11,Brown,29,125,129,Moderate
28.6,8.9,5.7,5,Light Green,4,93,125,Healthy
32.7,9.3,4.0,20,Brown,19,134,146,High
29.8,7.5,4.4,12,Black,19,210,50,Moderate
30.4,7.3,5.9,7,Brown,21,251,102,Moderate
33.6,7.1,3.8,30,Black,25,178,28,High
27.7,7.6,5.5,6,Light Green,10,83,48,Healthy
34.3,8.3,6.0,25,Black,26,184,20,High
28.3,8.3,2.3,9,Brown,27,269,28,Moderate
26.1,8.1,3.4,9,Green,12,180,13,Moderate
25.6,6.8,3.9,32,Black,32,167,29,High
25.1,7.5,4.9,6,Light Green,4,40,42,Healthy
25.8,8.7,3.0,31,Green,18,104,112,High
33.5,7.7,6.6,16,Dark Green,10,47,138,Moderate
34.2,6.6,5.6,22,Black,23,20,32,High
32.8,7.6,7.8,15,Brown,14,284,126,Healthy
34.4,7.6,6.2,5,Black,33,253,112,High
26.6,6.5,2.3,25,Green,32,117,81,High
26.1,9.1,5.4,15,Black,4,27,6,Moderate
26.8,7.1,7.6,10,Green,31,133,51,Moderate
31.6,8.5,6.3,29,Dark Green,5,224,143,Healthy
24.7,9.4,2.1,11,Green,9,281,98,High
27.1,6.8,3.1,12,Dark Green,31,111,70,High
32.1,6.9,5.5,23,Dark Green,27,205,46,High
31.9,6.7,4.9,31,Brown,20,131,41,High
28.7,8.7,6.8,14,Green,7,279,76,Healthy
25.1,7.2,3.7,32,Black,16,113,52,High
32.8,6.6,3.8,8,Brown,19,154,57,High
25.7,7.1,7.5,22,Black,37,209,14,High
30.4,7.9,3.2,16,Green,14,288,94,Moderate
34.0,7.9,7.2,22,Light Green,10,277,14,Healthy
33.3,7.0,7.6,24,Black,21,110,15,High
24.5,8.5,3.0,21,Black,10,178,104,High
24.2,8.6,5.9,16,Brown,39,251,115,Moderate
28.6,7.8,5.9,6,Dark Green,4,27,8,Healthy
24.1,8.2,2.0,11,Black,5,99,102,High
29.4,9.0,3.6,13,Green,5,135,6,Moderate
31.9,8.5,7.5,21,Brown,21,143,131,Moderate
31.9,8.8,2.0,12,Black,4,253,8,High
29.8,7.5,7.3,7,Green,25,290,90,Healthy
30.5,8.8,6.8,35,Light Green,23,283,38,Moderate
34.7,6.7,2.8,21,Black,12,255,128,High
29.3,9.4,3.0,8,Light Green,6,138,85,Moderate
30.7,7.0,6.2,35,Black,8,278,37,Moderate
24.5,7.9,2.5,22,Dark Green,28,222,133,High
25.7,9.1,4.0,32,Dark Green,37,119,18,High
34.7,8.5,5.0,28,Light Green,34,31,59,Moderate
29.1,8.0,4.7,18,Dark Green,40,214,12,Moderate
30.3,9.0,5.1,21,Black,22,114,14,Moderate
34.0,7.8,2.7,15,Black,25,111,52,High
31.8,9.4,7.2,20,Black,37,264,23,High
29.0,7.9,6.1,25,Dark Green,10,59,107,Healthy
34.4,7.7,2.3,19,Light Green,40,237,69,High
34.3,8.5,6.8,10,Black,34,46,149,High
31.5,6.5,4.2,28,Green,33,136,22,Moderate
29.5,7.8,3.5,8,Black,14,141,58,Moderate
30.6,7.5,6.7,12,Black,3,204,102,Healthy
24.9,8.8,7.8,22,Light Green,8,219,149,Moderate
24.9,9.3,2.0,19,Black,25,152,77,High
28.2,9.2,2.9,30,Light Green,23,279,124,High
30.1,9.2,3.0,31,Green,36,197,112,High
26.8,7.9,7.0,13,Black,14,96,7,Moderate
24.3,9.0,5.6,15,Dark Green,30,281,76,High
32.7,7.3,6.4,20,Dark Green,23,245,97,Moderate
27.4,8.0,7.3,23,Light Green,28,111,57,Healthy
24.5,6.5,6.6,27,Green,37,57,124,Moderate
29.4,8.5,7.6,34,Light Green,24,130,112,Healthy
34.2,8.8,7.3,24,Light Green,18,26,108,Moderate
33.1,7.3,5.0,21,Black,5,22,123,Moderate
25.3,7.0,7.6,26,Black,19,155,60,High
25.7,6.7,6.7,13,Light Green,39,134,125,Moderate
27.1,8.2,7.4,5,Dark Green,10,119,148,Healthy
27.4,6.7,5.5,5,Black,14,209,137,Moderate
32.9,9.0,6.2,5,Black,16,276,149,High
31.2,7.7,4.2,31,Light Green,30,269,4,Moderate
26.7,6.7,4.6,11,Green,2,238,70,Healthy
29.5,7.1,2.7,32,Black,3,269,57,Moderate
25.9,6.6,4.6,26,Dark Green,25,181,79,High
26.7,7.9,4.9,24,Green,38,76,60,Moderate
34.6,8.3,3.1,8,Light Green,26,66,66,High
30.8,8.9,5.9,16,Black,9,93,45,Moderate
24.3,6.9,5.7,20,Dark Green,22,142,112,High
24.7,6.9,4.5,8,Light Green,10,198,100,Moderate
27.7,8.7,4.6,25,Green,1,285,1,Healthy
26.0,7.4,2.4,24,Dark Green,31,272,18,High
24.2,9.2,6.8,5,Light Green,13,183,78,Moderate
31.2,9.3,5.7,35,Black,19,139,10,High
24.7,7.8,6.7,19,Black,35,39,6,High
30.4,7.2,7.8,5,Black,16,220,18,Moderate
24.4,7.8,7.3,18,Dark Green,24,130,96,Moderate
31.2,9.5,5.6,31,Light Green,16,263,67,Moderate
29.7,8.8,3.4,35,Dark Green,31,84,31,High
33.1,7.5,4.7,15,Light Green,3,95,65,Healthy
30.9,7.9,6.6,28,Black,13,288,87,Moderate
30.8,7.2,7.9,12,Black,11,104,40,Moderate
29.1,6.6,3.2,13,Brown,20,221,98,High
33.4,7.5,5.4,25,Light Green,24,291,38,Moderate
29.6,8.2,2.3,26,Light Green,33,34,135,Moderate
30.4,8.5,3.4,27,Light Green,23,263,107,Moderate
34.8,6.7,7.5,30,Dark Green,40,61,112,High
29.3,8.1,2.4,7,Dark Green,22,71,65,High
34.1,8.8,4.2,22,Green,23,200,15,Moderate
30.2,6.7,4.4,34,Green,2,300,126,Healthy
34.5,9.1,5.8,32,Light Green,14,41,148,Moderate
30.9,7.9,6.3,10,Dark Green,18,140,56,Moderate
28.8,8.0,6.2,18,Green,10,74,96,Healthy
28.4,7.6,2.2,11,Light Green,22,205,45,Moderate
31.1,8.8,4.9,18,Dark Green,14,283,44,Moderate
28.0,8.7,7.7,17,Dark Green,16,278,52,Moderate
27.7,9.3,4.5,18,Brown,1,77,45,Moderate
32.8,8.2,2.3,22,Dark Green,16,123,89,High
32.0,7.3,4.1,9,Green,26,280,149,Moderate
30.9,6.6,5.5,23,Brown,35,182,95,Moderate
34.5,7.0,4.6,28,Dark Green,29,220,121,High
26.8,7.5,6.9,19,Black,39,161,106,Moderate
34.6,8.9,3.3,30,Light Green,40,274,114,High
25.3,9.2,4.8,18,Brown,29,202,52,High
34.2,6.6,5.7,24,Black,25,247,145,High
27.6,9.0,3.2,28,Dark Green,19,182,118,High
29.2,8.0,4.4,27,Light Green,5,21,108,Healthy
29.5,6.5,2.9,26,Black,40,161,67,High
24.5,9.2,7.3,23,Brown,39,273,93,High
33.3,6.6,5.0,29,Dark Green,24,133,120,High
32.0,7.1,5.7,17,Green,9,231,128,Healthy
32.0,8.2,6.4,31,Light Green,21,201,118,Moderate
31.7,7.4,5.1,12,Light Green,36,231,141,Moderate
29.1,8.9,7.2,7,Black,13,76,95,Moderate
30.8,7.9,3.9,10,Green,10,48,93,Moderate
28.9,7.5,6.5,25,Brown,37,204,131,Moderate
24.8,8.8,3.8,13,Light Green,29,179,21,High
29.6,8.5,5.4,28,Black,21,239,4,Moderate
27.1,9.3,2.8,30,Brown,21,209,8,High
32.8,6.7,3.2,30,Black,3,66,14,High
29.3,8.1,2.3,28,Light Green,10,96,108,Moderate
25.3,7.0,7.8,7,Brown,19,162,44,Moderate
34.8,6.7,6.5,20,Green,5,292,118,Moderate
25.6,9.2,7.1,31,Light Green,27,35,61,Moderate
34.5,8.3,6.2,7,Light Green,7,276,110,Healthy
30.3,6.9,7.4,28,Black,0,256,68,Moderate
34.9,8.1,2.8,8,Green,33,172,17,High
33.7,7.4,2.7,16,Black,25,108,13,High
27.9,7.8,2.0,7,Green,20,111,2,Moderate
29.3,9.1,3.8,30,Light Green,15,101,68,Moderate
27.8,6.7,2.7,10,Brown,1,285,148,Moderate
29.2,6.9,7.0,8,Green,8,72,113,Healthy
29.9,7.8,2.9,6,Dark Green,4,245,3,Moderate
28.8,8.4,6.1,17,Green,19,87,29,Healthy
33.8,8.1,4.5,18,Light Green,24,63,30,Moderate
32.1,9.5,3.5,29,Brown,25,200,64,High
30.6,8.8,5.6,20,Black,39,180,132,Moderate
26.8,6.8,7.4,25,Dark Green,29,81,147,Moderate
29.1,6.8,7.2,30,Light Green,33,77,35,Moderate
31.5,9.4,7.2,35,Green,16,151,123,Moderate
32.7,9.5,5.9,34,Black,24,59,52,High
24.7,9.1,5.1,20,Light Green,36,270,19,Moderate
32.5,7.2,6.1,25,Light Green,33,128,128,Moderate
27.5,6.9,3.0,35,Black,10,31,139,High
30.9,7.6,6.2,12,Dark Green,16,158,21,Moderate
33.1,6.9,7.7,25,Dark Green,34,24,49,High
26.3,8.9,3.7,32,Black,27,43,143,High
30.8,9.0,7.9,31,Black,18,209,66,Moderate
34.6,8.2,7.9,15,Dark Green,30,287,81,Moderate
30.0,6.8,3.1,8,Brown,10,242,52,Moderate
29.4,7.8,2.4,16,Brown,26,135,30,Moderate
32.4,8.3,5.0,31,Light Green,14,269,147,Healthy
31.0,7.5,7.9,34,Brown,0,300,103,Healthy
27.4,7.5,5.3,10,Green,19,81,147,Healthy
29.5,9.3,4.1,32,Light Green,37,93,74,Moderate
25.5,7.6,6.5,7,Black,17,162,78,High
30.8,8.1,3.0,28,Black,34,138,136,High
30.1,8.1,4.1,25,Brown,6,225,83,Healthy
30.8,8.3,5.2,21,Dark Green,3,220,2,Healthy
26.4,9.0,6.7,11,Dark Green,30,150,92,Moderate
31.1,8.5,4.2,24,Dark Green,33,25,48,Moderate
32.0,8.7,2.9,16,Dark Green,19,108,23,High
34.2,7.8,7.0,24,Dark Green,9,213,110,Moderate
33.4,6.7,5.1,17,Light Green,28,58,139,Moderate
31.5,9.5,2.2,24,Green,12,95,30,Moderate
26.2,7.8,2.2,5,Light Green,19,171,98,Moderate
26.9,7.5,4.2,22,Light Green,22,297,29,Moderate
33.3,7.8,2.2,22,Green,38,244,67,High
29.6,7.8,2.8,10,Brown,13,94,97,Moderate
30.8,7.7,6.7,33,Black,38,54,61,Moderate
26.6,7.1,3.1,9,Dark Green,35,251,17,High
29.0,7.1,4.3,11,Light Green,0,171,58,Healthy
25.8,6.6,4.4,17,Black,9,193,103,High
28.3,9.0,2.1,13,Dark Green,40,182,13,High
28.1,7.5,3.4,23,Light Green,14,223,22,Moderate
26.7,7.4,2.6,30,Black,25,133,77,High
29.4,9.3,6.1,10,Light Green,23,97,42,Moderate
32.0,9.4,2.8,15,Black,35,118,104,High
34.1,8.1,4.4,7,Black,16,79,19,High
33.2,9.0,5.9,20,Dark Green,3,70,122,Moderate
26.5,8.6,2.5,20,Brown,6,27,43,Moderate
28.8,6.8,5.5,12,Green,17,130,3,Moderate
26.0,8.4,4.1,34,Black,16,181,106,Moderate
25.5,7.2,3.5,34,Brown,18,246,130,High
28.4,7.4,7.4,11,Light Green,29,197,6,Moderate
24.1,7.8,3.9,32,Black,35,245,119,High
27.2,7.5,7.3,32,Dark Green,15,133,109,Healthy
32.8,8.6,6.5,6,Dark Green,0,187,61,Moderate
33.9,7.6,4.3,29,Black,8,283,43,Moderate
24.5,9.2,4.3,35,Black,39,31,32,High
34.5,7.6,5.9,26,Light Green,6,127,58,Healthy
30.7,8.1,3.0,6,Green,26,107,136,Moderate
29.8,6.9,5.1,27,Black,28,273,31,High
29.8,9.4,5.9,5,Green,27,25,109,Moderate
25.8,8.7,4.2,9,Light Green,40,93,28,Moderate
28.7,7.8,3.9,35,Green,21,69,78,Moderate
32.0,9.3,5.1,7,Green,10,80,144,Moderate
25.2,8.5,7.4,20,Light Green,21,163,8,Moderate
25.8,7.8,7.8,14,Black,32,131,93,High
26.8,8.7,7.2,23,Black,4,157,119,Moderate
29.9,7.5,4.5,32,Green,24,184,96,Moderate
24.8,7.4,2.5,20,Dark Green,9,176,56,High
28.1,9.3,5.2,8,Brown,30,56,9,Moderate
30.9,9.0,5.2,10,Green,10,260,16,Healthy
33.8,8.0,6.6,29,Light Green,16,140,38,Moderate
27.9,6.5,2.2,7,Light Green,7,222,44,Moderate
29.0,8.3,6.1,23,Green,5,30,146,Healthy
30.4,8.9,3.6,17,Dark Green,11,299,41,Moderate
29.8,8.0,7.5,11,Dark Green,18,214,5,Moderate
27.5,7.6,6.8,33,Green,38,281,133,Healthy
30.7,8.6,6.7,10,Black,34,129,129,Moderate
29.3,7.8,5.0,15,Black,39,33,43,Moderate
32.7,9.4,8.0,24,Black,31,204,48,High
26.8,8.0,2.8,29,Green,8,203,67,Moderate
33.4,9.1,5.8,21,Black,23,184,128,High
31.0,8.5,2.7,27,Black,16,28,136,High
29.9,6.8,6.4,22,Brown,14,267,93,Moderate
29.6,7.2,6.1,6,Black,8,250,79,Moderate
26.1,8.8,6.0,19,Brown,18,72,141,Moderate
25.8,8.8,4.1,26,Light Green,6,231,117,Moderate
30.6,7.3,2.6,18,Light Green,17,218,140,Moderate
25.5,6.6,7.3,5,Green,40,112,17,Moderate
30.4,8.7,2.5,16,Green,26,37,87,Moderate
32.3,7.5,7.8,10,Black,38,30,127,Moderate
30.7,9.5,7.2,33,Light Green,17,93,111,Moderate
32.5,8.6,3.0,34,Dark Green,20,186,77,High
25.6,6.8,3.9,28,Black,28,131,4,High
29.9,8.7,7.3,11,Light Green,13,192,22,Healthy
29.8,6.5,5.5,12,Green,10,22,54,Healthy
24.5,8.5,6.4,13,Light Green,30,146,121,Moderate
24.9,7.3,7.7,29,Brown,13,144,5,Moderate
30.9,8.9,6.9,6,Black,9,66,43,Moderate
30.8,8.4,6.2,26,Green,10,133,137,Healthy
32.1,7.2,6.5,29,Brown,39,253,89,Moderate
33.6,8.8,7.2,6,Brown,17,88,102,Moderate
33.9,7.8,7.9,33,Brown,0,109,23,Healthy
29.1,9.3,7.3,35,Brown,8,270,109,Moderate
30.1,9.1,4.6,28,Brown,14,236,40,Moderate
30.4,9.2,7.9,27,Black,23,176,116,High
29.2,9.1,5.8,17,Dark Green,1,171,37,Moderate
28.7,9.0,3.9,17,Light Green,5,108,18,Moderate
28.0,8.7,2.8,21,Dark Green,1,245,118,Moderate
32.5,6.8,4.0,30,Brown,38,102,132,High
33.4,8.6,2.5,23,Brown,37,251,67,High
29.7,6.8,4.6,13,Black,28,208,23,High
28.5,7.2,3.5,34,Brown,32,288,149,High
34.6,7.4,4.3,28,Dark Green,39,287,56,High
25.2,8.9,6.3,25,Brown,30,203,130,Moderate
32.9,8.3,6.8,26,Brown,23,287,98,Moderate
32.2,6.9,5.1,9,Black,22,125,7,High
30.3,8.9,3.7,21,Green,19,24,37,Moderate
31.7,8.0,6.0,16,Dark Green,13,141,114,Moderate
28.2,6.9,7.8,18,Dark Green,25,148,58,Moderate
25.9,7.3,4.9,15,Light Green,34,292,93,Moderate
26.0,6.8,5.8,32,Green,10,107,30,Healthy
25.9,7.9,7.5,31,Light Green,22,102,61,Moderate
30.2,9.4,7.5,10,Black,36,152,125,High
30.8,6.6,5.1,34,Black,29,272,109,High
25.0,9.5,5.5,15,Light Green,26,263,25,Moderate
34.0,8.1,7.1,13,Light Green,16,164,76,Moderate
24.7,7.2,2.7,29,Light Green,36,115,81,High
26.5,6.6,7.9,7,Green,12,119,16,Healthy
24.9,8.8,5.9,25,Dark Green,31,272,19,High
27.1,6.7,2.5,25,Light Green,28,36,145,High
25.5,8.8,3.9,21,Black,22,44,116,High
25.3,8.9,2.4,9,Dark Green,29,201,106,High
31.6,7.2,7.0,23,Brown,30,237,114,Moderate
34.1,7.7,2.5,9,Green,11,39,92,Moderate
26.8,8.6,7.3,28,Dark Green,1,238,75,Healthy
33.2,7.8,3.8,30,Brown,31,110,92,High
31.0,7.3,4.7,35,Light Green,28,300,106,Moderate
27.6,6.7,6.4,31,Black,31,208,145,High
29.3,7.9,2.4,24,Green,35,153,60,Moderate
33.0,8.6,2.7,30,Green,35,60,23,High
25.5,6.5,2.0,7,Light Green,2,37,150,Moderate
28.3,8.1,2.1,33,Brown,13,62,92,Moderate
29.8,9.4,5.5,33,Brown,29,46,97,Moderate
28.8,8.3,3.5,30,Light Green,11,179,89,Moderate
27.9,8.9,5.8,7,Light Green,40,201,115,Moderate
31.8,7.1,5.5,24,Dark Green,20,38,81,Moderate
25.5,7.4,2.9,33,Black,20,92,128,High
33.5,9.1,2.8,16,Light Green,32,98,117,High
27.8,8.1,7.1,27,Black,7,252,120,Moderate
26.4,6.5,4.9,27,Green,26,177,130,Moderate
27.5,8.8,6.3,15,Dark Green,4,269,48,Healthy
26.1,9.5,7.1,31,Black,4,239,115,Moderate
25.7,9.5,3.6,7,Black,6,282,25,High
31.9,8.7,2.4,31,Dark Green,4,254,23,Moderate
31.5,6.6,4.6,13,Light Green,27,271,57,Moderate
30.6,6.5,7.8,31,Green,10,71,55,Healthy
33.7,7.5,6.0,18,Brown,12,262,106,Moderate
28.3,7.7,2.6,27,Black,13,89,81,Moderate
28.4,9.1,4.4,34,Dark Green,15,278,125,Moderate
27.5,8.5,4.2,28,Black,8,131,123,Moderate
34.8,6.8,6.5,15,Light Green,8,288,39,Moderate
26.9,8.5,3.1,31,Light Green,20,106,119,Moderate
33.5,8.2,2.9,34,Black,15,65,55,High
25.9,6.9,6.5,15,Dark Green,26,157,37,High
32.9,7.2,4.2,34,Green,17,279,146,Moderate
24.2,6.9,3.3,23,Green,11,74,75,High
25.9,9.3,2.7,18,Brown,39,142,141,High
24.4,8.7,4.8,30,Brown,16,278,137,High
26.5,9.0,2.5,16,Black,11,169,53,High
24.3,8.1,4.9,35,Green,34,76,70,Moderate
30.5,9.4,2.5,21,Dark Green,37,61,124,High
24.1,9.0,6.8,33,Green,23,256,80,Moderate
26.8,7.1,3.8,16,Light Green,3,42,126,Moderate
27.1,7.6,4.7,17,Light Green,33,222,122,Moderate
26.5,8.0,6.5,9,Green,11,238,127,Healthy
29.5,9.0,2.8,35,Green,12,50,5,Moderate
31.3,7.6,3.3,30,Green,31,208,32,Moderate
24.0,9.1,2.3,26,Light Green,35,243,119,High
30.3,6.7,4.4,27,Green,0,53,86,Healthy
32.5,9.1,7.1,16,Green,12,172,107,Moderate
34.7,7.8,2.4,18,Brown,36,199,60,High
27.3,8.5,2.7,16,Dark Green,4,164,130,Moderate
24.5,6.9,3.7,6,Light Green,19,282,67,High
31.9,7.3,2.2,8,Black,4,72,120,High
27.2,9.2,3.5,16,Dark Green,21,292,11,High
29.6,7.6,4.7,23,Light Green,1,269,29,Healthy
34.2,7.4,3.4,25,Black,5,277,8,High
29.6,8.4,5.2,14,Black,16,167,72,Moderate
25.7,6.6,6.7,16,Black,17,42,95,High
25.2,7.4,8.0,26,Brown,37,104,27,Moderate
24.1,7.1,5.6,18,Light Green,27,276,119,Moderate
32.8,6.6,5.4,9,Black,25,296,51,High
25.3,9.1,3.2,23,Dark Green,21,175,118,High
32.2,8.6,4.7,34,Light Green,27,256,31,Moderate
31.5,6.8,6.0,32,Dark Green,15,278,2,Moderate
27.3,9.4,6.2,17,Brown,18,233,48,Moderate
29.9,7.5,3.0,29,Black,7,61,14,Moderate
34.1,8.2,5.7,17,Black,1,230,101,Moderate
34.9,8.5,6.1,7,Light Green,22,166,24,Moderate
25.1,9.0,2.2,18,Light Green,20,190,47,High
34.1,7.6,3.0,5,Green,6,294,38,Moderate
30.1,8.2,2.7,23,Brown,18,300,101,Moderate
24.2,6.6,5.7,9,Green,21,177,140,Moderate
34.0,8.0,6.2,27,Light Green,26,116,9,Moderate
26.9,8.4,2.1,28,Dark Green,9,53,121,Moderate
25.9,8.2,4.0,5,Brown,22,162,124,Moderate
33.7,6.6,2.7,23,Green,6,155,101,High
32.7,8.2,3.6,27,Brown,32,280,77,High
24.3,8.2,4.9,12,Brown,9,168,103,Moderate
28.2,8.2,4.8,31,Green,38,159,120,Moderate
28.2,9.3,5.5,8,Light Green,36,259,97,Moderate
27.3,8.4,5.0,8,Green,7,139,42,Healthy
26.7,8.3,6.9,28,Black,8,272,92,Moderate
32.5,8.9,7.8,25,Brown,9,182,56,Moderate
33.1,6.5,7.6,11,Black,3,189,128,Moderate
29.3,6.9,5.4,15,Black,15,197,103,Moderate
32.1,9.5,3.9,13,Light Green,2,137,19,Moderate
25.2,7.2,5.7,6,Brown,10,264,149,Moderate
26.0,9.5,3.0,14,Black,19,142,44,High
26.1,8.5,5.9,35,Dark Green,26,86,88,Moderate
30.6,9.0,3.2,16,Brown,5,170,4,Moderate
28.0,7.3,5.7,31,Dark Green,24,194,90,Moderate
31.5,8.5,5.2,24,Black,1,200,85,Moderate
32.4,8.1,7.5,8,Green,33,156,98,Moderate
30.4,8.4,4.7,18,Brown,31,283,84,Moderate
25.5,7.1,3.6,13,Light Green,30,178,8,High
28.9,7.9,5.9,30,Dark Green,27,131,72,Moderate
33.2,7.4,7.1,21,Light Green,21,45,8,Moderate
30.7,7.2,6.6,30,Black,16,165,3,Moderate
30.7,7.0,5.5,14,Brown,17,69,113,Moderate
33.7,9.3,6.5,32,Brown,27,205,149,High
32.4,7.6,4.8,10,Brown,7,240,105,Moderate
26.6,7.4,3.1,13,Black,0,277,98,Moderate
32.5,7.2,6.7,23,Dark Green,10,168,29,Moderate
30.9,7.4,2.8,32,Light Green,15,232,60,Moderate
30.4,6.7,6.6,31,Black,23,257,105,High
29.0,8.2,2.1,20,Light Green,0,292,16,Healthy
26.2,7.6,2.7,13,Green,8,182,62,Moderate
25.8,9.3,3.7,30,Green,19,178,143,High
26.0,7.6,7.3,19,Dark Green,4,142,10,Healthy
30.7,7.0,3.8,35,Brown,34,218,92,High
25.2,8.2,7.3,18,Dark Green,15,243,80,Moderate
32.5,9.3,7.7,25,Brown,33,131,67,Moderate
34.2,6.7,4.8,26,Black,9,224,21,High
27.5,9.3,2.5,10,Black,16,125,59,High
34.5,8.3,3.2,34,Black,20,290,19,High
29.0,9.2,8.0,20,Brown,18,166,15,Moderate
25.6,9.0,6.6,34,Light Green,24,298,130,Moderate
26.6,8.5,6.4,14,Dark Green,38,70,54,Moderate
32.6,7.9,7.1,16,Dark Green,9,66,29,Moderate
31.3,8.6,2.4,14,Brown,8,287,26,Moderate
28.2,8.9,6.2,13,Brown,32,107,42,Moderate
34.1,6.7,6.7,30,Dark Green,31,69,38,High
30.9,6.7,6.2,31,Brown,23,219,116,Moderate
29.3,6.6,4.0,25,Green,8,115,37,Moderate
26.2,8.2,7.5,25,Light Green,37,30,22,Healthy
31.8,8.4,6.4,8,Light Green,39,255,127,Moderate
29.9,8.3,7.2,15,Brown,40,43,91,Moderate
28.1,7.3,7.9,35,Black,7,27,110,Moderate
32.5,6.8,5.1,13,Black,0,86,92,Moderate
31.9,7.1,7.3,21,Dark Green,28,196,69,Moderate
31.3,9.3,4.3,19,Green,36,275,114,Moderate
32.1,8.8,3.4,18,Brown,23,291,148,High
25.2,9.5,7.5,27,Dark Green,9,124,40,Moderate
26.1,7.5,7.8,35,Black,19,251,117,Moderate
29.3,7.7,6.3,33,Green,10,293,106,Healthy
30.9,8.9,2.9,35,Black,23,137,116,High
25.5,8.5,3.6,9,Black,25,149,110,High
28.8,6.6,6.3,17,Light Green,5,180,48,Healthy
24.9,9.0,4.9,24,Green,12,174,133,Moderate
25.1,6.6,4.9,33,Dark Green,10,70,2,High
25.8,9.3,7.8,30,Black,25,33,21,High
28.3,9.3,6.2,18,Green,4,212,100,Healthy
32.7,8.7,5.0,5,Green,17,173,73,Moderate
33.0,9.2,2.5,24,Green,1,108,101,Moderate
29.6,7.3,7.1,7,Brown,39,55,30,Moderate
26.9,7.5,2.6,34,Dark Green,15,64,16,Moderate
26.7,8.7,3.6,19,Black,8,248,93,High
31.1,7.7,7.0,26,Brown,15,226,91,Healthy
24.3,9.3,6.6,32,Green,6,284,39,Moderate
32.8,7.8,4.8,10,Light Green,32,136,109,Moderate
31.8,7.5,6.5,31,Light Green,1,259,134,Healthy
28.0,8.9,7.8,13,Dark Green,7,215,56,Moderate
30.3,7.3,3.2,13,Green,23,104,49,Moderate
28.4,6.9,3.3,27,Brown,10,197,88,Moderate
27.9,8.2,6.7,24,Brown,40,235,123,Moderate
27.7,8.3,4.2,7,Black,6,115,29,Moderate
28.3,7.3,7.3,31,Brown,34,270,123,Moderate
24.3,8.5,2.7,5,Dark Green,19,167,52,High
29.9,9.0,4.9,17,Light Green,8,31,68,Healthy
27.9,8.1,7.3,33,Dark Green,25,189,51,Moderate
30.0,8.1,7.2,13,Black,3,148,56,Healthy
30.3,8.8,3.5,9,Dark Green,5,75,106,Moderate
29.5,8.8,6.2,31,Dark Green,33,192,132,Moderate
27.0,6.6,4.6,20,Dark Green,6,65,76,Moderate
29.2,7.8,5.5,28,Brown,7,104,122,Healthy
33.7,8.9,7.2,33,Dark Green,25,267,127,High
28.1,6.5,6.2,24,Light Green,0,85,31,Healthy
29.1,6.9,5.8,28,Dark Green,24,38,79,Moderate
30.4,8.2,6.8,25,Dark Green,19,211,10,Moderate
25.9,7.6,5.3,33,Black,16,99,68,High
32.2,7.5,4.5,27,Light Green,25,66,61,Moderate
29.1,6.5,4.5,32,Dark Green,22,175,78,High
30.7,7.8,6.1,10,Brown,22,35,67,Moderate
33.9,8.3,2.1,31,Brown,19,163,119,High
34.3,8.7,3.5,16,Light Green,39,133,43,High
26.4,8.5,6.3,32,Black,14,213,39,Moderate
33.5,8.4,4.8,13,Brown,36,59,127,Moderate
24.3,8.3,5.2,10,Black,15,81,42,Moderate
33.6,8.0,6.0,17,Green,21,198,133,Moderate
34.2,7.0,5.0,7,Dark Green,17,298,118,High
25.0,7.5,7.6,8,Green,25,64,8,Moderate
25.6,6.5,6.0,13,Light Green,37,63,92,Moderate
30.7,7.7,3.7,16,Dark Green,31,258,37,High
24.6,8.4,7.5,28,Black,37,189,96,High
31.0,7.9,2.7,24,Green,22,36,60,Moderate
29.0,7.7,5.4,30,Brown,6,279,65,Healthy
25.0,8.4,4.9,13,Green,13,278,97,Moderate
33.7,7.3,2.3,28,Brown,27,222,26,High
31.7,7.1,2.2,8,Green,19,132,90,High
31.6,8.6,6.5,20,Light Green,20,38,5,Moderate
26.5,8.3,6.0,18,Dark Green,20,294,100,Moderate
24.5,8.1,2.7,14,Green,3,194,16,Moderate
31.7,7.7,6.6,11,Dark Green,25,30,57,Moderate
28.8,6.8,3.5,32,Green,33,261,112,High
24.4,9.0,7.4,13,Dark Green,27,152,7,High
34.6,7.9,6.0,6,Dark Green,8,170,33,Moderate
26.6,6.6,3.5,11,Green,14,282,133,Moderate
30.2,6.8,5.0,8,Dark Green,22,110,108,Moderate
31.3,7.6,3.2,21,Green,15,159,115,Moderate
32.3,6.6,6.3,21,Green,0,210,49,Healthy
33.2,8.0,6.9,35,Black,18,45,111,High
31.7,7.0,4.0,17,Black,12,298,129,Moderate
28.7,7.8,5.3,17,Black,38,144,135,Moderate
31.1,9.4,3.9,33,Light Green,1,248,123,Moderate
28.4,8.1,7.8,5,Light Green,8,57,108,Healthy
25.7,9.5,6.9,14,Brown,13,288,124,Moderate
24.3,7.5,6.6,32,Black,33,214,20,High
27.3,9.2,5.9,26,Brown,1,39,59,Healthy
32.9,7.8,5.2,15,Brown,6,169,52,Healthy
26.0,7.8,3.8,27,Light Green,25,290,40,Moderate
28.5,8.3,3.2,5,Light Green,6,235,115,Moderate
26.6,8.6,5.0,24,Brown,12,161,129,Healthy
32.0,7.8,5.9,12,Green,17,124,91,Moderate
29.1,7.9,4.0,32,Light Green,17,76,9,Moderate
27.3,8.1,7.4,7,Green,4,196,105,Healthy
27.2,7.2,2.7,14,Black,16,104,25,High
29.3,8.8,2.5,6,Black,12,261,36,High
26.7,9.4,7.0,19,Light Green,12,37,4,Healthy
25.4,9.1,6.6,11,Dark Green,40,44,96,High
24.8,7.2,3.5,9,Green,19,142,53,High
29.8,8.1,4.8,31,Brown,29,120,51,Moderate
24.8,7.0,2.1,34,Green,11,124,2,Moderate
27.3,8.4,5.7,19,Light Green,22,234,19,Healthy
25.9,6.9,5.9,26,Green,19,210,98,Moderate
33.7,8.8,2.1,19,Dark Green,8,253,114,High
30.6,7.2,2.4,23,Light Green,15,63,149,Moderate
24.6,6.8,7.1,9,Dark Green,23,181,71,High
26.6,8.3,2.3,9,Black,19,292,86,High
26.9,6.6,6.0,25,Light Green,32,196,138,Moderate
28.4,8.3,3.2,28,Black,36,198,113,High
33.9,8.3,4.6,20,Brown,17,155,95,Moderate
27.8,7.3,4.9,35,Green,26,213,6,Moderate
29.9,9.0,6.7,28,Black,2,295,18,Moderate
25.2,7.7,7.0,15,Brown,19,287,57,Moderate
24.8,8.0,3.6,22,Light Green,36,132,114,High
26.9,8.8,3.8,5,Black,6,66,123,High
31.2,7.5,4.0,15,Brown,10,295,80,Moderate
32.2,8.2,7.3,22,Green,8,176,94,Healthy
34.3,8.5,4.5,10,Light Green,8,229,127,Moderate
31.3,6.6,2.9,27,Brown,8,147,10,High
24.1,8.8,7.4,34,Black,19,275,121,High
29.1,8.0,3.2,21,Dark Green,23,202,91,High
28.8,8.6,2.9,28,Dark Green,10,182,110,Moderate
29.0,9.1,2.2,26,Brown,12,115,103,Moderate
33.2,7.3,5.5,25,Light Green,15,75,119,Moderate
29.4,6.6,3.0,6,Green,7,62,105,Moderate
33.6,9.3,6.7,32,Green,36,271,115,Moderate
28.3,6.7,4.2,14,Green,6,153,54,Moderate
25.1,7.6,5.5,31,Dark Green,32,212,71,Moderate
28.1,9.4,2.7,30,Brown,3,70,1,Moderate
24.2,8.8,3.7,35,Green,30,125,128,High
24.6,6.7,7.7,23,Black,24,170,95,High
34.4,9.4,4.0,29,Light Green,21,130,140,High
30.4,7.0,4.2,11,Brown,10,218,60,Moderate
25.5,8.7,3.6,14,Black,12,177,145,High
28.0,8.0,5.4,25,Green,14,269,102,Healthy
27.7,8.9,6.1,35,Light Green,39,176,31,Moderate
30.4,8.5,5.3,28,Brown,40,136,126,Moderate
30.9,9.1,6.0,22,Black,40,171,114,High
25.4,9.4,3.8,22,Black,26,114,80,High
29.6,8.6,4.2,35,Black,9,231,135,Moderate
33.8,8.3,2.0,29,Dark Green,40,24,64,High
34.2,6.7,7.7,31,Green,23,21,64,Moderate
32.1,9.4,3.7,8,Green,13,190,21,Moderate
28.0,9.3,7.4,6,Dark Green,22,94,29,Moderate
28.1,7.2,2.9,30,Brown,17,41,33,High
29.4,8.6,7.1,15,Light Green,17,261,137,Moderate
32.3,9.5,6.5,10,Light Green,33,26,19,Moderate
29.4,6.8,3.7,16,Black,29,243,65,High
33.5,9.4,6.0,34,Light Green,11,239,102,Moderate
30.4,7.2,7.0,9,Dark Green,8,126,46,Moderate
28.7,8.3,6.9,20,Light Green,22,213,132,Healthy
28.2,8.6,7.8,9,Light Green,20,282,117,Moderate
28.1,9.0,4.7,7,Brown,20,24,64,Moderate
31.0,7.1,7.4,6,Dark Green,15,206,26,Moderate
33.7,9.1,5.6,19,Black,22,105,110,High
34.8,8.5,5.0,29,Black,12,103,5,Moderate
25.3,6.8,3.0,6,Dark Green,33,78,142,High
24.9,7.3,2.7,28,Dark Green,21,105,101,High
34.7,6.8,3.6,19,Dark Green,4,270,27,High
24.7,9.5,7.2,12,Black,32,22,128,High
33.0,7.1,3.9,5,Green,7,107,104,Moderate
28.0,6.9,6.5,33,Dark Green,40,87,86,Moderate
33.1,6.8,5.0,30,Dark Green,7,194,121,Moderate
34.3,9.4,5.6,11,Light Green,27,258,66,Moderate
31.3,8.3,5.7,19,Dark Green,19,122,28,Moderate
30.3,7.4,6.1,21,Light Green,36,156,32,Moderate
24.4,7.8,6.1,32,Black,20,108,20,High
27.8,7.4,2.4,35,Dark Green,37,292,74,High
24.9,9.4,3.0,29,Light Green,11,59,4,High
29.7,7.3,2.7,22,Green,8,85,82,Moderate
34.3,7.3,4.5,9,Light Green,38,60,65,Moderate
34.4,7.8,5.5,13,Brown,8,21,32,Moderate
30.0,7.4,6.9,8,Light Green,6,259,126,Healthy
34.7,8.7,2.9,27,Light Green,25,102,150,High
33.3,6.8,5.6,13,Green,24,87,79,Moderate
26.0,7.2,7.9,7,Brown,3,138,30,Healthy
34.7,8.2,3.3,31,Black,4,22,133,High
32.4,8.4,5.4,32,Dark Green,38,200,106,Moderate
33.1,8.8,2.7,17,Dark Green,1,48,75,High
32.9,9.3,4.7,34,Green,39,180,99,Moderate
28.7,9.2,5.4,7,Dark Green,31,26,41,Moderate
28.1,8.0,4.2,31,Brown,19,91,81,Moderate
31.1,7.4,2.6,10,Dark Green,5,128,99,Moderate
26.3,6.5,7.2,29,Dark Green,37,146,129,Moderate
32.3,7.4,3.3,17,Black,19,188,121,High
26.3,9.4,2.7,17,Light Green,30,28,102,High
25.3,8.9,6.4,28,Light Green,0,79,64,Healthy
30.0,9.0,3.9,31,Dark Green,25,289,48,High
29.3,8.9,3.4,19,Brown,40,194,148,High
30.7,9.1,7.4,21,Brown,37,80,51,Moderate
28.3,8.2,7.9,15,Dark Green,39,275,55,Moderate
32.1,9.3,7.0,18,Brown,9,51,56,Moderate
29.0,8.2,2.5,5,Black,33,173,9,High
34.0,6.5,3.2,21,Brown,38,166,38,High
28.8,8.6,5.3,8,Dark Green,12,287,1,Moderate
34.2,8.4,3.3,28,Green,21,77,131,High
32.8,7.2,5.1,15,Dark Green,28,28,29,Moderate
30.6,7.3,2.8,20,Dark Green,4,49,43,Moderate
26.7,7.2,5.7,32,Green,14,181,7,Healthy
24.1,8.7,4.0,11,Black,32,65,10,High
34.5,8.4,5.6,13,Black,28,193,113,High
31.3,8.7,7.1,9,Dark Green,5,151,79,Moderate
25.9,8.9,6.9,19,Dark Green,22,117,15,High
32.3,8.9,5.2,12,Light Green,37,253,56,Moderate
27.3,7.1,7.1,30,Green,28,98,37,Moderate
28.6,9.4,5.0,13,Black,14,300,115,Moderate
30.7,7.2,3.4,23,Brown,40,269,42,High
24.1,6.8,6.7,35,Black,26,233,108,High
31.7,9.4,6.2,24,Green,6,272,10,Moderate
27.2,9.3,7.5,17,Green,31,20,54,Moderate
31.1,7.3,3.6,9,Dark Green,18,180,40,High
24.2,8.7,7.3,11,Dark Green,18,267,20,High
28.7,7.8,5.8,17,Black,10,172,4,Moderate
31.9,9.4,5.4,9,Dark Green,20,228,55,High
25.9,8.2,5.4,21,Black,16,122,90,High
28.1,7.8,5.8,32,Light Green,35,275,122,Healthy
33.7,8.7,2.8,7,Light Green,34,87,29,High
30.1,8.9,4.8,29,Green,6,173,94,Healthy
35.0,7.7,2.3,6,Light Green,0,123,27,Moderate
31.8,9.0,6.5,14,Black,0,66,117,Moderate
32.5,9.3,4.1,20,Dark Green,17,103,123,High
32.8,8.5,4.6,14,Green,38,256,14,Moderate
24.8,6.7,5.6,31,Black,20,79,103,High
27.3,9.4,4.9,11,Light Green,35,112,82,Moderate
29.4,6.7,2.9,20,Dark Green,23,146,43,High
30.4,6.6,2.6,28,Light Green,1,102,76,Moderate
28.3,8.8,2.5,11,Green,40,46,63,Moderate
24.2,9.0,3.4,17,Green,6,167,96,Moderate
30.8,8.4,4.0,21,Green,36,73,72,Moderate
34.5,6.8,5.2,21,Light Green,18,166,93,Moderate
25.7,9.4,4.1,6,Dark Green,26,300,25,High
32.8,8.3,3.0,16,Black,22,124,98,High
27.1,7.7,5.8,19,Dark Green,0,138,35,Healthy
30.1,6.7,4.8,30,Brown,34,261,13,Moderate
33.3,7.9,5.1,33,Dark Green,0,179,128,Moderate
28.0,8.8,4.6,32,Dark Green,26,198,70,Moderate
30.0,8.6,6.4,31,Green,9,113,117,Healthy
32.6,7.5,6.2,19,Green,8,103,99,Healthy
32.5,8.4,6.6,17,Green,7,232,91,Healthy
34.2,7.7,4.6,14,Light Green,31,174,101,Moderate
26.4,8.4,3.4,25,Black,13,123,144,Moderate
25.4,8.3,4.8,14,Light Green,13,36,85,Moderate
32.4,8.1,2.2,16,Green,29,157,38,Moderate
32.4,9.2,6.2,7,Black,1,98,65,Moderate
24.9,6.8,5.8,19,Green,4,145,121,Moderate
34.2,6.9,4.2,5,Green,32,102,45,High
34.8,7.7,7.4,27,Green,0,236,129,Healthy
25.9,8.5,6.0,16,Dark Green,2,187,83,Moderate
25.2,8.4,3.5,28,Black,17,289,104,High
24.2,8.4,7.8,29,Green,15,299,114,Healthy
28.7,6.9,2.4,10,Light Green,14,114,7,Moderate
30.0,9.5,4.6,5,Dark Green,34,42,60,High
28.4,8.8,6.5,31,Light Green,29,184,143,Moderate
30.8,9.1,3.7,19,Light Green,14,25,122,Moderate
29.0,7.7,3.5,25,Dark Green,19,82,74,High
28.1,7.0,2.8,32,Black,17,153,87,High
34.9,9.4,4.7,32,Dark Green,36,153,62,High
26.0,9.4,5.3,25,Black,38,227,56,High
32.8,7.4,4.1,6,Brown,1,231,141,Moderate
25.7,9.0,2.3,31,Green,1,133,105,Moderate
32.1,6.8,3.9,27,Black,21,187,62,High
31.7,7.4,2.2,15,Brown,7,139,91,Moderate
26.7,6.8,4.9,33,Brown,33,230,132,Moderate
24.1,7.5,7.9,34,Brown,5,288,103,Healthy
24.3,9.0,4.0,15,Brown,24,239,134,High
31.4,7.6,3.3,26,Black,5,298,91,Moderate
31.2,6.9,5.1,19,Green,3,124,101,Healthy
24.5,7.8,2.1,6,Black,28,62,103,High
33.7,6.7,3.7,8,Black,34,147,21,High
29.7,8.4,7.5,35,Green,2,275,110,Healthy
26.0,7.3,3.4,26,Green,40,43,84,Moderate
27.1,6.6,2.0,18,Black,4,191,34,High
28.3,7.7,2.0,18,Light Green,39,274,57,Moderate
29.4,9.0,5.3,25,Dark Green,7,226,38,Moderate
28.8,6.7,7.5,12,Dark Green,28,69,71,Moderate
25.6,9.2,2.4,24,Dark Green,36,26,113,High
32.8,9.4,6.4,6,Brown,23,227,116,Moderate
32.2,6.9,7.7,9,Light Green,8,45,91,Moderate
34.3,7.7,2.5,10,Green,26,275,92,High
26.8,9.1,2.1,34,Black,38,31,15,High
28.6,7.8,4.3,13,Dark Green,37,74,102,Moderate
27.2,9.4,4.3,28,Green,22,252,17,Moderate
34.5,7.1,3.3,11,Dark Green,13,41,72,High
29.2,7.4,5.9,33,Brown,36,167,119,Moderate
34.4,9.5,5.7,23,Dark Green,39,247,125,High
29.4,6.9,3.0,23,Light Green,25,97,109,High
27.1,9.4,4.1,21,Green,33,201,65,Moderate
26.4,8.4,7.3,34,Green,30,172,148,Healthy
28.5,7.4,2.8,6,Dark Green,18,113,145,High
28.1,8.3,2.6,26,Black,37,138,23,High
32.7,8.2,6.7,12,Dark Green,21,298,6,Moderate
30.8,8.3,3.8,12,Dark Green,1,176,31,Moderate
26.8,7.9,3.3,10,Light Green,18,78,81,Moderate
34.3,6.6,7.0,23,Black,6,170,9,High
31.8,7.0,3.6,7,Green,20,36,43,High
34.6,9.2,6.0,14,Brown,14,189,62,Moderate
34.3,8.8,7.2,23,Light Green,1,243,21,Healthy
27.5,8.2,2.0,27,Green,22,195,14,Moderate
31.3,7.1,3.5,19,Black,20,70,25,High
24.2,8.6,3.6,20,Black,32,179,126,High
29.0,7.8,7.2,9,Light Green,23,215,121,Healthy
32.3,9.2,5.9,33,Black,38,191,71,High
27.2,7.7,4.2,27,Dark Green,21,216,31,Moderate
27.0,7.0,6.9,33,Green,0,253,134,Healthy
25.6,7.3,3.0,29,Black,38,28,36,High
24.0,7.0,6.7,18,Green,21,259,35,Moderate
25.1,8.3,6.3,14,Dark Green,36,101,51,Moderate
30.1,9.2,5.1,21,Light Green,28,129,11,Moderate
28.9,8.5,7.2,26,Black,37,25,65,Moderate
33.3,8.8,6.0,10,Black,22,42,17,High
27.4,7.6,4.3,15,Light Green,25,240,73,Moderate
27.1,6.6,6.4,35,Brown,4,77,126,Healthy
30.0,8.3,4.1,27,Brown,21,166,104,Moderate
27.4,8.9,7.2,29,Light Green,15,63,28,Healthy
33.3,9.4,7.7,13,Brown,2,102,90,Moderate
25.7,6.7,2.7,15,Black,38,238,89,High
34.7,8.9,7.1,13,Black,33,36,62,High
30.8,8.9,3.9,17,Green,10,99,121,Moderate
31.6,9.0,3.6,22,Light Green,27,299,144,High
34.8,6.8,6.3,34,Black,4,185,134,Moderate
27.7,8.0,7.7,28,Black,37,221,139,Moderate
29.5,6.7,5.9,12,Dark Green,19,55,27,Moderate
25.3,6.8,4.2,27,Brown,36,292,71,High
26.4,7.1,6.4,21,Light Green,12,211,26,Healthy
31.5,7.9,7.6,6,Brown,27,206,110,Moderate
30.2,7.6,6.2,20,Green,31,125,35,Healthy
29.6,7.2,6.8,12,Light Green,38,135,90,Moderate
24.2,7.0,3.9,15,Light Green,39,81,45,High
31.7,9.4,2.8,26,Light Green,33,239,116,High
27.4,8.5,2.8,18,Green,29,162,119,Moderate
25.9,9.5,3.9,19,Light Green,34,121,120,High
27.5,7.0,6.5,11,Black,2,130,123,Moderate
30.6,8.5,7.7,32,Black,39,167,69,Moderate
32.4,7.0,5.4,29,Black,31,29,49,High
30.3,8.1,4.4,8,Light Green,37,265,1,Moderate
30.7,9.2,4.0,5,Green,12,27,120,Moderate
28.4,7.7,7.0,5,Green,27,112,133,Healthy
25.8,8.1,6.0,32,Green,9,142,39,Healthy
31.5,6.7,2.7,35,Green,9,212,21,Moderate
30.8,9.0,6.1,5,Green,7,267,68,Healthy
27.1,9.2,4.4,28,Dark Green,6,48,104,Moderate
24.5,6.9,4.0,5,Green,10,109,10,Moderate
28.2,8.1,2.2,9,Brown,32,20,12,Moderate
24.4,8.0,3.1,35,Green,3,76,107,Moderate
25.6,8.0,7.0,16,Brown,20,291,84,Moderate
26.3,8.4,6.6,35,Black,40,140,20,Moderate
29.4,7.6,7.5,18,Dark Green,38,276,131,Moderate
27.6,9.5,6.2,14,Dark Green,34,169,139,Moderate
32.4,7.9,2.7,14,Green,7,144,28,Moderate
30.1,6.9,4.9,28,Dark Green,27,49,12,High
27.5,6.8,2.3,16,Brown,36,222,123,High
25.6,8.2,4.2,29,Light Green,17,182,102,Moderate
26.4,8.6,5.0,33,Light Green,37,251,137,Moderate
25.0,6.5,5.5,25,Dark Green,6,273,92,Moderate
33.8,7.6,6.9,21,Light Green,21,42,82,Moderate
30.4,7.2,2.5,25,Black,3,76,133,Moderate
31.1,8.1,8.0,13,Light Green,7,267,137,Healthy
33.3,7.7,7.0,20,Brown,34,92,119,Moderate
27.7,8.4,7.0,9,Brown,13,41,40,Healthy
27.4,8.1,3.5,16,Green,25,174,99,Moderate
30.5,9.0,4.6,29,Light Green,16,135,92,Moderate
33.2,9.1,5.9,5,Brown,38,210,33,High
32.7,7.6,2.9,28,Light Green,1,298,128,Moderate
31.7,9.4,7.7,5,Light Green,32,294,9,Moderate
25.7,7.7,3.5,15,Light Green,33,172,107,High
25.9,6.7,3.6,20,Light Green,29,37,56,High
28.3,8.3,7.8,30,Dark Green,24,130,144,Moderate
26.6,9.3,4.3,7,Brown,1,174,135,Moderate
28.4,7.6,6.3,15,Brown,3,176,34,Healthy
29.1,6.7,4.9,28,Green,1,278,143,Healthy
33.0,7.3,6.2,14,Black,36,262,7,High
28.3,8.4,7.8,15,Light Green,11,250,21,Healthy
27.2,7.7,6.2,22,Black,25,218,6,Moderate
24.8,8.7,2.6,28,Brown,34,48,147,High
26.2,6.9,2.7,19,Light Green,19,212,34,High
25.9,7.8,5.1,23,Green,4,280,76,Healthy
26.9,9.1,6.8,35,Brown,20,221,123,Moderate
32.7,9.5,7.3,28,Green,12,29,33,Moderate
28.7,9.2,5.9,14,Brown,40,292,73,Moderate
26.9,7.7,4.8,10,Dark Green,29,31,74,Moderate
28.0,9.0,2.3,10,Brown,21,98,108,High
31.8,8.1,3.5,32,Light Green,13,196,148,Moderate
28.7,6.8,7.3,29,Light Green,17,66,53,Moderate
27.2,8.2,7.5,28,Brown,5,55,12,Healthy
26.2,9.0,6.6,16,Light Green,21,42,69,Moderate
25.5,9.3,7.5,8,Black,10,81,121,High
28.3,9.1,2.7,35,Light Green,6,147,77,Moderate
34.4,9.4,6.0,35,Light Green,1,136,10,Moderate
27.2,7.9,6.7,20,Brown,12,38,4,Healthy
35.0,9.4,4.8,13,Dark Green,5,104,18,Moderate
24.4,6.6,5.9,33,Black,2,250,98,Moderate
28.1,8.0,3.9,27,Brown,15,122,99,Moderate
27.4,8.9,6.9,32,Brown,23,45,89,Moderate
33.1,7.1,6.4,25,Light Green,24,222,88,Moderate
24.9,7.0,7.6,9,Black,0,199,45,Moderate
32.7,7.5,7.2,24,Light Green,35,117,22,Moderate
24.5,9.1,3.3,15,Black,28,136,20,High
28.2,9.4,4.0,35,Brown,15,249,7,Moderate
29.3,8.7,6.1,6,Green,35,125,69,Moderate
33.7,7.3,6.6,19,Brown,15,223,146,Moderate
27.5,6.5,6.9,26,Black,6,103,116,Moderate
26.4,8.6,6.1,30,Brown,24,108,143,Moderate
25.3,8.5,3.3,14,Dark Green,1,170,139,Moderate
29.4,6.8,5.8,24,Light Green,0,86,94,Healthy
30.1,8.5,2.5,17,Black,15,76,25,Moderate
26.4,8.8,6.0,15,Brown,11,75,24,Healthy
32.5,7.4,5.7,27,Brown,38,56,39,Moderate
34.7,7.9,4.3,22,Green,12,29,112,Moderate
27.0,9.0,4.8,33,Light Green,25,230,138,Moderate
29.1,7.6,5.0,6,Dark Green,32,208,14,Moderate
24.8,9.4,5.7,27,Black,12,288,3,High
27.6,7.8,5.6,23,Black,0,283,144,Healthy
32.8,8.0,7.8,29,Light Green,1,253,16,Healthy
27.3,7.7,4.5,27,Black,6,163,53,Moderate
31.0,7.0,5.4,16,Black,10,97,148,Moderate
25.0,8.5,3.9,11,Dark Green,24,92,44,High
30.7,7.6,5.2,14,Black,15,237,98,Moderate
35.0,7.6,6.4,19,Brown,33,141,71,Moderate
25.4,6.5,2.2,19,Black,33,150,91,High
34.0,7.1,4.5,25,Black,18,78,47,High
33.2,8.4,4.9,6,Green,21,204,46,Moderate
31.6,8.7,5.2,8,Green,11,68,112,Healthy
34.5,6.9,2.6,14,Light Green,24,293,146,High
27.5,7.8,7.8,19,Dark Green,32,41,13,Moderate
30.2,7.1,5.9,22,Green,16,108,51,Moderate
26.3,8.1,4.7,32,Light Green,27,173,25,Moderate
24.6,8.1,6.3,29,Light Green,18,265,113,Moderate
28.8,8.8,6.3,18,Dark Green,35,106,71,Moderate
24.6,7.9,4.2,15,Light Green,2,232,117,Healthy
24.6,8.4,6.6,30,Green,26,202,40,Moderate
24.5,8.3,6.8,34,Brown,22,240,21,Moderate
30.0,9.1,2.8,17,Green,8,237,22,Moderate
27.4,6.8,3.3,22,Green,30,117,50,High
29.3,8.2,4.9,11,Light Green,24,37,21,Moderate
25.1,7.4,5.3,6,Black,12,138,82,Moderate
25.4,7.2,7.3,18,Brown,18,180,143,Moderate
34.5,7.5,2.2,23,Brown,40,110,84,High
25.5,7.5,5.0,19,Dark Green,37,25,126,Moderate
32.5,9.0,7.5,12,Dark Green,36,282,18,Moderate
25.5,8.5,3.4,33,Green,37,36,97,High
30.4,7.0,6.9,34,Dark Green,9,188,143,Moderate
31.2,8.5,3.1,6,Brown,6,77,48,Moderate
24.2,8.7,2.5,20,Brown,40,212,150,High
26.9,8.8,2.2,31,Brown,40,299,60,High
33.0,8.0,7.6,25,Light Green,25,131,63,Moderate
34.1,8.8,2.3,5,Green,5,147,34,Moderate
24.6,7.0,3.0,10,Dark Green,11,217,87,High
34.9,6.7,3.2,29,Black,30,269,26,High
28.6,8.3,2.4,10,Black,39,218,144,High
30.6,7.9,4.0,28,Green,37,189,121,Moderate
34.7,7.7,7.2,35,Dark Green,26,295,118,Moderate
31.8,8.8,3.8,25,Green,0,131,131,Moderate
24.1,8.8,8.0,18,Light Green,12,293,116,Moderate
24.6,7.2,5.4,31,Dark Green,27,263,144,High
24.3,9.2,4.7,33,Black,24,86,81,High
29.3,6.7,4.3,20,Green,28,134,26,Moderate
31.2,8.7,5.8,19,Brown,14,291,55,Moderate
24.5,9.0,6.4,22,Brown,25,210,102,Moderate
29.2,7.0,6.7,33,Brown,9,152,31,Healthy
31.6,8.3,6.2,10,Green,40,36,8,Moderate
32.4,8.3,2.7,8,Black,29,213,57,High
27.7,7.0,7.0,13,Brown,37,284,58,Moderate
26.7,9.4,4.3,25,Brown,30,298,28,Moderate
31.6,7.5,4.7,19,Green,26,103,65,Moderate
28.7,8.6,5.9,30,Brown,30,175,76,Moderate
32.3,9.3,4.0,19,Black,0,250,82,Moderate
32.9,8.8,4.1,29,Light Green,19,282,79,Moderate
24.5,9.0,2.7,13,Dark Green,12,178,37,High
32.4,8.5,3.1,29,Brown,17,182,54,High
33.4,7.1,6.6,30,Dark Green,8,231,139,Moderate
28.5,8.2,2.1,32,Dark Green,19,247,73,High
28.3,7.2,3.1,24,Black,11,25,106,High
33.3,7.7,7.9,10,Brown,10,269,115,Moderate
30.9,8.1,3.1,13,Green,37,138,127,Moderate
33.9,7.4,4.1,17,Black,31,122,21,High
28.8,7.1,6.3,30,Light Green,39,144,109,Moderate
26.9,7.6,7.8,7,Light Green,10,188,104,Healthy
29.7,7.2,5.4,33,Black,38,290,95,Moderate
24.4,8.9,2.6,11,Green,5,276,65,Moderate
27.1,8.5,6.5,16,Brown,24,279,129,Moderate
35.0,6.6,4.7,27,Light Green,37,220,46,High
30.6,7.0,7.0,33,Dark Green,34,111,86,Moderate
34.4,6.6,4.0,30,Black,23,162,2,High
24.8,7.8,5.6,10,Black,35,27,22,High
31.5,7.4,7.5,34,Brown,12,234,136,Moderate
26.3,7.8,6.3,9,Light Green,28,129,51,Healthy
25.7,7.0,5.0,11,Dark Green,19,191,58,High
33.7,8.2,8.0,32,Dark Green,2,87,72,Moderate
25.1,8.3,3.9,28,Brown,11,289,36,Moderate
28.7,7.1,3.3,10,Black,31,280,147,High
30.3,8.5,7.6,26,Black,26,166,13,Moderate
33.1,6.9,4.5,9,Black,38,274,2,High
30.6,9.4,7.1,26,Black,18,203,61,High
33.7,7.4,7.8,7,Black,4,133,13,Moderate
34.9,9.0,6.7,18,Green,10,241,17,Moderate
30.7,8.8,2.0,10,Dark Green,13,184,146,Moderate
26.1,9.4,6.1,29,Brown,10,46,20,Moderate
30.9,7.6,7.6,29,Light Green,33,263,84,Healthy
33.1,9.4,4.5,17,Brown,2,27,4,Moderate
34.3,9.2,7.3,18,Black,1,230,31,Moderate
25.1,8.5,5.9,8,Light Green,23,220,39,Moderate
26.7,8.4,3.5,13,Brown,12,113,9,Moderate
34.6,8.5,4.3,21,Green,14,257,136,Moderate
32.8,7.9,6.2,26,Brown,31,109,60,Moderate
32.7,9.0,2.6,24,Dark Green,10,172,28,High
26.4,7.7,3.5,35,Light Green,37,54,120,Moderate
31.3,8.9,4.7,8,Black,36,280,38,High
26.8,7.2,6.0,20,Dark Green,39,101,57,Moderate
25.1,9.2,5.9,34,Dark Green,40,158,3,High
29.4,7.8,3.0,20,Dark Green,29,221,66,High
31.6,8.3,5.5,5,Green,29,272,147,Moderate
34.2,7.4,6.3,8,Light Green,26,142,5,Moderate
24.4,7.9,7.6,5,Brown,3,233,136,Healthy
28.4,9.1,6.6,31,Black,8,256,96,Moderate
25.9,6.7,2.2,16,Brown,26,288,140,High
24.7,6.9,3.0,28,Brown,11,21,81,High
25.4,6.7,4.5,27,Green,19,283,79,High
30.3,8.7,7.4,14,Light Green,18,67,119,Moderate
28.6,6.9,2.2,24,Brown,16,95,37,High
24.4,8.7,2.3,30,Brown,40,249,101,High
27.5,8.1,2.6,23,Brown,26,43,58,Moderate
31.6,9.3,2.0,26,Dark Green,4,296,12,High
32.4,8.1,7.1,6,Dark Green,12,112,118,Moderate
25.0,6.5,3.1,7,Green,35,155,81,High
32.2,8.4,3.0,31,Green,17,178,132,Moderate
26.7,7.5,3.8,15,Light Green,33,152,36,Moderate
25.5,7.9,2.3,34,Black,21,227,89,High
30.0,6.6,4.1,15,Black,38,109,105,High
26.8,8.1,6.2,15,Brown,36,122,81,Moderate
29.2,9.2,2.6,28,Green,24,31,53,High
29.6,6.9,4.1,21,Brown,12,287,23,Moderate
31.5,8.7,2.4,18,Brown,6,90,12,Moderate
27.7,8.6,5.6,14,Black,15,156,22,Moderate
24.4,8.8,6.7,15,Green,34,66,45,Moderate
32.9,7.5,3.9,23,Black,14,115,15,High
28.3,8.7,5.6,30,Light Green,24,61,27,Moderate
27.6,6.6,6.5,35,Black,38,59,103,High
32.2,8.2,5.4,9,Black,27,150,130,Moderate
26.6,7.7,5.4,17,Brown,3,130,42,Healthy
26.4,7.9,2.6,24,Black,13,32,47,Moderate
34.7,6.7,3.6,32,Light Green,32,257,84,High
33.2,9.1,3.1,29,Black,34,36,134,High
30.1,9.4,7.5,14,Light Green,15,290,67,Healthy
29.2,9.1,4.8,15,Green,7,239,131,Moderate
28.8,9.1,2.8,25,Light Green,0,37,133,Moderate
34.5,8.0,2.1,33,Dark Green,9,33,136,High
26.6,8.0,2.8,6,Light Green,13,59,50,Moderate
29.6,7.3,5.9,12,Dark Green,20,158,52,Moderate
30.1,7.4,3.1,24,Light Green,29,44,65,Moderate
34.3,8.5,6.9,32,Light Green,12,26,30,Healthy
32.6,9.4,4.0,11,Green,26,81,41,Moderate
27.6,9.3,5.0,30,Brown,25,146,87,Moderate
34.6,8.5,6.1,9,Green,38,247,70,Moderate
24.3,9.3,6.7,18,Dark Green,13,83,92,Moderate
30.7,7.0,3.6,16,Green,34,101,102,Moderate
25.0,8.4,6.5,20,Green,16,99,40,Moderate
30.1,7.8,7.1,9,Dark Green,0,75,53,Healthy
25.6,7.9,2.1,11,Dark Green,0,55,75,Moderate
27.8,7.7,2.0,35,Green,37,36,72,Moderate
30.9,7.1,3.1,5,Dark Green,24,266,92,High
25.0,8.8,2.7,10,Black,20,31,89,High
24.2,8.9,6.7,35,Brown,28,264,99,Moderate
31.9,9.5,4.2,19,Dark Green,21,43,113,High
33.4,8.5,4.1,17,Light Green,25,290,96,Moderate
30.3,8.7,2.7,28,Black,34,192,19,High
32.0,6.9,3.5,14,Dark Green,12,241,119,High
33.5,8.3,6.0,30,Brown,26,139,150,Moderate
25.7,7.3,4.4,6,Green,36,150,64,Moderate
32.3,7.4,7.9,28,Dark Green,11,227,55,Moderate
24.1,9.4,2.9,23,Black,2,244,128,High
34.6,8.3,5.8,22,Dark Green,26,158,44,Moderate
29.4,7.2,6.0,33,Light Green,30,31,24,Moderate
31.3,8.3,2.1,12,Dark Green,35,104,129,High
33.8,9.0,4.1,24,Green,35,82,54,Moderate
27.4,7.4,7.8,6,Light Green,10,202,113,Healthy
34.2,8.7,6.7,7,Dark Green,16,180,37,High
27.9,8.6,6.9,6,Black,3,221,78,Moderate
32.1,9.2,7.2,5,Dark Green,39,137,150,High
31.9,9.1,7.4,26,Black,6,78,145,Moderate
31.5,8.3,7.1,25,Black,4,179,25,Moderate
26.3,8.1,7.8,21,Brown,31,271,23,Moderate
27.5,7.6,3.6,19,Light Green,27,219,103,Moderate
34.1,7.8,6.8,35,Light Green,30,98,150,Moderate
30.4,8.1,2.2,22,Light Green,13,204,53,Moderate
30.8,8.7,4.4,10,Black,16,73,82,High
34.7,9.2,6.7,12,Green,7,47,71,Moderate
32.6,6.9,5.0,20,Black,27,43,74,High
26.5,8.4,2.8,34,Brown,12,138,22,Moderate
24.1,8.2,5.4,23,Brown,20,149,149,Moderate
24.7,9.3,5.1,18,Green,39,269,77,Moderate
34.5,7.1,3.5,15,Black,32,63,11,High
33.4,9.1,5.1,19,Dark Green,19,277,54,High
30.4,9.0,2.2,25,Dark Green,4,104,36,Moderate
28.8,8.5,3.3,5,Black,18,154,123,High
33.7,7.4,4.9,15,Brown,19,299,105,High
32.7,8.1,2.7,26,Black,13,56,105,High
29.9,8.7,5.5,6,Black,9,108,26,Moderate
28.1,8.9,6.3,15,Green,25,261,48,Moderate
29.5,8.3,7.0,10,Dark Green,13,139,86,Healthy
34.4,6.6,6.5,6,Green,24,143,123,Moderate
30.0,9.1,6.4,28,Brown,30,92,118,Moderate
32.5,6.6,5.5,14,Green,0,27,18,Healthy
24.7,8.5,7.2,20,Black,22,88,98,High
27.5,9.2,4.0,17,Light Green,31,116,149,Moderate
24.9,8.5,6.0,20,Dark Green,7,298,38,Moderate
25.1,8.9,3.7,10,Dark Green,33,57,51,High
24.3,6.5,2.9,22,Black,32,157,23,High
33.6,7.0,3.0,15,Dark Green,30,183,87,High
32.7,8.4,2.6,32,Light Green,23,97,33,Moderate
29.8,7.5,5.2,16,Dark Green,21,87,132,Moderate
25.9,7.7,5.7,34,Dark Green,4,35,28,Moderate
27.7,6.6,6.3,26,Green,0,185,32,Healthy
24.7,6.9,2.9,6,Light Green,1,55,13,Moderate
24.4,7.3,7.2,17,Black,1,278,8,Moderate
24.3,8.8,7.3,11,Dark Green,32,195,47,High
32.0,8.8,5.2,30,Brown,13,195,143,Moderate
31.5,7.3,5.2,31,Black,2,267,34,Moderate
29.7,8.8,7.8,25,Black,15,71,118,Moderate
25.7,9.0,4.9,12,Black,25,34,22,High
26.4,8.3,2.3,22,Brown,28,31,113,Moderate
24.3,8.4,2.2,13,Light Green,34,234,148,High
28.4,7.5,5.8,31,Light Green,27,200,110,Healthy
26.5,9.3,4.0,26,Green,22,191,149,Moderate
26.5,7.5,5.3,7,Black,14,151,27,Moderate
34.4,6.8,2.5,19,Black,33,117,111,High
30.6,9.1,4.5,28,Black,32,193,100,High
28.3,8.9,7.4,14,Dark Green,15,292,28,Moderate
34.8,7.4,7.2,6,Dark Green,38,155,66,High
30.8,7.7,4.4,34,Green,18,37,32,Moderate
30.0,7.1,3.8,34,Light Green,10,283,119,Moderate
33.2,6.6,5.1,23,Light Green,37,89,81,Moderate
29.4,7.1,6.8,27,Black,15,245,23,Moderate
32.7,7.8,6.0,34,Brown,28,277,119,Moderate
26.7,8.5,2.7,16,Light Green,34,93,100,Moderate
24.1,8.6,6.4,6,Green,25,162,72,Moderate
26.4,7.9,4.4,20,Brown,33,211,137,Moderate
33.4,9.1,2.1,12,Green,40,35,107,High
24.1,8.7,3.6,11,Brown,13,25,83,High
24.5,9.4,5.8,12,Light Green,12,99,7,Moderate
25.9,9.3,4.6,33,Green,22,117,11,High
25.8,7.1,3.6,33,Black,5,26,79,High
27.3,8.2,4.1,32,Brown,16,103,81,Moderate
30.4,9.1,6.7,14,Brown,20,56,117,Moderate
27.7,8.6,2.7,15,Brown,39,260,7,High
34.2,8.0,8.0,9,Brown,4,59,55,Healthy
34.8,8.7,6.0,6,Brown,37,286,108,Moderate
25.2,8.8,4.0,24,Brown,5,224,44,Moderate
28.6,7.0,3.0,18,Dark Green,11,133,125,Moderate
32.0,7.0,5.3,11,Light Green,11,178,2,Healthy
31.5,7.0,7.1,19,Light Green,31,187,12,Moderate
33.6,9.1,5.9,10,Light Green,6,183,146,Moderate
34.2,9.4,7.0,22,Black,5,200,105,Moderate
29.0,7.3,5.0,32,Dark Green,35,22,35,Moderate
25.6,9.4,2.7,31,Light Green,4,226,73,Moderate
32.3,8.4,3.9,26,Brown,33,77,124,High
32.6,8.5,5.9,23,Light Green,27,149,25,Moderate
27.5,8.9,7.5,6,Green,19,73,135,Moderate
32.4,6.9,7.6,31,Light Green,6,188,100,Moderate
25.7,8.6,7.6,28,Green,0,278,105,Healthy
32.8,9.1,6.0,16,Light Green,13,124,119,Moderate
31.5,8.3,3.0,7,Black,29,145,12,High
25.9,7.3,3.2,10,Green,6,148,54,Moderate
31.4,9.0,2.9,31,Dark Green,38,218,80,High
34.6,9.0,6.2,14,Brown,3,86,43,Moderate
28.4,6.9,3.1,15,Black,14,163,10,High
28.5,7.6,6.2,14,Light Green,30,263,16,Healthy
33.5,8.4,6.7,29,Green,14,45,70,Healthy
31.2,9.3,2.5,10,Black,39,164,127,High
30.0,9.0,6.4,15,Black,6,125,121,Moderate
26.2,8.5,2.4,13,Black,1,133,89,Moderate
25.5,8.0,2.5,23,Dark Green,22,287,48,High
26.9,6.8,4.2,34,Dark Green,5,112,112,Moderate
30.7,7.5,4.7,7,Dark Green,25,104,93,Moderate
32.9,7.0,5.0,8,Green,25,232,38,Moderate
30.3,9.1,3.3,7,Light Green,6,153,45,Moderate
31.8,7.7,7.4,20,Light Green,36,130,104,Moderate
32.6,7.0,5.9,8,Black,10,162,61,Moderate
34.0,7.9,7.2,30,Black,26,94,3,High
31.1,9.2,2.2,7,Light Green,34,130,68,High
28.9,6.7,6.0,5,Black,28,120,29,High
25.0,6.7,3.1,6,Green,12,185,140,High
33.1,8.3,4.5,32,Brown,4,39,19,Moderate
32.5,8.6,7.3,24,Dark Green,30,244,91,Moderate
24.8,6.9,2.3,5,Green,1,109,77,Moderate
34.0,8.2,3.3,10,Green,8,115,2,Moderate
34.4,8.9,6.6,30,Light Green,40,235,39,Moderate
29.2,8.6,4.0,10,Brown,4,180,128,Healthy
24.7,9.2,4.2,30,Light Green,22,190,53,High
31.8,7.3,2.4,6,Black,26,113,140,High
32.6,7.4,6.4,25,Dark Green,24,63,46,Moderate
34.2,7.4,6.5,32,Light Green,25,226,138,Moderate
24.3,6.6,4.4,5,Brown,4,190,120,Moderate
30.8,8.7,7.9,29,Green,15,108,52,Healthy
31.1,8.5,2.0,14,Black,11,43,106,High
28.0,9.4,6.4,14,Green,18,231,129,Moderate
34.8,8.5,2.6,18,Black,22,195,133,High
28.6,6.8,4.5,14,Green,28,105,47,Moderate
29.4,8.9,4.3,33,Brown,9,186,64,Moderate
29.3,8.3,2.2,5,Brown,26,22,40,Moderate
34.5,8.7,7.6,34,Brown,23,246,58,Moderate
33.5,8.8,4.2,25,Dark Green,13,270,136,Moderate
34.1,8.0,3.9,12,Dark Green,28,152,135,High
25.7,6.5,3.1,23,Brown,5,235,44,High
25.8,7.1,2.8,20,Light Green,9,252,44,Moderate
29.6,6.9,4.8,7,Green,12,265,26,Moderate
34.7,6.8,7.9,33,Green,0,103,65,Moderate
25.0,8.7,7.6,29,Dark Green,30,182,109,High
29.7,9.0,2.1,35,Brown,31,63,12,High
26.8,7.6,5.9,33,Dark Green,39,77,97,Moderate
27.7,8.7,6.1,13,Dark Green,24,174,69,Moderate
24.8,7.6,6.6,33,Dark Green,27,115,21,Moderate
26.1,9.1,4.2,21,Black,14,147,27,Moderate
25.6,8.0,6.3,18,Light Green,34,50,34,Moderate
28.9,6.9,7.5,9,Black,31,57,77,High
32.4,8.0,5.8,35,Brown,14,148,112,Healthy
27.6,8.5,4.4,18,Dark Green,40,128,32,Moderate
27.9,8.3,4.6,25,Brown,19,147,145,Moderate
27.0,6.6,7.9,19,Light Green,17,26,41,Moderate
34.1,7.0,4.6,34,Dark Green,33,28,81,High
24.7,6.5,6.5,5,Black,15,25,91,High
27.8,7.0,4.9,10,Dark Green,6,175,59,Moderate
27.2,6.9,5.8,29,Dark Green,10,52,57,Moderate
26.1,8.9,4.6,14,Light Green,22,86,41,Moderate
34.5,7.3,5.4,18,Brown,35,234,22,Moderate
32.8,6.9,4.7,27,Light Green,33,234,25,Moderate
24.4,6.6,6.5,32,Dark Green,17,250,34,High
30.4,7.0,4.7,8,Black,29,208,99,High
33.5,7.7,5.6,13,Brown,32,105,118,Moderate
24.8,7.5,5.3,31,Green,6,225,80,Healthy
33.1,8.5,3.7,12,Black,14,220,139,High
26.2,8.1,7.7,11,Brown,20,200,34,Moderate
29.2,8.7,4.2,28,Green,32,221,61,Moderate
27.2,8.3,3.8,29,Dark Green,3,29,33,Moderate
27.3,9.2,2.3,19,Green,8,115,142,Moderate
25.5,7.4,6.6,34,Brown,27,95,143,Moderate
31.5,6.7,3.5,32,Dark Green,2,282,67,High
33.0,8.2,3.2,10,Dark Green,36,295,40,High
25.1,8.4,3.1,5,Dark Green,34,35,78,High
29.9,7.9,2.8,26,Dark Green,4,192,68,Moderate
26.4,7.5,2.2,28,Brown,1,29,31,Moderate
26.9,7.9,2.5,9,Green,9,240,35,Moderate
32.4,6.6,2.6,18,Light Green,17,149,71,High
34.8,8.9,7.0,5,Green,27,169,16,Moderate
33.1,6.6,3.5,29,Light Green,17,78,67,High
33.5,6.8,4.2,21,Black,11,89,38,High
29.1,8.1,6.2,23,Brown,40,122,109,Moderate
34.4,7.5,7.5,17,Light Green,26,39,9,Moderate
26.6,7.4,2.2,34,Green,8,73,43,Moderate
27.8,8.4,3.5,31,Dark Green,12,255,57,Moderate
33.9,9.3,4.6,5,Black,33,242,23,High
31.3,7.5,3.2,30,Light Green,8,159,37,Moderate
30.5,7.5,7.1,6,Brown,28,46,144,Moderate
27.2,7.7,2.5,32,Dark Green,38,193,88,High
30.7,6.9,3.3,17,Green,33,257,93,High
30.9,7.4,7.5,12,Black,6,246,61,Moderate
31.7,9.0,6.6,21,Green,13,40,7,Healthy
27.9,8.4,6.9,29,Dark Green,20,99,119,Moderate
27.9,7.8,5.1,30,Brown,9,268,72,Healthy
29.1,7.1,7.6,22,Green,37,190,145,Moderate
29.7,8.0,7.5,13,Black,38,297,58,Moderate
26.5,7.2,2.4,28,Dark Green,35,36,57,High
25.9,8.1,4.9,12,Black,4,106,144,Moderate
28.0,8.7,2.8,33,Brown,1,159,130,Moderate
26.3,8.1,2.6,10,Brown,2,61,35,Moderate
26.5,6.8,7.0,35,Light Green,12,174,5,Healthy
33.6,7.9,2.3,29,Brown,22,290,111,High
33.6,7.9,2.3,8,Dark Green,36,161,92,High
26.4,8.0,7.7,29,Dark Green,1,157,116,Healthy
33.7,7.3,3.4,34,Dark Green,38,159,22,High
33.1,8.2,7.7,9,Light Green,37,71,52,Moderate
29.0,7.9,3.9,35,Dark Green,18,185,26,High
31.0,9.1,3.8,26,Dark Green,24,106,119,High
32.8,8.2,5.5,25,Black,33,103,86,Moderate
33.2,7.5,5.7,27,Green,36,234,50,Moderate
33.4,8.4,6.8,21,Brown,38,122,138,Moderate
28.3,8.4,6.1,10,Light Green,12,52,118,Healthy
25.7,9.0,2.4,14,Green,38,138,98,High
32.4,7.3,7.0,17,Black,12,200,79,Moderate
25.1,7.7,4.0,35,Green,32,107,36,Moderate
32.9,6.6,2.4,27,Black,13,179,97,High
24.0,8.8,3.1,13,Green,14,66,83,Moderate
24.7,7.5,5.9,22,Green,16,238,3,Moderate
34.4,7.6,5.1,31,Black,23,159,122,High
25.7,6.8,2.6,10,Green,17,213,97,High
29.5,6.7,5.3,6,Dark Green,26,275,31,Moderate
26.5,8.4,3.3,20,Green,27,269,34,Moderate
25.8,9.2,6.7,25,Brown,23,54,101,High
31.5,7.0,7.9,18,Light Green,21,216,139,Moderate
24.8,9.3,4.7,27,Black,3,103,90,High
24.4,7.9,2.4,12,Dark Green,12,30,130,High
25.1,7.9,5.7,31,Green,11,117,12,Healthy
27.9,8.5,5.0,28,Light Green,23,266,83,Healthy
29.3,9.0,6.0,21,Dark Green,33,78,143,Moderate
26.5,7.3,4.1,16,Dark Green,27,42,150,Moderate
29.2,7.3,3.1,35,Dark Green,31,213,16,High
25.4,7.0,5.8,28,Green,33,116,109,Moderate
32.0,7.5,7.0,7,Light Green,16,74,108,Moderate
26.7,6.6,3.1,10,Black,13,30,137,High
28.4,7.7,6.6,6,Light Green,17,108,19,Healthy
33.5,7.8,7.3,29,Brown,29,150,38,Moderate
32.9,8.1,7.3,7,Black,36,22,69,Moderate
34.9,7.2,4.8,26,Black,36,59,105,High
30.0,9.0,3.9,9,Green,9,255,20,Moderate
34.9,8.8,7.2,26,Brown,11,242,111,Moderate
25.8,9.4,7.7,14,Dark Green,22,33,84,High
33.1,8.8,3.6,23,Black,7,278,32,High
32.2,7.2,4.1,31,Green,10,229,106,Moderate
30.7,6.7,3.5,22,Dark Green,23,75,61,High
31.3,7.3,2.8,34,Light Green,22,145,141,High
31.2,8.7,6.9,7,Light Green,13,190,118,Healthy
27.9,7.6,6.2,11,Green,8,267,118,Healthy
32.3,8.7,6.5,28,Brown,31,192,64,Moderate
27.5,8.9,4.4,21,Dark Green,26,192,38,Moderate
26.9,7.2,3.0,21,Brown,16,99,139,High
30.7,8.2,6.1,35,Brown,26,259,73,Moderate
27.1,8.2,4.1,13,Green,40,149,128,Moderate
24.0,7.4,4.3,17,Black,39,154,118,High
24.3,8.1,6.7,25,Brown,14,205,42,Moderate
30.1,8.1,6.2,26,Light Green,9,118,142,Healthy
29.8,8.6,5.0,26,Black,11,275,41,Moderate
32.9,6.7,4.1,27,Dark Green,40,218,85,High
24.6,9.3,6.7,27,Light Green,33,124,118,Moderate
34.7,8.2,3.1,17,Brown,28,257,44,High
35.0,9.0,6.4,26,Brown,14,92,32,Moderate
31.5,7.4,4.0,31,Brown,24,257,62,Moderate
26.2,8.1,6.0,35,Light Green,8,142,100,Healthy
30.4,8.7,5.4,22,Brown,20,296,20,Moderate
25.7,7.7,3.1,21,Black,8,165,80,High
25.6,8.2,7.9,24,Dark Green,30,256,19,Moderate
31.8,6.9,3.6,9,Brown,12,61,90,High
31.6,9.0,2.4,17,Dark Green,2,86,93,Moderate
29.3,8.9,6.1,8,Light Green,38,135,4,Moderate
27.5,6.5,5.8,8,Light Green,24,102,15,Moderate
29.9,7.0,4.2,10,Light Green,10,86,28,Healthy
34.7,8.1,6.0,19,Brown,19,73,145,Moderate
29.5,7.2,2.2,7,Light Green,13,88,138,Moderate
32.7,8.2,6.6,24,Green,8,118,39,Healthy
32.1,7.1,7.2,5,Light Green,27,273,73,Moderate
29.0,6.6,7.1,19,Light Green,17,62,119,Moderate
26.9,9.1,5.3,33,Dark Green,33,83,54,Moderate
31.0,9.4,4.2,23,Light Green,21,293,44,Moderate
33.2,8.7,2.3,5,Black,4,143,95,High
25.0,7.8,5.8,25,Dark Green,7,58,70,Moderate
29.8,7.9,7.9,13,Brown,16,153,18,Moderate
29.1,6.6,6.1,11,Green,17,71,62,Moderate
25.6,8.4,6.2,6,Light Green,30,158,80,Moderate
31.8,8.6,7.4,22,Brown,9,40,124,Moderate
24.5,6.9,4.6,15,Light Green,39,180,7,High
29.8,8.7,2.9,20,Light Green,21,153,114,Moderate
29.5,9.0,6.9,34,Black,12,83,42,Moderate
28.9,6.8,2.4,34,Light Green,17,178,128,High
25.2,8.9,7.4,31,Black,30,223,145,High
26.5,7.1,3.4,32,Brown,8,188,78,Moderate
33.6,8.3,4.8,19,Green,22,273,84,Moderate
28.6,8.9,6.8,20,Green,14,23,83,Healthy
28.5,7.4,2.8,15,Black,17,258,70,High
31.1,7.4,2.9,13,Black,14,120,1,High
31.0,8.7,5.7,29,Brown,23,290,69,Moderate
32.0,8.8,4.4,24,Green,1,266,106,Healthy
33.7,8.1,8.0,21,Green,25,29,49,Moderate
25.4,6.9,7.2,12,Light Green,13,279,41,Moderate
29.5,6.9,4.1,22,Green,27,86,110,Moderate
29.2,6.8,5.4,11,Black,33,216,6,High
30.3,8.5,5.6,35,Light Green,27,26,98,Healthy
31.0,6.9,3.9,33,Green,9,123,7,Moderate
29.9,9.0,3.2,6,Green,21,250,130,Moderate
30.8,7.8,2.0,24,Light Green,15,216,17,Moderate
28.7,9.1,6.6,22,Green,5,50,44,Healthy
27.2,6.7,7.1,12,Light Green,4,225,123,Healthy
26.1,6.9,5.0,19,Brown,20,41,65,Moderate
24.2,8.0,5.6,16,Brown,0,77,2,Healthy
24.0,9.1,2.1,17,Dark Green,40,294,84,High
29.8,7.4,5.7,14,Light Green,12,185,63,Healthy
27.3,9.2,8.0,28,Light Green,19,214,116,Moderate
32.1,8.6,2.2,25,Black,16,152,57,High
24.2,7.9,4.5,7,Dark Green,4,200,49,Moderate
27.1,6.8,6.3,29,Dark Green,36,74,25,Moderate
26.8,6.8,3.0,27,Black,8,255,87,High
24.6,7.8,5.4,29,Green,17,29,126,Moderate
33.2,7.5,3.6,34,Light Green,20,155,129,High
34.4,8.3,3.7,12,Green,34,234,64,High
31.7,9.0,6.5,29,Dark Green,28,178,10,Moderate
24.2,6.8,6.6,35,Black,34,278,124,High
33.8,7.1,4.5,32,Brown,29,195,51,High
33.3,7.1,2.8,11,Brown,10,93,81,High
28.1,9.4,6.2,17,Dark Green,10,160,59,Moderate
33.9,7.1,3.0,16,Brown,26,282,110,High
26.9,6.6,3.7,6,Black,38,166,53,High
31.2,7.0,2.3,12,Dark Green,18,237,69,High
25.6,9.2,2.7,11,Brown,21,287,104,High
25.6,8.9,3.5,30,Green,37,201,33,High
31.8,8.6,7.7,16,Black,11,85,144,Moderate
24.9,7.8,2.7,21,Dark Green,1,88,15,Moderate
31.9,7.7,3.4,26,Black,17,205,124,High
34.1,9.5,2.7,29,Brown,33,68,19,High
33.8,9.0,3.1,24,Black,10,106,106,High
25.5,8.7,6.7,32,Brown,39,99,88,Moderate
34.4,9.0,7.0,35,Dark Green,14,299,124,Moderate
24.6,7.1,7.9,9,Dark Green,31,242,4,High
34.2,8.2,4.0,16,Light Green,13,235,95,Moderate
32.2,6.9,6.8,10,Brown,21,40,83,Moderate
30.7,7.7,6.3,13,Dark Green,5,156,112,Healthy
27.4,8.0,6.9,20,Black,36,109,72,Moderate
26.0,8.8,3.1,15,Black,33,153,106,High
29.4,7.3,5.3,29,Black,10,146,10,Moderate
25.2,8.4,4.1,22,Black,31,244,87,High
29.2,7.2,3.5,21,Dark Green,32,145,24,High
34.7,9.5,6.1,25,Light Green,16,87,31,Moderate
24.7,9.4,6.9,6,Black,40,185,39,High
29.3,8.3,4.5,12,Brown,13,110,135,Healthy
28.5,8.8,3.8,16,Dark Green,13,100,147,Moderate
27.8,8.0,7.1,29,Light Green,25,163,23,Healthy
33.4,7.4,4.0,21,Dark Green,12,56,148,Moderate
31.6,6.6,7.2,33,Brown,26,31,16,Moderate
29.7,6.8,5.1,33,Green,20,194,16,Moderate
34.4,7.5,5.7,34,Light Green,5,180,90,Healthy
29.5,7.6,2.7,24,Black,34,83,117,High
29.8,9.3,2.6,29,Brown,18,177,133,High
33.0,6.8,7.3,20,Dark Green,3,46,5,Moderate
27.4,7.0,7.8,17,Black,6,186,15,Moderate
32.3,9.4,6.1,14,Light Green,22,102,28,Moderate
31.1,8.8,6.2,12,Green,24,275,122,Moderate
25.8,6.9,2.7,11,Dark Green,24,243,42,High
29.4,9.5,2.5,15,Dark Green,39,254,23,High
31.9,7.3,5.3,19,Dark Green,30,125,137,Moderate
31.7,7.4,3.0,7,Light Green,15,116,3,Moderate
32.0,6.8,2.9,28,Green,28,207,95,High
24.1,6.6,7.6,14,Green,31,241,142,Moderate
24.4,8.3,5.5,25,Dark Green,37,246,87,Moderate
25.0,8.6,7.3,16,Green,5,277,47,Healthy
25.0,7.5,4.6,22,Dark Green,1,135,79,Moderate
34.3,9.4,5.4,30,Light Green,2,299,107,Moderate
26.6,8.1,4.8,14,Dark Green,1,26,104,Healthy
32.4,9.2,5.4,5,Black,39,77,55,High
34.6,6.9,6.4,21,Green,4,200,37,Moderate
29.6,9.0,5.3,7,Dark Green,12,30,46,Moderate
32.2,7.3,6.7,31,Brown,14,52,108,Moderate
33.8,8.7,3.4,16,Light Green,12,285,107,Moderate
30.4,9.3,2.3,5,Light Green,24,275,80,High
34.7,8.3,3.8,7,Dark Green,21,270,70,High
31.0,7.9,6.8,19,Dark Green,27,177,122,Moderate
27.0,9.0,4.3,18,Brown,32,90,52,Moderate
30.6,8.6,2.0,10,Green,29,245,54,Moderate
25.4,9.3,4.0,8,Black,29,145,99,High
24.5,9.3,3.0,9,Brown,28,81,100,High
30.3,6.6,4.0,16,Green,37,241,1,Moderate
33.2,7.7,7.0,7,Light Green,36,33,4,Moderate
26.7,8.8,7.7,16,Green,15,104,138,Healthy
26.3,7.9,6.5,24,Dark Green,3,236,142,Healthy
28.6,8.2,6.3,27,Light Green,18,112,95,Healthy
30.8,7.7,3.3,14,Black,10,157,11,Moderate
25.8,9.0,5.2,35,Brown,13,59,51,Moderate
25.8,8.8,4.8,19,Dark Green,2,116,10,Moderate
32.1,6.7,7.5,10,Black,32,22,113,High
34.7,8.0,7.9,28,Brown,18,194,87,Moderate
34.6,8.3,6.6,13,Light Green,30,147,115,Moderate
31.7,7.1,3.4,7,Dark Green,0,187,49,Moderate
30.9,8.2,7.7,16,Dark Green,31,267,42,Moderate
26.0,8.3,4.2,21,Brown,32,202,119,Moderate
27.7,6.9,7.5,5,Brown,4,286,45,Healthy
31.3,6.7,2.1,25,Black,6,212,129,High
26.9,8.0,6.2,35,Black,26,163,90,Moderate
33.1,7.1,2.7,10,Brown,35,116,84,High
34.3,9.3,4.6,7,Black,1,117,61,High
33.1,7.9,3.4,27,Light Green,26,124,45,High
32.5,9.0,2.1,12,Brown,28,130,36,High
34.2,7.4,4.7,6,Light Green,33,212,44,Moderate
29.8,9.4,3.9,9,Dark Green,38,186,145,High
26.2,8.0,5.3,32,Black,37,248,107,Moderate
29.7,6.8,6.7,13,Black,20,123,145,High
29.4,8.4,8.0,25,Green,37,175,35,Healthy
28.2,9.1,7.9,10,Brown,38,49,47,Moderate
31.6,8.9,3.9,12,Green,9,95,114,Moderate
32.1,7.4,6.8,8,Brown,23,33,40,Moderate
29.8,8.7,4.9,17,Green,30,52,131,Moderate
33.4,8.5,6.6,31,Brown,3,194,106,Healthy
31.1,7.3,5.4,15,Dark Green,3,189,109,Moderate
26.9,8.3,5.1,20,Black,16,158,106,Moderate
27.8,9.3,7.9,29,Green,20,257,29,Moderate
32.3,6.8,7.2,35,Brown,23,67,114,Moderate
28.9,7.5,3.2,21,Dark Green,30,200,145,High
31.6,8.7,6.3,10,Green,17,71,70,Moderate
32.6,8.9,3.6,29,Dark Green,8,149,38,High
24.2,7.6,5.5,16,Brown,10,24,19,Moderate
26.5,7.6,5.5,5,Brown,26,102,132,Moderate
25.8,9.3,5.4,20,Dark Green,23,238,29,High
31.0,7.3,4.3,35,Brown,2,76,6,Healthy
27.8,7.9,7.8,28,Green,16,256,44,Healthy
34.6,8.9,3.7,8,Black,35,164,80,High
25.3,8.4,5.9,34,Green,30,205,81,Moderate
34.7,6.9,6.6,13,Brown,25,97,77,High
32.3,7.1,3.1,15,Dark Green,5,151,19,Moderate
28.7,7.4,5.8,26,Dark Green,23,95,29,Moderate
33.0,9.1,4.8,9,Black,34,133,131,High
25.4,8.3,6.7,8,Green,23,100,144,Moderate
32.9,6.8,5.3,11,Green,20,66,43,Moderate
29.2,9.1,7.5,15,Black,8,227,142,Moderate
31.6,7.8,4.9,26,Green,20,113,33,Moderate
32.7,7.1,4.0,26,Black,1,166,42,Moderate
32.7,6.5,7.9,19,Brown,40,291,65,Moderate
34.2,8.5,4.4,14,Black,31,195,17,High
34.5,9.3,7.7,23,Dark Green,1,201,77,Moderate
28.2,8.5,2.0,27,Black,30,280,32,High
33.9,6.6,7.8,12,Brown,0,210,2,Moderate
25.0,7.3,7.2,35,Black,5,270,132,Moderate
29.5,9.1,2.3,24,Dark Green,24,117,32,High
29.0,8.5,7.5,26,Dark Green,40,290,40,Moderate
26.6,7.4,4.0,22,Black,1,74,9,Moderate
34.4,8.1,7.4,7,Brown,31,203,119,Moderate
30.1,7.4,2.2,35,Green,17,285,87,Moderate
34.3,9.4,6.4,35,Black,30,44,57,High
34.9,9.4,4.7,11,Dark Green,9,167,85,High
34.7,8.7,6.3,32,Light Green,10,188,140,Moderate
29.5,8.5,4.9,23,Light Green,27,205,96,Moderate
29.7,9.4,3.7,32,Dark Green,0,267,147,Moderate
29.8,7.4,7.9,20,Green,13,167,111,Healthy
28.6,8.4,4.2,31,Dark Green,24,246,84,Moderate
30.2,9.3,5.6,12,Light Green,39,292,3,Moderate
33.8,9.4,4.3,34,Dark Green,25,255,79,High
26.1,7.7,5.5,26,Light Green,40,248,37,Healthy
34.7,7.7,7.6,14,Green,16,242,59,Moderate
27.3,8.2,2.2,7,Light Green,37,114,49,Moderate
34.9,8.6,2.4,13,Black,12,171,34,High
27.8,9.1,3.5,35,Black,11,29,140,High
29.4,7.3,5.7,20,Dark Green,34,204,140,Moderate
31.2,8.4,7.2,12,Brown,28,121,29,Moderate
26.6,9.0,5.8,31,Brown,21,238,25,Moderate
25.1,7.3,4.7,17,Brown,38,241,54,High
33.1,9.2,7.5,7,Light Green,40,79,31,Moderate
24.5,6.9,7.6,20,Brown,27,169,52,High
32.1,8.4,3.8,35,Brown,17,220,106,High
33.4,7.5,2.2,30,Green,18,182,19,High
24.5,7.6,2.5,23,Dark Green,3,245,122,Moderate
30.5,6.9,4.8,16,Light Green,37,272,115,Moderate
32.3,6.6,3.7,16,Black,3,298,126,High
30.9,7.9,6.7,26,Dark Green,34,144,80,Moderate
31.5,8.0,4.2,23,Black,39,287,149,High
28.9,7.1,3.6,11,Light Green,11,160,76,Moderate
25.1,6.9,3.8,5,Brown,17,74,146,High
28.1,8.0,5.9,12,Black,10,169,148,Moderate
27.9,7.6,6.0,9,Green,7,59,58,Healthy
31.4,9.0,3.3,19,Green,32,228,13,High
24.7,7.1,3.6,19,Brown,18,148,113,High
33.8,9.3,4.8,20,Dark Green,18,20,36,High
28.3,6.5,5.2,27,Green,10,213,144,Healthy
28.4,6.7,7.4,9,Brown,37,207,107,Moderate
24.7,8.1,2.8,16,Green,16,120,27,High
24.3,7.8,7.1,15,Black,26,274,38,High
24.7,7.2,3.0,27,Green,16,23,72,High
31.0,6.6,4.5,25,Light Green,14,36,120,Moderate
33.4,7.6,5.7,34,Dark Green,13,219,53,Moderate
34.3,6.7,7.0,27,Light Green,18,287,57,Moderate
27.5,7.7,3.3,14,Brown,29,237,100,Moderate
30.5,8.6,6.2,21,Black,8,168,103,Moderate
32.2,8.8,6.7,17,Green,35,258,3,Moderate
30.1,6.6,3.9,15,Green,18,280,148,High
26.2,8.7,3.5,14,Dark Green,34,51,119,High
32.8,9.1,8.0,9,Dark Green,1,127,105,Moderate
34.2,7.7,2.8,30,Light Green,1,53,148,Moderate
34.2,8.6,7.8,30,Light Green,20,36,72,Moderate
34.7,7.4,2.3,17,Green,33,76,48,High
31.6,9.0,3.7,20,Light Green,31,279,100,High
31.8,8.6,5.7,18,Black,40,43,2,High
32.5,8.2,2.1,34,Green,11,146,134,Moderate
30.1,7.6,2.7,26,Green,6,228,1,Moderate
34.2,8.6,3.2,12,Green,8,285,101,Moderate
30.9,9.2,6.8,31,Black,30,140,55,High
32.6,6.5,6.3,30,Brown,23,69,94,Moderate
26.5,9.4,6.7,33,Green,3,237,69,Healthy
31.7,8.8,5.4,10,Brown,28,143,147,Moderate
29.1,8.9,7.3,9,Light Green,3,264,29,Healthy
28.2,7.0,5.4,14,Light Green,3,231,47,Healthy
31.6,8.3,2.5,10,Brown,36,92,39,High
29.3,8.0,2.7,30,Brown,22,218,84,Moderate
29.2,8.1,6.9,13,Brown,29,34,31,Moderate
32.6,8.8,4.7,28,Black,37,229,12,High
29.6,8.5,7.6,26,Brown,30,30,49,Moderate
29.4,6.6,4.9,29,Black,38,229,57,High
30.9,8.3,4.6,35,Light Green,38,211,103,Moderate
33.5,8.8,5.8,24,Brown,9,198,58,Moderate
33.1,8.2,2.3,17,Light Green,10,162,131,Moderate
26.5,9.3,4.9,25,Black,24,178,55,High
30.3,7.2,3.4,6,Dark Green,24,276,57,High
30.2,7.7,6.1,25,Black,0,133,83,Healthy
31.4,9.4,5.2,21,Light Green,14,214,46,Moderate
32.6,8.5,6.6,29,Brown,13,51,129,Healthy
30.9,8.0,7.8,16,Black,35,283,25,Moderate
24.1,8.6,5.6,22,Black,10,215,104,Moderate
27.5,8.3,2.3,32,Light Green,10,297,98,Moderate
31.4,9.1,3.3,27,Dark Green,31,183,123,High
24.9,7.6,4.8,21,Black,40,90,47,High
32.9,7.6,7.0,34,Black,16,271,115,Moderate
34.0,7.7,2.2,30,Light Green,3,133,93,Moderate
33.7,8.0,2.4,25,Black,20,111,18,High
28.3,6.9,5.7,27,Green,7,43,99,Healthy
29.9,8.5,7.2,18,Black,10,26,55,Moderate
30.7,7.5,3.3,16,Light Green,26,254,140,Moderate
28.3,9.2,4.4,8,Black,17,139,121,High
31.3,7.0,6.5,21,Black,1,147,81,Moderate
26.2,6.8,2.5,21,Black,10,25,64,High
24.4,6.6,6.9,22,Dark Green,7,30,116,Moderate
33.5,7.1,2.7,9,Green,12,263,57,Moderate
27.0,9.5,3.5,7,Light Green,1,53,136,Moderate
34.0,8.2,2.5,17,Light Green,3,39,77,Moderate
34.1,9.3,3.9,25,Brown,7,219,125,High
24.0,9.1,5.8,22,Green,5,210,76,Moderate
33.8,7.7,5.4,10,Black,5,228,13,Moderate
34.5,8.7,2.7,35,Light Green,5,199,90,Moderate
30.0,8.7,4.8,17,Brown,37,81,121,Moderate
35.0,9.2,3.5,18,Light Green,15,238,77,High
27.5,7.5,7.7,24,Dark Green,9,106,90,Healthy
31.3,7.2,2.7,14,Dark Green,5,96,142,Moderate
29.1,7.4,6.3,6,Black,35,84,101,Moderate
34.1,7.9,7.3,8,Black,10,57,56,Moderate
29.3,8.7,3.0,33,Dark Green,39,68,129,High
26.5,8.0,5.2,23,Green,30,120,56,Healthy
26.9,8.7,7.6,29,Black,29,263,31,Moderate
31.7,9.0,5.4,7,Green,36,133,48,Moderate
34.8,6.9,2.3,16,Black,36,70,33,High
26.2,7.6,7.4,19,Green,40,255,27,Healthy
32.1,8.4,6.6,20,Light Green,28,117,36,Moderate
33.7,7.2,4.6,32,Light Green,18,111,103,Moderate
28.2,7.2,4.6,7,Light Green,2,195,143,Healthy
24.3,9.1,8.0,10,Light Green,6,202,58,Moderate
26.4,9.4,7.2,16,Dark Green,27,51,93,Moderate
33.9,7.6,6.6,35,Brown,16,227,139,Moderate
30.3,8.9,6.9,18,Light Green,11,169,49,Healthy
31.2,7.6,5.1,7,Black,8,24,40,Moderate
28.8,7.5,4.9,14,Black,1,240,90,Moderate
34.3,7.6,2.5,35,Black,18,156,57,High
24.5,8.9,7.9,22,Light Green,27,88,124,Moderate
30.7,8.9,2.7,12,Light Green,33,234,81,Moderate
31.6,8.4,6.2,26,Light Green,35,166,66,Moderate
33.4,7.2,4.9,17,Black,20,294,88,High
28.9,7.4,4.7,9,Green,40,187,29,Moderate
33.2,7.9,5.1,29,Green,19,146,33,Moderate
29.5,7.0,3.1,15,Dark Green,18,42,113,High
26.4,8.7,7.4,18,Dark Green,18,54,31,Moderate
28.7,6.7,4.8,29,Dark Green,34,158,111,High
28.0,9.5,4.4,18,Black,11,35,128,Moderate
30.7,6.6,2.5,5,Green,40,105,78,High
25.7,6.9,3.5,26,Light Green,26,280,12,High
33.7,6.9,4.5,32,Dark Green,11,260,40,High
32.1,7.9,7.4,16,Green,10,25,130,Healthy
26.8,6.6,6.6,32,Dark Green,35,173,101,Moderate
32.5,9.4,2.5,12,Green,4,152,132,Moderate
34.5,6.6,2.2,25,Light Green,12,181,52,High
31.9,7.6,6.3,18,Light Green,3,133,63,Healthy
30.9,7.2,7.3,25,Black,37,251,109,Moderate
27.4,9.3,7.7,33,Light Green,2,117,124,Healthy
24.2,7.3,7.4,13,Black,24,98,87,High
31.2,6.9,6.0,6,Light Green,32,46,49,Moderate
31.5,7.2,7.9,29,Brown,22,190,147,Moderate
30.1,7.1,2.1,8,Black,36,111,60,High
26.6,6.8,6.1,13,Green,40,66,103,Moderate
26.6,8.9,3.3,33,Black,23,76,96,High
30.3,6.5,5.9,32,Green,30,85,85,Moderate
26.5,6.9,7.4,11,Light Green,14,265,70,Healthy
27.5,7.7,3.1,14,Green,33,204,129,Moderate
32.5,9.0,5.6,22,Light Green,18,170,40,Moderate
31.8,6.8,6.3,13,Black,7,36,128,Moderate
28.2,8.0,5.7,19,Black,34,93,39,Moderate
25.0,9.2,6.3,17,Green,3,285,138,Moderate
34.8,8.8,5.1,21,Light Green,14,96,51,Moderate
27.6,7.7,3.3,35,Green,28,59,14,Moderate
29.0,9.0,6.2,24,Black,12,221,58,Moderate
25.9,8.2,5.5,22,Black,32,292,18,High
29.7,8.4,2.6,21,Light Green,21,69,91,Moderate
32.2,7.6,5.2,21,Green,3,225,134,Healthy
33.8,9.4,7.0,12,Green,34,264,11,Moderate
26.0,6.6,5.2,22,Brown,21,181,93,Moderate
31.4,8.5,5.5,32,Dark Green,39,267,29,Moderate
30.5,6.7,5.1,18,Brown,36,150,80,Moderate
27.0,7.4,2.6,9,Dark Green,23,47,111,High
27.3,9.4,3.4,35,Brown,21,54,23,High
24.7,9.4,3.4,19,Black,22,142,34,High
32.9,7.8,5.2,7,Light Green,7,112,3,Healthy
31.1,7.0,5.7,8,Brown,15,36,98,Moderate
28.3,7.6,2.2,14,Light Green,3,141,125,Healthy
28.9,8.5,4.1,11,Brown,6,131,91,Healthy
29.6,6.8,5.3,19,Brown,25,22,32,Moderate
28.4,9.1,4.0,14,Green,12,222,47,Moderate
32.9,7.1,2.8,34,Dark Green,14,43,77,High
27.1,8.6,6.8,6,Light Green,31,150,128,Moderate
28.9,7.4,3.5,8,Black,7,216,13,High
30.3,7.0,3.2,22,Brown,16,240,8,High
29.1,7.8,3.8,17,Dark Green,16,104,49,High
31.2,8.4,6.0,34,Green,24,140,105,Moderate
29.7,8.8,3.4,11,Light Green,3,243,122,Moderate
25.5,6.6,5.2,21,Dark Green,5,289,99,Moderate
31.3,8.3,3.0,9,Green,3,256,69,Moderate
27.5,6.9,3.3,31,Dark Green,5,140,68,Moderate
30.9,6.8,2.8,16,Black,9,141,9,High
26.4,8.6,4.8,18,Brown,7,56,72,Moderate
26.9,7.4,3.6,14,Brown,28,38,132,High
29.2,8.8,5.0,27,Light Green,1,228,140,Healthy
27.9,8.2,2.6,35,Brown,24,225,31,Moderate
27.9,6.7,4.4,18,Black,18,250,80,High
28.7,8.3,3.7,25,Dark Green,20,22,65,High
34.2,9.4,2.5,29,Green,29,59,44,High
32.7,7.1,6.0,35,Green,16,250,112,Moderate
30.6,8.0,3.1,35,Dark Green,2,51,84,Moderate
31.8,6.8,4.0,6,Dark Green,21,65,108,High
33.9,7.8,7.8,17,Green,17,120,121,Moderate
26.9,7.5,3.4,23,Black,28,122,90,High
28.8,7.2,7.7,23,Brown,17,163,68,Moderate
25.5,8.0,2.4,7,Green,39,109,143,High
29.3,8.8,3.6,14,Dark Green,18,227,132,High
24.8,9.1,5.5,23,Black,30,270,142,High
31.1,9.1,6.0,6,Green,16,254,32,Moderate
27.5,8.0,7.0,25,Green,10,31,122,Healthy
34.1,8.5,7.0,18,Black,22,164,105,High
29.5,8.6,2.9,30,Black,32,239,5,High
30.7,9.0,2.5,11,Green,35,155,57,Moderate
27.6,8.2,2.9,9,Light Green,40,129,141,Moderate
32.2,8.5,7.4,5,Green,10,149,46,Healthy
24.0,8.0,7.0,28,Green,36,30,76,Moderate
24.3,9.2,4.6,19,Brown,15,84,21,Moderate
24.6,8.0,3.7,18,Dark Green,37,148,9,High
27.4,9.3,4.5,25,Black,0,189,106,Moderate
25.0,6.9,4.7,14,Black,38,21,40,High
32.2,8.7,2.2,13,Dark Green,23,150,59,High
24.9,8.6,2.9,31,Black,40,82,35,High
28.7,6.5,2.3,7,Dark Green,17,241,150,High
31.4,6.6,5.7,19,Black,12,108,94,Moderate
25.0,7.5,3.0,18,Green,27,180,142,High
27.4,8.3,7.0,15,Light Green,22,130,87,Healthy
25.8,8.7,5.2,6,Black,39,265,113,High
25.8,8.3,5.3,22,Black,29,294,69,High
28.0,9.0,4.4,12,Dark Green,27,240,128,Moderate
30.7,7.8,3.4,21,Light Green,27,71,80,Moderate
31.7,8.3,6.4,26,Dark Green,23,290,45,Moderate
28.1,8.9,7.5,8,Green,13,168,10,Healthy
30.3,8.1,6.4,26,Light Green,8,164,30,Healthy
28.2,8.9,6.8,10,Brown,27,187,84,Moderate
28.8,8.0,2.6,8,Light Green,18,46,58,Moderate
31.8,7.0,6.9,13,Green,31,258,96,Moderate
24.7,7.2,5.2,14,Green,31,68,64,Moderate
24.2,7.4,4.4,5,Black,13,57,27,High
30.2,8.1,5.5,19,Green,2,93,133,Healthy
26.6,8.1,3.7,34,Green,34,77,60,Moderate
24.5,6.8,2.2,32,Brown,16,75,38,High
33.3,7.5,7.4,25,Black,36,68,145,High
33.1,7.4,7.3,27,Light Green,19,267,134,Moderate
32.4,9.0,2.4,19,Dark Green,22,108,46,High
27.8,6.5,2.5,15,Black,24,295,119,High
34.2,7.3,3.0,23,Black,1,92,48,High
32.3,8.1,2.5,25,Brown,4,244,85,Moderate
25.7,7.9,4.0,10,Light Green,2,166,40,Healthy
33.4,8.9,5.0,30,Brown,16,137,140,Moderate
28.2,7.9,3.5,6,Dark Green,18,124,47,High
28.9,8.4,5.7,7,Black,38,40,17,Moderate
31.6,8.3,3.0,29,Black,29,38,24,High
25.1,7.9,4.0,23,Green,29,97,40,Moderate
26.2,9.1,6.4,32,Green,33,292,39,Moderate
34.8,8.2,4.5,29,Black,9,228,24,Moderate
28.4,7.9,7.7,10,Brown,5,162,104,Healthy
25.0,8.3,7.2,32,Light Green,37,61,44,Moderate
28.4,9.4,5.6,15,Dark Green,19,94,57,Moderate
27.4,8.9,7.0,30,Dark Green,5,61,126,Healthy
33.1,7.1,5.2,17,Brown,5,290,137,Moderate
25.2,8.3,4.7,29,Green,31,68,141,Moderate
25.8,7.4,2.7,6,Green,18,153,114,High
35.0,6.5,6.6,17,Brown,35,193,65,High
24.6,8.9,2.1,14,Dark Green,27,30,17,High
27.1,7.8,2.5,25,Black,14,253,85,Moderate
24.8,8.8,3.3,21,Brown,30,201,49,High
26.2,6.5,3.4,24,Dark Green,2,25,32,Moderate
24.2,7.4,4.1,7,Brown,40,281,19,High
24.2,7.0,3.7,28,Light Green,25,256,95,High
29.6,7.5,6.4,9,Black,6,173,29,Moderate
34.9,8.4,5.9,27,Green,22,239,65,Moderate
28.6,8.8,4.5,24,Green,5,40,37,Healthy
28.9,8.2,2.8,6,Black,26,48,121,High
31.6,7.2,2.1,25,Dark Green,36,134,86,High
26.1,7.3,2.3,8,Green,20,160,20,Moderate
28.3,9.1,6.5,20,Brown,19,229,135,Moderate
29.2,8.0,4.6,30,Light Green,4,44,31,Healthy
30.0,8.6,3.2,23,Dark Green,11,164,102,Moderate
32.6,8.3,5.3,5,Brown,17,151,136,Moderate
27.7,8.6,5.7,6,Green,24,276,10,Moderate
29.2,6.7,7.3,12,Brown,17,262,95,Moderate
26.7,9.0,5.7,17,Green,11,33,71,Healthy
31.6,8.0,4.1,24,Black,14,210,73,Moderate
24.4,8.3,7.2,20,Dark Green,33,125,68,Moderate
25.7,8.5,5.7,5,Light Green,18,169,140,Moderate
31.6,7.7,7.6,14,Dark Green,28,72,119,Moderate
27.9,6.6,6.3,23,Green,40,102,77,Moderate
26.5,9.3,6.1,27,Green,23,246,141,Moderate
27.4,8.2,7.3,14,Black,34,104,100,Moderate
27.4,8.4,3.9,16,Brown,2,159,34,Moderate
31.6,9.4,5.5,31,Brown,9,39,64,Moderate
34.9,8.2,2.9,31,Brown,33,217,107,High
30.5,7.9,3.4,11,Green,1,253,39,Healthy
27.5,8.6,6.7,7,Black,0,59,102,Moderate
24.3,8.2,2.4,25,Green,37,239,105,High
29.6,8.5,3.4,30,Light Green,10,47,3,Moderate
33.9,6.7,4.9,26,Dark Green,19,141,135,High
33.4,8.3,3.6,28,Light Green,0,71,92,Moderate
31.7,6.5,6.0,6,Black,29,279,15,High
29.0,6.8,6.5,19,Dark Green,23,51,37,Moderate
34.4,7.5,3.0,25,Black,24,111,17,High
30.0,8.8,3.0,11,Brown,36,84,147,High
31.2,8.7,5.9,30,Dark Green,11,222,45,Moderate
25.1,7.3,5.9,26,Brown,1,297,56,Moderate
26.1,8.5,7.1,31,Green,11,90,56,Healthy
27.6,7.7,7.8,23,Brown,6,269,137,Healthy
29.4,8.4,5.5,18,Black,1,106,62,Healthy
32.6,6.8,4.3,32,Green,1,172,120,Moderate
33.0,7.1,4.9,31,Brown,40,89,94,Moderate
27.7,8.0,4.0,14,Light Green,15,100,42,Healthy
25.6,8.0,5.5,15,Green,19,123,141,Moderate
25.4,7.1,7.7,16,Green,37,247,70,Moderate
25.9,8.1,4.4,8,Brown,27,58,81,Moderate
34.7,6.9,5.6,30,Green,21,266,9,Moderate
24.4,6.7,2.5,5,Dark Green,2,184,16,High
28.4,7.2,6.6,7,Brown,8,73,103,Healthy
29.8,9.4,7.7,21,Black,26,118,28,High
31.5,6.7,2.2,35,Brown,21,114,18,High
30.9,7.5,5.9,24,Dark Green,29,294,80,Moderate
33.5,7.9,3.9,19,Black,37,197,48,High
28.5,7.8,6.1,34,Light Green,7,79,13,Healthy
27.9,8.7,7.7,28,Brown,2,275,88,Healthy
29.7,6.9,4.8,13,Black,31,294,107,High
33.7,7.7,4.2,26,Brown,13,144,144,Moderate
26.0,7.8,2.1,22,Green,20,123,63,Moderate
25.9,8.7,2.9,29,Light Green,21,102,41,High
31.3,8.4,5.5,10,Dark Green,5,214,146,Healthy
25.6,9.1,2.6,19,Light Green,17,28,41,High
32.8,6.7,7.8,6,Brown,27,27,19,Moderate
32.6,7.9,6.5,19,Black,39,166,17,Moderate
32.9,9.2,3.1,32,Green,35,112,149,High
25.1,8.3,5.6,31,Brown,22,133,30,Moderate
31.1,9.2,5.5,14,Brown,3,221,108,Moderate
31.8,8.0,3.2,32,Light Green,26,202,141,Moderate
29.1,9.5,6.1,25,Brown,23,233,20,Moderate
32.5,7.2,5.6,21,Light Green,21,155,63,Moderate
28.9,7.6,7.2,35,Light Green,8,238,9,Healthy
28.0,7.4,6.3,31,Dark Green,10,49,21,Moderate
29.5,8.2,3.2,24,Dark Green,8,150,96,Moderate
24.4,8.2,3.9,9,Brown,1,119,24,Moderate
31.5,9.5,4.8,5,Dark Green,38,198,86,High
27.0,7.1,5.4,33,Black,6,286,12,Moderate
27.2,6.9,6.7,22,Dark Green,7,89,22,Moderate
26.6,8.8,4.5,16,Light Green,17,220,143,Moderate
30.7,7.9,6.0,15,Black,33,204,15,Moderate
24.8,7.2,4.4,7,Dark Green,21,184,96,High
29.1,7.0,7.6,15,Light Green,37,135,2,Moderate
31.5,7.0,4.1,34,Black,3,125,38,Moderate
33.5,9.4,7.9,15,Light Green,7,120,55,Moderate
30.0,8.0,5.7,29,Brown,36,191,146,Moderate
27.9,7.7,5.0,11,Brown,2,55,21,Healthy
33.4,8.9,4.7,25,Black,11,78,88,High
25.6,9.4,5.3,34,Green,35,269,56,Moderate
30.5,7.5,2.6,9,Light Green,10,293,100,Moderate
33.5,9.5,4.8,19,Black,6,275,108,High
35.0,8.8,5.7,9,Light Green,36,96,48,Moderate
33.8,7.3,6.7,25,Black,34,89,43,High
33.4,8.1,5.9,34,Green,23,298,147,Moderate
30.3,7.1,5.5,32,Green,8,275,111,Healthy
32.0,9.1,2.7,8,Green,9,267,34,Moderate
27.6,9.1,4.3,27,Brown,8,62,94,Moderate
31.1,9.4,6.5,27,Brown,35,300,136,Moderate
33.0,7.0,7.0,29,Light Green,8,49,53,Healthy
34.6,6.9,2.5,13,Light Green,5,219,75,Moderate
26.5,8.1,2.7,10,Brown,37,103,111,Moderate
30.5,7.0,7.9,16,Light Green,14,171,114,Healthy
28.5,8.0,5.3,18,Green,38,92,71,Healthy
30.1,8.6,2.6,8,Dark Green,27,58,67,High
33.9,7.0,2.6,23,Brown,3,174,14,Moderate
26.2,8.0,4.3,20,Green,14,226,25,Healthy
26.5,7.9,2.1,19,Light Green,30,130,46,Moderate
30.6,8.1,7.6,25,Green,6,123,42,Healthy
24.7,7.9,5.7,29,Brown,19,300,77,Moderate
27.1,8.5,2.1,14,Dark Green,9,254,144,Moderate
32.3,8.2,7.2,21,Black,8,265,57,Moderate
30.3,8.9,3.7,13,Dark Green,10,21,105,Moderate
28.1,6.9,6.8,26,Brown,24,276,79,Moderate
27.9,9.0,4.0,5,Green,39,296,46,Moderate
29.3,9.0,6.8,14,Brown,2,149,142,Healthy
25.3,8.5,7.3,29,Green,27,143,68,Moderate
25.7,9.3,5.0,33,Brown,31,98,93,High
32.1,7.5,2.1,9,Light Green,12,214,94,Moderate
34.7,6.6,4.3,5,Brown,26,253,120,High
24.8,7.1,3.8,30,Brown,20,102,17,High
24.5,8.9,4.8,9,Brown,8,286,32,Moderate
26.4,9.3,2.2,13,Light Green,37,250,55,High
34.7,8.7,5.3,19,Dark Green,37,48,34,High
28.4,6.8,6.3,16,Dark Green,4,239,62,Moderate
31.7,7.4,4.3,18,Green,31,249,115,Moderate
28.7,8.8,4.2,34,Light Green,12,105,135,Healthy
34.5,8.6,4.1,33,Brown,3,208,30,Moderate
33.3,6.9,3.2,29,Dark Green,28,157,88,High
32.6,8.4,7.4,20,Brown,6,52,19,Healthy
32.1,8.7,6.7,34,Green,14,133,136,Healthy
34.4,6.7,5.1,17,Brown,26,196,136,High
29.6,8.2,7.7,20,Dark Green,4,188,32,Healthy
25.7,7.1,4.1,20,Dark Green,14,138,127,Moderate
27.3,9.2,5.0,23,Brown,12,150,121,Moderate
33.3,7.4,2.5,13,Black,8,284,141,High
34.7,6.8,4.8,26,Black,32,255,2,High
34.0,7.0,5.8,8,Brown,26,184,54,Moderate
34.4,7.3,6.1,35,Green,22,268,103,Moderate
33.8,7.4,3.2,18,Brown,32,248,135,High
31.5,7.7,2.9,11,Green,37,80,29,Moderate
30.8,7.4,4.0,22,Black,38,299,142,High
31.5,8.6,2.9,5,Light Green,22,292,106,High
26.5,7.8,7.8,23,Green,15,179,5,Healthy
27.8,7.4,4.9,6,Green,17,207,78,Moderate
34.4,8.1,6.2,20,Black,36,83,30,High
34.9,7.9,5.7,17,Brown,35,195,110,Moderate
24.4,8.8,6.8,19,Dark Green,31,160,51,High
32.2,6.6,5.2,30,Green,8,159,70,Moderate
32.6,7.0,5.5,26,Green,13,54,23,Healthy
26.4,7.0,5.4,27,Green,3,253,31,Healthy
31.4,8.2,4.2,13,Brown,8,109,25,Moderate
24.7,7.5,5.6,13,Black,10,60,80,Moderate
35.0,7.9,7.7,10,Brown,11,88,97,Moderate
33.5,9.3,6.5,17,Black,35,194,134,High
32.9,8.6,3.3,10,Brown,15,290,69,Moderate
29.7,8.6,3.1,33,Brown,31,188,75,High
26.2,6.7,7.2,34,Black,15,181,29,Moderate
32.8,9.0,6.4,13,Dark Green,40,178,50,Moderate
29.5,7.9,2.8,18,Dark Green,37,277,96,High
33.6,8.0,2.4,10,Green,36,184,138,High
27.1,6.7,7.8,33,Light Green,38,29,148,Moderate
28.8,9.4,8.0,6,Dark Green,38,198,27,Moderate
33.0,9.4,3.4,6,Black,31,284,70,High
33.2,7.4,5.9,11,Light Green,13,299,95,Moderate
30.1,8.2,4.2,6,Green,7,258,42,Healthy
32.9,8.2,3.4,11,Black,1,282,127,Moderate
29.5,7.6,3.6,9,Black,8,189,117,Moderate
27.0,7.4,6.7,20,Brown,7,135,120,Healthy
34.1,9.3,5.5,19,Dark Green,28,280,135,High
29.9,6.9,7.8,7,Green,0,119,146,Healthy
34.2,8.4,2.9,25,Brown,37,51,137,High
29.2,8.5,2.8,23,Dark Green,8,193,122,Moderate
32.7,7.0,4.6,35,Dark Green,8,247,38,Moderate
29.7,8.1,6.5,16,Light Green,4,211,146,Healthy
29.0,8.6,6.8,29,Dark Green,24,297,118,Moderate
27.9,6.5,3.9,29,Black,6,20,40,High
26.2,7.6,4.5,18,Brown,35,107,37,Moderate
34.3,6.6,3.7,16,Dark Green,39,48,40,High
27.7,7.1,6.4,30,Brown,32,109,24,Moderate
29.9,8.0,2.2,22,Light Green,6,65,77,Moderate
25.0,6.7,7.1,25,Light Green,22,97,43,Moderate
30.8,9.3,4.7,34,Brown,26,288,98,Moderate
28.8,8.5,6.3,29,Dark Green,33,280,136,Moderate
32.4,7.3,2.6,34,Light Green,24,292,38,High
31.8,7.7,5.2,15,Black,21,147,132,Moderate
25.4,6.9,5.1,13,Light Green,21,174,12,Moderate
31.1,7.6,5.0,27,Black,12,248,20,Moderate
28.4,8.8,7.8,5,Brown,34,249,17,Moderate
32.0,6.5,4.0,24,Black,25,243,59,High
32.1,9.1,3.4,35,Brown,22,274,149,High
30.4,7.5,7.5,31,Dark Green,2,200,96,Healthy
27.3,8.7,2.9,9,Black,0,197,104,Moderate
34.2,9.3,3.9,29,Black,18,103,100,High
33.0,8.5,5.5,28,Green,15,38,23,Healthy
25.6,8.6,5.0,33,Dark Green,19,102,131,High
24.5,8.0,2.3,15,Green,18,246,79,High
34.2,9.2,5.1,29,Brown,35,108,138,High
28.1,9.0,7.4,10,Green,39,281,112,Moderate
28.9,7.5,2.1,5,Black,15,57,105,Moderate
31.1,8.5,2.8,17,Light Green,29,147,22,Moderate
30.4,7.6,6.4,8,Black,19,210,91,Moderate
25.9,7.5,7.9,11,Green,2,86,126,Healthy
27.2,7.9,5.6,15,Brown,7,145,74,Healthy
32.5,8.5,4.3,11,Brown,29,265,90,Moderate
32.8,7.3,6.6,19,Dark Green,0,249,44,Moderate
34.0,9.2,7.4,19,Dark Green,28,291,53,High
24.2,8.0,3.4,26,Light Green,30,209,107,High
24.6,8.5,7.1,17,Brown,40,151,38,Moderate
32.3,9.3,6.7,5,Brown,29,117,83,Moderate
25.2,9.4,6.0,21,Green,25,235,79,Moderate
34.7,7.5,7.0,26,Black,38,45,97,High
26.9,7.9,4.1,22,Light Green,29,89,78,Moderate
34.1,7.7,5.9,9,Black,35,59,93,High
28.2,8.7,4.4,32,Light Green,34,50,69,Moderate
28.7,8.4,2.3,20,Light Green,37,64,118,Moderate
28.0,6.8,5.0,10,Light Green,18,232,112,Moderate
25.9,9.4,2.7,28,Black,34,157,23,High
28.8,7.6,2.8,30,Brown,12,253,108,Moderate
25.5,6.9,6.8,5,Green,39,57,138,Moderate
30.1,9.3,7.0,33,Dark Green,3,231,37,Moderate
29.7,8.6,7.0,19,Green,4,199,66,Healthy
32.4,6.7,6.1,13,Brown,33,185,24,Moderate
29.2,8.9,7.1,9,Brown,31,231,41,Moderate
27.0,6.7,6.7,6,Brown,14,297,93,Moderate
28.1,9.1,5.9,27,Light Green,2,128,84,Healthy
28.8,8.1,5.6,8,Black,4,265,131,Healthy
29.7,7.4,6.6,32,Dark Green,4,212,72,Healthy
33.2,8.5,3.6,35,Light Green,18,76,138,High
27.1,8.8,2.8,25,Green,21,144,91,Moderate
25.4,6.6,2.1,18,Brown,6,290,106,High
33.5,9.1,7.1,24,Green,28,259,133,Moderate
29.2,8.7,4.3,16,Black,9,167,146,Moderate
31.0,8.2,4.9,32,Green,5,292,52,Healthy
26.1,9.3,4.0,17,Brown,15,128,74,Moderate
26.9,7.6,7.6,9,Dark Green,9,284,7,Healthy
24.8,7.5,4.5,6,Black,36,291,109,High
32.7,8.5,6.7,19,Brown,13,31,30,Healthy
28.8,9.5,7.5,5,Light Green,24,56,89,Moderate
26.7,7.2,5.4,31,Dark Green,20,108,66,Moderate
32.5,7.6,3.5,21,Green,11,171,12,Moderate
33.4,7.4,4.0,11,Dark Green,27,97,76,High
33.6,8.5,6.4,31,Green,11,121,22,Healthy
31.5,7.2,4.7,10,Brown,15,135,23,Moderate
24.5,9.1,6.5,30,Light Green,32,184,4,Moderate
31.1,8.7,4.0,22,Black,3,97,23,Moderate
29.7,9.3,5.9,22,Dark Green,5,227,30,Moderate
30.7,8.7,3.5,35,Dark Green,35,142,4,High
32.1,6.8,3.1,16,Brown,5,244,18,Moderate
29.1,8.8,5.4,11,Black,17,117,37,Moderate
24.5,8.0,4.4,30,Light Green,16,250,41,Moderate
31.6,7.1,6.3,27,Light Green,3,119,116,Healthy
26.5,8.7,7.5,19,Light Green,0,260,117,Healthy
34.1,7.1,4.3,18,Black,34,178,77,High
30.8,7.4,7.0,31,Dark Green,26,20,71,Moderate
26.1,9.4,7.0,20,Dark Green,23,25,42,Moderate
24.8,8.0,2.4,13,Light Green,19,61,80,High
30.0,7.0,4.1,11,Brown,25,84,10,Moderate
24.2,9.0,5.9,15,Light Green,29,278,108,Moderate
27.0,8.3,4.4,9,Dark Green,7,171,107,Moderate
33.9,8.3,5.7,28,Light Green,6,124,5,Healthy
29.6,9.4,7.4,29,Brown,4,271,54,Healthy
31.7,6.7,5.7,28,Green,35,62,111,Moderate
31.5,7.9,7.9,28,Green,29,162,47,Moderate
31.3,7.6,6.8,5,Brown,22,29,45,Moderate
28.5,7.8,3.1,23,Brown,8,131,49,Moderate
24.2,6.6,4.2,15,Brown,12,162,46,Moderate
25.4,9.4,2.2,7,Dark Green,10,200,111,High
34.2,9.3,6.9,11,Green,33,67,62,Moderate
26.3,7.6,3.8,26,Dark Green,10,61,2,Moderate
24.2,7.5,3.2,30,Brown,29,217,28,High
28.1,8.5,4.7,18,Black,26,159,84,Moderate
29.3,7.8,7.4,11,Brown,10,278,131,Healthy
34.6,7.8,6.6,34,Dark Green,26,280,17,Moderate
33.6,8.8,4.8,12,Dark Green,18,52,37,High
32.2,6.8,7.7,21,Green,12,113,44,Moderate
33.4,7.5,5.0,33,Light Green,7,292,125,Healthy
32.9,6.8,6.9,27,Light Green,24,210,61,Moderate
31.7,7.6,6.8,26,Light Green,28,286,29,Moderate
27.5,7.1,4.2,9,Dark Green,20,143,148,Moderate
30.8,7.4,6.3,31,Light Green,6,226,1,Healthy
27.6,6.8,3.7,7,Green,6,88,116,Moderate
33.9,9.4,4.1,23,Brown,23,222,149,High
27.3,9.4,2.5,12,Green,23,274,136,High
27.6,6.6,4.9,25,Light Green,14,264,99,Moderate
24.7,8.4,3.2,29,Green,27,39,68,High
24.9,7.7,4.3,7,Green,26,220,89,Moderate
32.7,9.2,2.3,8,Green,2,263,145,Moderate
26.7,7.9,7.8,16,Black,9,58,100,Moderate
27.4,7.8,2.4,10,Light Green,13,34,6,Moderate
29.2,6.8,5.9,18,Light Green,19,102,88,Moderate
27.9,8.2,4.5,26,Brown,25,242,71,Moderate
24.4,7.4,2.7,11,Dark Green,5,165,78,High
34.8,9.2,7.1,16,Light Green,40,92,57,Moderate
28.3,9.2,5.9,32,Brown,17,209,54,Moderate
33.7,8.1,3.7,13,Brown,3,80,79,Moderate
25.9,7.6,5.6,15,Brown,4,146,9,Healthy
31.9,8.7,2.8,12,Brown,5,127,2,Moderate
29.3,6.6,6.9,20,Black,20,175,120,High
29.7,7.6,7.7,18,Black,33,195,30,Moderate
24.2,9.0,3.4,33,Brown,5,117,85,Moderate
28.9,7.0,6.8,11,Black,29,107,72,Moderate
34.7,8.5,2.2,31,Black,13,283,127,High
24.1,7.1,4.0,8,Dark Green,39,165,85,High
26.8,7.6,3.7,12,Light Green,32,296,14,Moderate
33.7,9.2,2.8,21,Green,21,274,9,High
28.6,7.5,4.8,14,Dark Green,6,26,68,Moderate
32.2,9.4,7.6,26,Light Green,14,242,73,Moderate
24.4,6.7,7.3,21,Black,9,122,38,High
29.9,6.8,5.9,20,Brown,32,247,60,Moderate
33.6,9.2,7.2,35,Light Green,18,248,90,Moderate
28.9,6.7,4.5,16,Green,39,91,41,Moderate
31.6,8.3,2.5,15,Black,6,206,128,High
25.7,7.2,2.3,31,Green,34,126,112,High
26.8,7.7,5.7,8,Dark Green,2,154,7,Healthy
25.5,9.3,3.8,28,Light Green,14,177,109,High
24.7,7.8,5.6,17,Black,13,151,80,Moderate
33.8,8.4,4.0,18,Light Green,28,66,94,Moderate
24.9,8.2,6.0,11,Black,22,98,137,High
32.0,8.0,5.2,27,Black,4,46,97,Moderate
33.7,8.2,2.9,23,Green,12,183,117,Moderate
30.0,8.8,6.6,26,Brown,2,204,33,Healthy
30.2,7.3,2.0,30,Black,2,299,129,Moderate
27.4,7.2,3.9,18,Light Green,11,144,76,Moderate
32.2,9.4,4.7,35,Light Green,34,291,124,Moderate
26.6,7.7,2.9,6,Black,36,243,3,High
34.4,6.9,2.5,7,Light Green,1,208,21,Moderate
27.4,9.3,4.7,6,Green,1,189,4,Healthy
32.3,6.6,3.0,16,Dark Green,27,24,18,High
34.4,7.4,6.0,26,Dark Green,32,219,119,High
32.5,7.0,7.2,8,Black,10,250,150,Moderate
34.6,7.5,5.5,16,Black,35,139,113,High
33.6,7.0,7.1,18,Light Green,37,296,88,Moderate
32.7,8.0,7.9,11,Green,19,212,42,Moderate
28.8,8.7,5.6,30,Dark Green,15,253,7,Moderate
32.0,8.5,2.1,34,Green,28,109,32,Moderate
28.2,9.1,3.7,15,Light Green,6,86,94,Moderate
28.0,7.5,3.9,11,Brown,35,278,127,Moderate
33.0,8.5,6.8,15,Green,5,107,51,Healthy
27.1,8.0,7.0,12,Dark Green,39,113,3,Moderate
28.3,9.0,5.5,33,Brown,11,195,104,Healthy
27.0,9.1,5.5,7,Dark Green,16,153,14,Moderate
34.6,7.9,2.3,25,Black,31,26,119,High
29.5,6.9,3.1,20,Light Green,7,178,49,Moderate
24.6,7.2,7.9,15,Dark Green,8,177,62,Moderate
29.8,6.6,3.4,25,Green,12,229,86,Moderate
25.5,9.4,4.8,27,Dark Green,32,38,149,High
24.6,7.2,6.2,19,Dark Green,39,131,60,High
28.6,9.0,3.2,10,Green,36,180,60,Moderate
34.4,9.4,6.7,8,Light Green,10,159,122,Moderate
30.3,8.4,2.1,13,Black,14,107,64,Moderate
25.8,7.4,2.7,23,Dark Green,28,294,98,High
33.4,8.2,2.1,7,Brown,39,114,18,High
32.1,7.4,6.7,26,Dark Green,40,298,148,Moderate
27.5,8.9,5.7,13,Light Green,35,112,8,Moderate
28.2,7.1,4.5,29,Green,35,139,118,Moderate
32.0,8.2,3.7,21,Brown,24,282,8,High
24.1,7.8,4.1,9,Green,14,183,92,Moderate
32.7,8.1,4.6,22,Light Green,2,211,31,Healthy
29.2,8.7,6.8,25,Brown,29,102,32,Moderate
24.3,8.4,3.6,32,Light Green,39,21,13,High
27.5,7.3,7.2,16,Brown,33,41,108,Moderate
24.5,6.6,2.8,15,Black,3,206,108,High
34.7,7.0,2.6,16,Brown,26,133,150,High
32.5,6.7,3.9,19,Green,7,269,37,Moderate
30.8,7.2,5.6,31,Dark Green,31,172,82,Moderate
29.2,6.8,7.8,33,Light Green,40,238,17,Moderate
26.0,8.5,4.4,22,Dark Green,12,160,40,Moderate
33.9,9.2,5.5,20,Light Green,39,230,112,Moderate
28.5,8.1,2.1,33,Black,35,107,78,High
34.2,8.6,5.5,9,Black,31,181,20,High
31.1,7.1,2.5,29,Brown,23,251,122,High
30.3,8.3,4.0,16,Light Green,24,154,12,Moderate
31.0,9.4,6.5,23,Green,36,68,101,Moderate
28.4,8.1,6.1,14,Brown,38,276,27,Moderate
28.7,8.3,2.1,7,Brown,19,296,102,Moderate
27.8,8.4,7.1,25,Black,8,51,76,Moderate
26.8,8.1,7.3,7,Black,4,261,36,Healthy
33.1,7.5,7.9,17,Dark Green,8,247,70,Moderate
24.3,7.3,6.3,20,Green,29,61,89,Moderate
32.5,6.8,3.4,29,Brown,3,88,147,Moderate
25.5,8.5,7.6,16,Green,29,283,123,Moderate
28.2,9.0,4.5,9,Black,35,232,46,High
30.2,8.0,3.4,32,Green,5,31,62,Healthy
30.3,8.9,3.1,14,Light Green,34,85,76,Moderate
28.3,8.7,6.7,34,Black,39,163,104,Moderate
27.0,8.4,7.4,8,Light Green,28,158,91,Healthy
33.6,9.4,6.8,34,Green,25,105,63,Moderate
33.2,8.1,3.4,15,Black,11,53,8,High
31.0,7.4,6.6,25,Dark Green,18,101,92,Moderate
28.0,8.1,2.7,34,Dark Green,37,200,109,High
29.9,7.3,5.3,14,Green,25,240,121,Moderate
32.5,7.4,7.0,30,Black,32,285,39,High
30.3,8.7,3.4,10,Light Green,33,36,79,Moderate
32.7,6.8,7.3,34,Dark Green,28,273,48,High
34.3,6.7,5.2,15,Green,3,80,33,Moderate
26.8,7.8,4.9,11,Light Green,23,45,21,Moderate
27.9,8.1,4.5,25,Light Green,25,239,116,Moderate
25.1,8.2,5.9,35,Brown,28,226,97,Moderate
24.1,7.1,5.5,22,Green,27,70,61,Moderate
34.1,8.7,2.0,12,Black,17,93,103,High
33.3,7.6,7.4,13,Green,31,244,90,Moderate
24.8,7.7,7.1,33,Light Green,26,232,114,Moderate
25.3,8.5,6.3,14,Green,5,280,75,Healthy
33.0,9.1,7.5,22,Light Green,21,295,96,Moderate
27.8,9.1,2.7,34,Brown,29,299,106,High
32.8,9.3,4.5,35,Black,40,269,33,High
28.4,7.9,2.6,10,Brown,31,226,71,Moderate
28.7,8.9,7.6,14,Black,37,199,88,Moderate
28.9,8.7,5.7,30,Brown,37,170,14,Moderate
24.1,7.4,6.3,19,Dark Green,4,255,51,Moderate
26.7,6.9,2.7,33,Brown,6,87,43,Moderate
34.0,8.0,5.2,28,Dark Green,9,164,27,Moderate
27.6,7.3,8.0,13,Green,26,208,11,Moderate
29.4,6.9,4.1,7,Green,35,293,146,Moderate
29.7,9.3,3.7,10,Brown,5,115,46,Moderate
29.8,8.1,4.7,18,Dark Green,37,111,148,Moderate
29.0,8.0,2.8,35,Black,26,230,13,High
27.7,8.4,3.4,5,Light Green,40,133,25,Moderate
32.4,7.8,4.4,23,Dark Green,20,123,119,Moderate
26.1,7.5,6.7,35,Brown,3,140,143,Healthy
30.1,7.7,6.6,28,Light Green,5,94,61,Healthy
33.6,7.7,7.2,21,Dark Green,30,261,6,Moderate
25.5,8.3,5.3,7,Black,39,292,131,High
26.9,6.5,7.0,11,Green,20,212,9,Moderate
32.6,7.4,6.4,8,Dark Green,16,136,81,Moderate
31.3,9.5,2.2,29,Dark Green,12,235,26,High
24.4,8.9,7.0,33,Brown,38,183,140,Moderate
27.0,7.6,6.2,17,Green,12,147,69,Healthy
26.5,9.1,6.8,17,Green,13,54,35,Healthy
28.6,8.9,2.9,32,Light Green,17,297,23,Moderate
32.8,7.0,4.5,23,Black,31,177,53,High
32.7,6.8,6.9,19,Light Green,4,122,88,Healthy
25.2,8.0,4.9,29,Light Green,20,280,143,Moderate
32.2,8.1,3.2,30,Green,14,188,26,Moderate
26.7,8.3,6.9,20,Dark Green,9,182,110,Healthy
26.4,8.5,6.7,10,Light Green,32,122,121,Healthy
34.4,7.9,5.8,22,Light Green,37,287,51,Moderate
31.6,6.8,7.9,25,Brown,11,221,119,Moderate
27.7,8.5,2.4,27,Green,18,153,87,Moderate
29.7,7.1,4.4,29,Light Green,36,254,133,Moderate
29.4,7.6,2.2,27,Green,26,240,57,Moderate
29.3,6.6,6.9,17,Brown,11,205,84,Moderate
31.7,7.9,3.1,31,Green,40,216,139,Moderate
29.1,8.2,2.3,30,Green,22,96,127,Moderate
34.5,7.6,2.3,16,Light Green,29,69,16,High
30.9,7.1,4.2,34,Black,40,221,76,High
33.4,8.2,7.5,30,Brown,30,274,56,Moderate
28.9,8.9,6.0,19,Light Green,30,38,131,Moderate
26.3,8.8,2.3,29,Brown,2,45,13,Moderate
31.6,7.7,4.2,13,Black,9,82,98,Moderate
32.9,7.3,6.3,19,Black,21,239,70,High
34.3,6.9,5.1,22,Brown,2,101,72,Moderate
28.2,8.1,5.9,24,Light Green,23,145,130,Healthy
25.4,7.7,4.7,28,Brown,15,238,126,Moderate
31.9,7.8,6.9,6,Dark Green,2,161,99,Healthy
32.1,6.5,6.2,16,Black,15,26,76,Moderate
27.6,7.3,2.6,13,Black,34,220,47,High
26.9,9.4,6.4,16,Green,37,253,41,Moderate
30.2,6.6,3.9,30,Dark Green,16,77,134,High
28.2,8.9,2.5,19,Black,26,84,31,High
31.4,7.2,2.9,7,Green,13,135,26,Moderate
26.6,7.0,7.4,14,Black,25,118,97,Moderate
30.8,6.6,5.9,23,Brown,15,68,67,Moderate
31.5,8.1,5.9,29,Black,35,201,78,Moderate
33.7,8.4,4.2,19,Light Green,16,205,149,Moderate
25.9,7.5,2.6,28,Green,4,132,12,Moderate
33.4,6.6,6.9,34,Black,29,92,138,High
27.3,9.2,2.8,31,Green,36,176,63,High
24.3,8.8,3.4,25,Light Green,5,74,71,Moderate
30.4,8.0,7.0,22,Dark Green,22,49,146,Moderate
34.4,8.8,3.8,27,Light Green,30,188,51,High
30.8,6.5,6.3,5,Brown,39,81,54,Moderate
29.5,7.5,7.6,24,Light Green,23,156,38,Healthy
33.2,8.7,2.5,30,Dark Green,5,49,137,High
26.8,7.8,4.6,8,Black,36,186,121,Moderate
34.0,7.0,5.5,23,Brown,13,33,44,Moderate
34.1,7.6,5.1,26,Dark Green,10,167,49,Moderate
28.2,6.6,3.2,14,Light Green,23,253,2,High
33.8,7.8,7.8,32,Dark Green,21,150,86,Moderate
24.7,7.3,7.0,35,Dark Green,16,279,128,High
30.0,7.4,5.9,21,Green,38,128,119,Moderate
24.9,7.2,3.6,34,Green,22,200,10,High
30.0,8.7,7.6,29,Brown,19,204,141,Moderate
32.2,8.2,5.1,29,Black,21,118,4,Moderate
25.8,9.4,2.5,35,Brown,25,219,26,High
30.3,8.3,2.3,15,Light Green,8,152,62,Moderate
26.4,7.3,6.3,9,Green,23,68,132,Moderate
30.2,9.5,4.7,23,Green,0,115,132,Healthy
29.3,8.4,4.2,31,Black,33,148,100,Moderate
30.6,8.3,4.0,5,Brown,36,115,65,Moderate
34.6,7.2,5.9,18,Light Green,18,87,85,Moderate
25.6,7.7,6.6,22,Light Green,28,103,113,Moderate
34.5,7.3,5.3,11,Green,22,35,125,Moderate
28.1,9.2,7.3,9,Black,31,160,10,High
30.8,7.6,6.0,26,Dark Green,17,193,3,Moderate
24.6,7.5,3.7,21,Black,21,173,48,High
32.6,9.5,6.1,13,Black,28,214,127,High
28.1,9.3,4.7,10,Black,24,259,77,High
28.9,7.0,4.5,14,Green,7,70,19,Healthy
32.7,6.7,7.7,30,Dark Green,15,278,83,Moderate
25.6,6.8,2.5,33,Black,35,62,122,High
32.0,9.3,7.5,30,Light Green,1,79,24,Healthy
26.1,6.9,2.9,7,Black,15,92,144,High
24.5,6.7,4.3,7,Green,30,87,56,High
27.9,7.0,7.1,9,Light Green,35,283,53,Moderate
33.6,8.4,3.3,13,Dark Green,6,79,149,High
33.1,8.2,4.1,16,Black,3,216,26,Moderate
31.3,8.9,6.7,22,Dark Green,26,111,124,Moderate
34.7,7.6,5.0,5,Black,17,210,56,High
25.2,9.1,2.1,26,Green,20,241,112,High
30.0,6.6,4.8,31,Light Green,24,165,77,Moderate
30.9,7.7,4.2,15,Brown,21,47,149,Moderate
25.9,7.2,2.2,26,Green,32,276,89,High
34.7,7.9,4.4,28,Green,33,172,131,Moderate
27.0,7.2,8.0,23,Dark Green,33,143,57,Moderate
24.7,9.4,6.6,33,Dark Green,7,55,23,Moderate
28.2,9.5,6.4,13,Black,24,105,70,High
24.5,7.7,3.9,17,Dark Green,5,235,1,Moderate
25.9,8.4,3.2,29,Dark Green,5,113,22,Moderate
32.2,8.6,4.2,20,Black,31,272,60,High
25.0,6.9,3.5,26,Green,27,46,78,High
27.3,9.3,7.9,12,Brown,18,80,117,Moderate
31.2,7.8,5.1,17,Light Green,22,128,22,Moderate
24.2,8.3,2.8,27,Light Green,18,121,40,High
30.8,7.0,3.4,30,Green,10,43,78,Moderate
31.5,7.8,6.8,16,Brown,10,213,66,Healthy
32.3,8.6,7.3,18,Green,40,31,150,Moderate
30.7,7.8,6.8,5,Black,17,300,143,Moderate
25.2,7.2,6.5,33,Black,10,172,20,Moderate
28.5,6.7,7.9,28,Dark Green,11,131,56,Moderate
25.6,8.1,2.3,7,Light Green,37,194,62,High
29.0,7.5,7.1,26,Light Green,13,208,44,Healthy
34.1,9.2,3.2,35,Green,22,193,99,High
31.1,7.4,3.6,9,Green,12,243,131,Moderate
24.5,7.9,4.2,6,Dark Green,31,172,85,High
29.6,8.5,3.1,31,Dark Green,3,100,31,Moderate
25.4,8.2,3.7,15,Green,13,72,124,Moderate
27.0,6.6,3.6,34,Dark Green,27,245,91,High
28.5,8.3,7.3,19,Dark Green,21,73,119,Moderate
26.7,6.9,3.0,6,Light Green,27,271,85,High
30.3,8.0,7.6,29,Light Green,16,197,85,Healthy
27.1,7.0,5.9,16,Dark Green,34,295,72,Moderate
30.6,7.3,3.9,19,Dark Green,25,245,88,High
30.5,7.7,5.5,16,Brown,28,59,148,Moderate
31.5,7.5,3.0,29,Brown,26,120,27,High
31.7,7.8,4.4,13,Green,33,91,28,Moderate
34.4,7.7,2.5,31,Green,14,179,87,Moderate
29.2,7.0,7.1,26,Brown,18,66,86,Moderate
30.2,7.2,6.0,16,Green,22,204,27,Moderate
30.2,6.6,6.2,14,Light Green,9,258,76,Healthy
26.5,7.8,6.4,29,Dark Green,30,196,137,Moderate
24.7,9.3,7.1,32,Green,9,202,135,Moderate
32.0,7.3,6.9,31,Brown,40,159,29,Moderate
32.7,7.1,5.9,30,Brown,10,180,79,Moderate
34.9,6.7,6.0,13,Dark Green,32,110,102,High
29.9,8.8,3.0,5,Black,37,237,136,High
32.4,7.0,6.3,34,Dark Green,39,82,112,Moderate
31.5,7.3,6.2,14,Brown,22,126,24,Moderate
27.1,8.3,5.4,12,Dark Green,19,284,34,Moderate
33.0,9.1,7.5,24,Brown,16,201,149,Moderate
29.6,7.2,2.0,7,Light Green,13,87,79,Moderate
25.5,7.8,7.1,30,Light Green,0,187,54,Healthy
28.7,9.0,3.7,17,Black,15,67,130,High
32.1,6.8,5.4,5,Light Green,17,277,120,Moderate
27.3,8.9,6.3,33,Black,28,68,56,Moderate
32.3,6.7,3.2,22,Black,36,275,29,High
32.0,9.0,6.1,20,Black,16,141,39,High
33.2,8.3,7.7,33,Brown,23,122,36,Moderate
34.0,8.0,2.4,17,Light Green,29,227,110,High
31.5,7.7,7.1,23,Brown,39,266,50,Moderate
27.5,9.5,2.9,26,Green,10,77,111,Moderate
24.4,9.4,5.6,16,Dark Green,21,163,7,High
33.3,6.7,5.9,22,Green,17,160,124,Moderate
26.0,9.1,6.1,16,Dark Green,40,213,101,Moderate
31.9,7.1,4.5,26,Dark Green,32,201,130,High
30.6,7.3,7.2,7,Light Green,8,120,18,Healthy
33.1,9.4,2.4,18,Light Green,22,102,10,High
29.9,6.9,6.3,26,Dark Green,23,159,119,Moderate
30.3,9.5,6.3,7,Light Green,23,97,88,Moderate
25.3,9.5,3.2,34,Brown,9,46,20,High
30.5,7.0,6.4,35,Dark Green,28,196,129,Moderate
31.0,8.1,3.1,14,Green,27,71,135,Moderate
32.7,7.1,2.1,24,Light Green,28,118,58,High
31.2,8.1,6.6,33,Black,40,291,58,Moderate
31.8,6.6,5.2,13,Light Green,27,251,11,Moderate
28.3,7.6,3.2,35,Black,37,21,83,High
28.8,9.3,7.9,14,Brown,8,160,23,Moderate
26.4,8.8,3.5,27,Green,26,227,122,Moderate
33.3,7.3,6.0,28,Brown,20,134,148,Moderate
31.9,7.8,4.2,13,Light Green,31,134,61,Moderate
28.9,9.5,6.0,19,Black,40,39,126,High
34.8,9.1,4.0,5,Black,31,79,70,High
29.2,9.3,5.6,9,Light Green,8,125,109,Healthy
34.4,8.8,5.6,13,Light Green,21,101,124,Moderate
32.9,7.6,4.8,8,Brown,13,124,81,Moderate
28.5,8.0,6.0,11,Brown,4,131,20,Healthy
32.4,7.2,4.3,28,Light Green,29,234,38,Moderate
31.4,8.7,6.8,28,Dark Green,38,269,79,Moderate
26.5,6.5,7.7,17,Brown,40,47,90,Moderate
28.2,8.0,5.3,27,Green,29,105,149,Healthy
27.1,8.0,2.9,10,Light Green,28,225,77,Moderate
24.5,8.4,7.0,19,Brown,25,33,65,Moderate
31.8,7.6,7.9,19,Brown,9,255,17,Healthy
31.1,8.4,2.9,23,Black,27,218,130,High
31.4,7.2,6.9,16,Brown,38,297,1,Moderate
28.3,7.2,5.0,6,Green,33,108,55,Moderate
32.7,9.1,6.9,22,Green,21,245,150,Moderate
24.3,7.1,7.6,20,Dark Green,0,264,82,Moderate
31.2,6.7,4.0,9,Brown,19,252,32,High
27.2,7.3,4.2,5,Dark Green,17,276,86,Moderate
26.7,9.1,2.2,27,Black,16,71,59,High
33.4,7.0,2.1,13,Black,38,206,97,High
25.0,9.0,6.1,17,Black,0,112,64,Moderate
33.1,6.7,3.5,14,Green,17,131,15,High
27.0,9.0,4.5,14,Brown,6,119,139,Moderate
34.6,7.0,6.5,15,Black,19,222,9,High
27.8,7.0,7.5,24,Dark Green,26,99,127,Moderate
26.8,6.7,7.5,28,Green,31,116,89,Moderate
31.1,8.3,4.6,29,Dark Green,18,135,4,Moderate
25.2,8.9,7.4,14,Green,19,176,37,Moderate
32.7,8.4,6.2,11,Black,13,287,113,Moderate
34.8,8.3,2.3,14,Dark Green,13,242,114,High
28.6,6.9,7.4,28,Brown,19,205,63,Moderate
33.3,8.3,4.4,5,Light Green,33,248,138,Moderate
28.0,8.6,6.3,19,Green,2,243,31,Healthy
28.5,9.0,3.5,18,Brown,28,105,65,High
28.9,8.7,7.2,35,Brown,4,292,139,Healthy
33.3,7.2,6.3,29,Black,34,279,47,High
29.4,6.8,5.6,10,Light Green,26,181,88,Moderate
24.8,8.7,7.2,22,Black,2,88,121,Moderate
26.1,8.7,4.0,19,Brown,11,38,101,Moderate
31.3,9.2,5.5,14,Brown,17,240,67,Moderate
29.5,8.3,4.3,20,Light Green,37,27,93,Moderate
28.4,7.7,3.3,24,Brown,34,163,40,Moderate
28.0,7.1,4.9,12,Green,13,263,88,Healthy
26.2,9.4,4.6,30,Dark Green,33,52,141,High
26.3,7.9,3.4,21,Black,27,30,45,High
33.3,6.7,4.8,21,Dark Green,4,156,150,Moderate
34.0,6.9,3.6,10,Light Green,5,26,22,Moderate
34.2,7.7,4.5,8,Dark Green,13,233,43,Moderate
33.0,7.6,7.2,23,Green,20,193,147,Moderate
26.5,9.5,3.9,8,Dark Green,37,140,47,High
30.4,7.9,4.8,24,Dark Green,8,50,41,Moderate
33.6,6.9,7.4,31,Dark Green,14,50,10,Moderate
28.9,8.5,2.1,25,Dark Green,33,89,27,High
24.0,8.7,7.8,35,Black,30,276,59,High
30.7,8.6,4.5,10,Green,23,286,20,Moderate
24.8,7.9,4.8,10,Black,8,169,11,Moderate
33.8,7.0,6.7,7,Black,29,100,49,High
33.0,7.0,7.0,19,Black,10,255,64,Moderate
33.3,8.8,3.3,23,Dark Green,15,171,140,High
28.8,8.4,4.4,32,Brown,21,284,105,Moderate
24.7,7.8,2.9,20,Brown,32,207,113,High
30.5,9.5,2.4,28,Black,6,297,57,High
24.6,6.7,7.9,20,Brown,23,97,50,High
26.6,7.3,2.6,18,Dark Green,13,295,73,Moderate
33.6,6.5,2.9,35,Brown,29,188,68,High
30.5,7.0,7.6,15,Light Green,2,101,31,Healthy
29.0,6.7,2.7,25,Dark Green,32,72,101,High
30.6,9.3,6.1,20,Green,17,243,144,Moderate
27.1,6.7,2.3,35,Light Green,5,43,61,Moderate
33.1,7.5,2.3,8,Black,38,214,128,High
24.8,6.5,3.0,27,Green,28,75,17,High
24.5,7.9,2.6,19,Dark Green,20,217,144,High
33.0,7.2,4.4,34,Brown,4,178,134,Moderate
28.2,9.0,7.1,19,Light Green,8,233,126,Healthy
35.0,8.4,6.7,10,Light Green,9,73,36,Healthy
26.0,8.5,6.9,6,Green,6,171,11,Healthy
29.7,7.3,2.7,34,Green,37,260,18,Moderate
24.9,8.6,4.2,17,Brown,11,45,140,Moderate
27.7,7.3,7.5,35,Brown,8,208,76,Healthy
34.7,7.5,3.4,18,Green,10,35,100,Moderate
26.1,9.5,6.8,27,Black,31,212,113,High
30.5,7.1,7.9,13,Dark Green,5,236,135,Healthy
27.3,7.0,6.4,32,Dark Green,30,254,120,Moderate
32.4,8.7,7.8,12,Dark Green,32,129,135,Moderate
24.3,8.7,6.8,5,Light Green,13,98,3,Moderate
35.0,7.3,4.3,22,Green,1,288,150,Moderate
25.5,8.8,5.5,32,Light Green,28,224,86,Moderate
27.5,7.7,3.6,23,Dark Green,4,110,141,Moderate
25.8,8.7,3.5,15,Black,39,140,112,High
25.4,8.8,7.0,34,Dark Green,9,37,148,Moderate
29.7,6.8,2.5,10,Light Green,26,25,45,High
24.8,8.3,3.1,18,Dark Green,36,28,37,High
32.8,7.2,6.6,31,Black,13,184,94,Moderate
25.7,8.2,6.7,22,Brown,29,294,11,Moderate
29.7,9.3,4.1,23,Brown,40,151,18,Moderate
24.1,7.5,2.8,25,Black,7,115,55,High
34.3,8.7,4.6,14,Dark Green,0,256,130,Moderate
34.0,9.0,7.7,25,Brown,9,254,73,Moderate
26.0,7.9,6.5,8,Brown,21,46,99,Moderate
27.1,8.7,7.2,7,Brown,30,136,41,Moderate
26.3,9.5,6.2,26,Light Green,31,52,145,Moderate
27.2,6.5,7.7,35,Dark Green,13,52,41,Moderate
31.7,7.1,2.6,9,Black,24,140,93,High
30.4,8.8,5.5,28,Light Green,14,255,48,Healthy
31.3,9.4,7.3,7,Green,35,132,15,Moderate
24.3,8.7,3.9,35,Light Green,7,82,43,Moderate
27.1,8.3,3.3,13,Green,33,235,137,Moderate
29.1,7.5,5.9,5,Brown,9,237,30,Healthy
30.5,6.7,6.2,21,Light Green,29,173,126,Moderate
28.1,6.6,3.5,29,Dark Green,22,198,36,High
34.8,9.1,2.3,20,Black,7,241,2,High
29.4,9.3,5.8,15,Light Green,31,43,125,Moderate
30.2,8.6,6.9,21,Black,31,122,44,Moderate
24.2,7.1,3.6,9,Black,34,52,11,High
31.8,9.1,5.4,15,Black,3,213,74,Moderate
29.9,7.9,3.0,17,Light Green,1,81,28,Healthy
31.8,9.1,2.2,27,Brown,13,161,61,High
27.6,8.7,3.7,6,Dark Green,38,34,22,High
30.7,6.6,5.3,20,Green,14,65,5,Healthy
25.3,8.1,4.3,29,Green,4,258,60,Healthy
28.3,7.9,7.4,28,Dark Green,12,262,42,Healthy
28.2,6.9,7.7,9,Dark Green,29,246,69,Moderate
34.7,7.7,6.9,30,Brown,35,118,117,Moderate
27.2,7.0,6.5,23,Green,25,94,69,Moderate
29.5,8.9,2.9,11,Green,24,27,61,Moderate
25.7,7.2,2.7,12,Brown,32,275,136,High
28.3,7.9,2.6,27,Dark Green,36,22,52,High
33.2,7.7,2.7,9,Black,35,214,22,High
33.1,6.9,7.4,11,Light Green,13,84,117,Moderate
25.5,8.5,2.5,5,Black,34,252,138,High
33.5,8.0,3.4,23,Green,23,55,150,High
29.0,9.4,6.6,12,Black,5,136,107,Moderate
33.6,7.3,5.6,5,Green,15,224,29,Moderate
26.0,7.6,7.6,12,Light Green,3,138,17,Healthy
25.1,9.1,6.3,15,Dark Green,6,211,4,Moderate
32.8,8.4,5.6,28,Dark Green,7,52,25,Moderate
33.5,8.6,4.1,35,Brown,32,184,141,High
32.5,8.6,7.3,22,Green,16,110,37,Moderate
34.8,7.9,7.0,17,Brown,35,159,118,Moderate
31.3,7.0,7.1,14,Light Green,14,131,57,Healthy
32.4,7.2,5.2,30,Green,26,128,30,Moderate
28.7,6.6,6.4,23,Brown,3,250,116,Healthy
32.6,8.1,2.5,10,Light Green,19,138,88,Moderate
26.8,6.8,5.8,10,Light Green,40,224,145,Moderate
30.2,7.6,5.6,7,Dark Green,35,99,50,Moderate
28.5,7.5,5.6,30,Light Green,38,205,26,Healthy
29.6,7.5,3.2,35,Green,9,59,43,Moderate
33.1,6.6,7.5,17,Green,10,217,111,Moderate
25.4,6.8,5.2,11,Green,39,98,124,Moderate
34.8,7.9,5.6,34,Brown,3,156,22,Healthy
27.4,7.9,7.3,18,Green,32,155,129,Healthy
27.3,7.3,4.1,27,Dark Green,25,125,68,Moderate
34.1,7.7,2.2,33,Dark Green,33,194,106,High
27.3,8.0,7.6,28,Black,31,74,88,Moderate
26.0,7.7,7.4,23,Black,17,234,137,Moderate
29.5,8.9,4.7,24,Black,15,104,135,Moderate
32.0,7.0,5.6,20,Dark Green,40,101,148,Moderate
31.2,8.5,4.9,16,Black,15,156,63,Moderate
28.0,6.9,5.9,27,Dark Green,14,266,80,Moderate
33.5,8.7,4.7,26,Dark Green,10,32,47,Moderate
24.3,8.8,3.7,22,Light Green,39,278,105,High
32.6,7.3,3.7,22,Black,8,227,54,High
27.5,8.9,5.3,24,Brown,0,32,92,Healthy
29.6,9.1,7.0,15,Black,16,205,31,High
25.4,9.4,2.8,15,Dark Green,9,290,64,High
29.3,9.1,4.9,31,Black,15,291,26,Moderate
33.6,8.2,3.6,22,Black,25,60,15,High
31.6,8.1,6.1,32,Green,10,37,108,Healthy
26.7,8.2,7.4,5,Brown,33,79,103,Moderate
25.6,7.5,6.7,6,Green,24,46,125,Moderate
24.6,7.6,7.0,8,Black,29,192,122,High
32.9,9.1,5.2,10,Green,13,58,116,Moderate
30.5,8.8,6.8,17,Light Green,7,152,29,Healthy
25.1,8.7,5.4,20,Light Green,6,117,37,Moderate
27.5,6.5,4.8,12,Green,1,261,119,Healthy
31.0,8.1,4.4,10,Dark Green,11,83,24,Moderate
26.0,8.4,2.8,6,Dark Green,10,290,80,Moderate
33.6,9.1,6.3,27,Dark Green,14,159,22,Moderate
27.9,7.8,2.1,11,Brown,1,89,62,Moderate
28.0,9.3,6.5,11,Green,27,140,70,Moderate
34.5,7.1,6.9,8,Light Green,9,85,101,Moderate
26.3,6.9,3.8,13,Light Green,2,246,14,Moderate
25.1,8.1,3.4,27,Dark Green,12,77,93,High
27.3,8.3,5.9,12,Brown,0,155,26,Healthy
24.4,7.9,6.6,10,Green,36,209,88,Moderate
32.7,8.2,2.2,7,Black,29,193,8,High
25.5,8.0,4.9,5,Black,3,225,120,Moderate
28.4,7.2,4.7,8,Dark Green,19,174,140,Moderate
30.2,7.4,3.5,20,Brown,19,187,90,High
27.6,6.8,2.2,31,Brown,5,281,3,Moderate
25.0,8.9,5.4,11,Brown,21,230,128,Moderate
27.3,8.6,8.0,20,Brown,17,95,43,Moderate
28.7,9.2,7.5,14,Dark Green,33,76,23,Moderate
33.4,8.2,3.5,33,Brown,27,99,43,High
25.7,9.1,7.2,34,Black,27,232,51,High
29.5,7.5,2.9,34,Green,11,274,81,Moderate
31.3,6.7,3.3,10,Brown,10,163,65,High
29.6,9.4,3.3,21,Green,37,189,99,High
28.3,7.3,7.1,31,Green,38,63,28,Moderate
27.8,7.7,3.7,27,Dark Green,15,186,53,Moderate
33.9,7.3,4.5,28,Light Green,9,44,78,Moderate
27.4,7.3,2.5,19,Dark Green,29,297,133,High
29.5,7.7,3.7,24,Black,17,270,96,High
25.5,9.1,5.9,6,Light Green,31,258,126,Moderate
25.3,9.4,5.2,18,Brown,32,106,135,High
24.4,7.0,7.3,9,Green,40,204,57,Moderate
30.1,9.2,3.2,19,Brown,34,214,116,High
29.3,8.2,7.3,7,Black,13,71,73,Moderate
29.3,9.2,3.7,18,Dark Green,37,271,115,High
30.7,6.6,6.7,22,Dark Green,10,86,133,Moderate
34.3,8.5,3.1,12,Black,10,236,74,High
28.7,8.0,5.3,21,Green,26,115,42,Healthy
33.7,8.2,7.5,30,Green,33,197,106,Moderate
31.3,8.6,3.1,20,Brown,21,75,36,High
34.4,9.4,3.3,30,Green,25,65,32,High
27.2,8.0,7.6,18,Black,4,126,35,Healthy
27.8,7.9,6.9,11,Brown,15,190,61,Healthy
34.3,6.6,4.8,30,Dark Green,35,66,63,High
30.6,7.7,5.0,35,Brown,9,77,18,Healthy
29.8,7.8,7.3,11,Black,3,114,72,Healthy
28.4,7.6,5.5,7,Light Green,32,234,95,Healthy
29.3,7.8,3.6,35,Dark Green,6,269,145,Moderate
25.7,8.3,5.1,29,Dark Green,16,200,67,Moderate
29.8,6.6,5.9,9,Light Green,34,120,89,Moderate
27.1,8.0,7.6,25,Brown,3,85,11,Healthy
34.0,6.5,7.1,8,Green,0,54,79,Moderate
33.5,7.2,7.0,20,Black,32,215,120,High
24.5,8.8,6.8,35,Black,22,168,41,High
26.4,8.6,2.9,16,Black,37,264,88,High
28.2,8.5,6.4,16,Green,18,283,89,Healthy
24.1,8.3,6.6,8,Light Green,15,216,125,Healthy
29.7,9.1,4.4,9,Green,30,258,68,Moderate
28.1,7.4,3.9,25,Brown,11,226,13,Moderate
24.4,7.6,3.9,28,Brown,24,64,80,High
34.0,8.6,7.5,22,Dark Green,27,281,2,High
33.2,7.4,5.9,10,Light Green,5,76,109,Healthy
32.2,7.4,7.2,33,Green,3,292,31,Healthy
33.4,8.4,6.1,20,Dark Green,7,291,76,Moderate
31.7,9.5,7.0,13,Light Green,31,54,33,Moderate
25.2,8.2,7.1,25,Black,28,296,121,High
24.8,7.1,7.0,10,Green,25,221,134,Moderate
34.3,9.3,3.9,9,Dark Green,7,246,113,High
32.9,7.5,8.0,32,Dark Green,11,269,15,Moderate
34.2,8.5,4.3,11,Brown,21,293,95,Moderate
25.5,6.9,6.2,25,Brown,26,88,60,High
25.9,8.6,3.0,5,Dark Green,4,214,139,High
24.4,6.8,2.7,6,Dark Green,10,30,148,High
27.5,8.3,3.8,14,Brown,8,233,42,Moderate
31.6,8.4,6.2,11,Dark Green,10,180,79,Moderate
30.5,9.0,3.6,10,Brown,2,172,143,Moderate
29.4,6.7,8.0,8,Brown,21,113,11,Moderate
35.0,8.2,5.2,11,Green,16,274,89,Moderate
32.6,7.1,4.2,11,Black,0,153,135,Moderate
29.8,8.3,4.0,30,Black,22,254,81,Moderate
29.8,7.4,4.4,12,Light Green,11,289,106,Healthy
28.8,8.8,6.8,29,Brown,33,109,89,Moderate
34.5,8.4,5.3,27,Black,0,33,45,Moderate
30.7,8.6,6.9,13,Brown,36,163,46,Moderate
25.2,8.9,3.8,31,Brown,29,95,46,High
30.9,9.2,7.9,27,Black,17,184,112,High
27.3,6.8,6.3,9,Brown,34,107,13,Moderate
28.9,9.4,2.3,14,Light Green,30,63,84,High
27.6,7.3,6.9,6,Brown,39,271,84,Moderate
25.5,9.5,4.4,16,Light Green,15,217,68,Moderate
32.5,7.4,6.4,11,Dark Green,35,92,128,Moderate
32.5,9.5,4.9,9,Light Green,26,90,52,Moderate
25.7,8.0,2.7,6,Brown,2,258,111,Moderate
30.8,8.0,4.6,18,Dark Green,5,136,111,Healthy
27.4,9.2,3.7,5,Dark Green,38,82,78,High
34.2,7.1,6.9,22,Light Green,12,118,20,Moderate
27.2,7.8,6.2,29,Light Green,8,211,50,Healthy
28.5,8.8,7.0,28,Black,40,238,26,Moderate
27.4,7.2,5.1,7,Brown,9,184,65,Healthy
27.1,8.8,7.3,26,Green,2,41,45,Healthy
28.2,6.7,2.3,7,Green,4,117,127,Moderate
27.4,6.8,7.4,12,Black,6,235,130,Moderate
31.6,6.8,4.0,35,Brown,18,116,35,High
32.6,7.5,5.4,9,Light Green,5,277,89,Healthy
31.8,7.8,2.2,24,Green,10,232,64,Moderate
32.5,9.0,4.6,7,Black,32,76,71,High
31.2,8.7,7.9,16,Green,22,240,2,Moderate
30.7,7.9,4.4,30,Light Green,24,109,86,Moderate
30.5,7.7,5.2,28,Black,16,51,61,Moderate
33.3,8.8,6.7,17,Black,8,185,30,Moderate
31.2,8.7,5.9,31,Black,17,81,138,High
33.9,9.3,5.1,17,Dark Green,32,119,141,High
24.3,9.1,7.9,11,Brown,9,155,20,Moderate
34.0,7.1,7.4,23,Brown,19,43,29,Moderate
34.5,7.6,7.7,9,Dark Green,17,269,132,Moderate
33.1,8.6,3.7,28,Brown,12,247,115,High
31.5,6.9,4.9,23,Dark Green,8,48,66,Moderate
34.6,7.6,3.5,6,Light Green,1,164,125,Moderate
30.5,8.0,2.7,30,Dark Green,32,26,124,High
33.8,7.2,4.7,18,Brown,37,20,147,High
34.1,9.4,7.3,23,Light Green,32,119,41,Moderate
27.5,7.6,3.4,21,Brown,9,136,14,Moderate
31.0,7.8,3.4,33,Brown,33,186,88,Moderate
32.3,9.1,2.5,14,Black,20,219,136,High
27.0,9.2,4.8,5,Black,32,47,61,High
33.1,9.3,3.4,11,Light Green,35,262,33,High
25.0,6.7,2.1,16,Dark Green,32,63,17,High
24.5,6.7,7.4,22,Black,8,121,51,High
24.9,8.2,5.5,35,Brown,34,122,74,Moderate
24.1,7.4,6.7,7,Black,7,152,133,Moderate
28.5,6.8,4.4,31,Brown,37,252,22,Moderate
31.3,7.6,6.2,27,Brown,13,118,80,Healthy
31.9,8.5,4.1,6,Light Green,16,53,105,Moderate
30.7,6.6,7.1,18,Light Green,18,64,3,Moderate
25.8,7.2,3.2,6,Light Green,30,194,19,High
33.0,8.7,7.6,22,Green,5,153,62,Healthy
33.2,8.0,6.2,34,Dark Green,11,182,132,Moderate
33.7,9.3,7.9,7,Green,8,271,147,Moderate
32.8,6.5,4.0,7,Brown,17,100,109,High
24.7,6.7,6.3,5,Black,29,192,91,High
32.2,6.7,4.7,31,Dark Green,18,232,76,High
33.8,8.9,4.1,16,Green,16,258,131,Moderate
29.4,6.8,7.8,5,Dark Green,15,143,38,Moderate
28.3,9.1,4.5,27,Light Green,29,173,17,Moderate
30.8,9.3,6.4,28,Green,36,111,141,Moderate
34.1,8.8,6.0,31,Green,12,221,137,Moderate
26.1,8.0,3.2,16,Brown,10,202,126,Moderate
25.3,6.9,2.9,21,Dark Green,3,124,41,High
31.6,9.2,2.7,28,Light Green,28,185,147,High
25.7,7.7,6.9,15,Green,19,134,25,Moderate
30.4,7.0,4.1,19,Light Green,14,75,11,Healthy
27.9,8.9,2.9,12,Dark Green,29,124,92,High
33.2,9.2,2.2,28,Green,14,267,7,High
31.1,7.1,2.7,7,Black,22,186,31,High
31.9,6.8,7.7,25,Green,18,180,53,Moderate
31.4,9.3,7.2,15,Light Green,5,62,149,Healthy
24.7,9.4,6.8,29,Black,7,74,5,High
28.4,8.7,4.8,14,Brown,39,229,145,Moderate
30.7,8.8,6.1,16,Brown,27,170,105,Moderate
26.3,8.4,6.1,24,Black,31,64,130,Moderate
26.5,7.2,7.0,16,Black,2,172,7,Moderate
26.5,6.9,7.7,17,Black,12,111,14,Moderate
29.3,9.3,3.7,11,Dark Green,12,145,56,High
28.8,8.2,7.5,33,Brown,1,155,99,Healthy
24.8,7.5,5.6,16,Light Green,23,87,68,Moderate
30.6,6.9,2.2,24,Black,3,287,70,High
25.4,8.7,4.5,23,Light Green,30,149,126,Moderate
27.7,7.6,4.1,29,Black,11,288,108,Moderate
31.8,7.8,2.0,24,Dark Green,10,123,4,Moderate
24.2,8.2,4.9,23,Brown,25,196,20,Moderate
29.2,7.7,3.8,16,Dark Green,28,41,68,High
27.3,8.2,5.1,12,Light Green,3,26,126,Healthy
25.2,7.5,2.4,22,Green,6,57,122,Moderate
34.0,6.8,4.2,16,Light Green,30,93,30,High
30.9,7.8,6.1,34,Light Green,16,25,3,Healthy
27.3,7.9,5.7,12,Dark Green,10,171,46,Healthy
30.4,9.0,6.4,11,Light Green,38,237,113,Moderate
28.5,9.0,3.0,21,Dark Green,17,181,17,High
30.5,8.8,2.3,25,Brown,5,242,20,Moderate
26.5,7.4,6.0,11,Light Green,1,251,140,Healthy
28.0,8.8,7.0,21,Brown,16,31,146,Moderate
32.9,8.5,2.5,29,Green,18,290,140,Moderate
31.1,7.9,6.1,7,Green,2,287,95,Healthy
34.4,7.7,5.0,22,Light Green,12,251,61,Healthy
24.6,7.0,4.7,12,Light Green,29,278,29,Moderate
24.4,7.4,3.4,34,Black,13,72,50,High
25.0,7.3,3.3,8,Green,25,243,50,High
28.0,7.6,2.8,33,Light Green,1,38,101,Healthy
28.3,9.1,6.9,33,Black,26,163,141,High
31.7,8.8,3.7,13,Dark Green,7,241,23,High
33.2,7.3,5.4,16,Dark Green,39,289,81,High
33.7,8.7,4.0,22,Green,33,99,125,Moderate
30.1,8.3,2.3,7,Black,18,217,64,High
33.5,8.8,5.2,14,Light Green,24,171,122,Moderate
32.5,9.1,7.9,25,Light Green,19,193,116,Moderate
31.7,6.9,6.7,19,Brown,7,284,60,Moderate
30.6,7.3,6.1,18,Light Green,34,45,95,Moderate
29.5,8.7,5.1,5,Brown,36,258,87,Moderate
32.1,8.0,5.1,30,Brown,14,254,97,Healthy
33.7,7.8,8.0,17,Brown,18,53,127,Moderate
25.4,9.4,3.6,11,Light Green,7,121,136,High
26.9,6.9,8.0,13,Green,40,37,35,Moderate
35.0,8.6,5.8,23,Light Green,24,121,87,Moderate
32.9,8.4,2.4,10,Black,37,147,7,High
27.3,9.3,7.9,35,Dark Green,4,137,94,Moderate
25.7,7.4,7.6,25,Green,4,211,17,Healthy
32.6,9.1,2.0,15,Brown,17,183,147,High
33.8,8.3,4.3,7,Green,13,172,138,Moderate
32.3,8.4,2.2,9,Light Green,10,72,141,Moderate
30.9,6.9,2.5,14,Black,27,256,114,High
34.0,9.4,2.6,31,Green,39,267,96,High
27.7,7.3,3.6,15,Black,8,291,71,High
26.9,7.1,5.0,7,Black,13,221,128,Moderate
27.3,8.5,5.3,5,Black,3,102,109,Healthy
27.9,8.4,3.5,29,Brown,7,143,5,Moderate
25.3,8.1,6.0,29,Green,36,265,32,Moderate
28.4,7.5,4.0,29,Light Green,11,44,37,Healthy
30.1,9.4,4.4,10,Dark Green,18,268,75,High
33.5,8.4,3.5,30,Dark Green,22,289,72,High
25.8,6.6,7.8,16,Green,3,282,72,Moderate
31.1,7.8,4.8,34,Light Green,9,27,56,Healthy
27.6,8.1,3.0,9,Dark Green,25,157,96,High
24.1,7.0,3.1,32,Brown,11,96,144,High
34.0,7.4,2.7,35,Dark Green,15,165,78,High
30.4,6.8,2.3,32,Light Green,11,182,25,Moderate
30.0,8.1,3.3,24,Green,16,24,58,Moderate
27.3,8.7,2.7,21,Green,35,155,56,Moderate
34.8,8.1,3.9,31,Black,28,273,63,High
34.1,8.5,4.2,28,Black,31,34,58,High
24.3,7.6,2.7,26,Light Green,38,249,122,High
31.6,7.6,7.7,10,Brown,25,133,51,Moderate
25.0,8.7,6.5,15,Black,11,64,129,Moderate
32.8,7.2,2.8,33,Black,10,207,59,High
24.9,8.1,5.3,25,Brown,31,279,116,Moderate
34.8,8.8,3.3,27,Light Green,22,296,127,High
25.9,7.6,2.2,27,Black,24,181,58,High
27.6,7.6,3.3,29,Brown,38,267,46,Moderate
31.4,8.8,3.0,34,Dark Green,10,222,129,High
33.8,8.5,5.4,18,Dark Green,12,230,23,Moderate
31.5,6.8,6.4,7,Black,5,104,128,Moderate
31.5,8.5,4.7,6,Brown,33,189,117,Moderate
32.1,6.9,4.6,30,Light Green,9,263,73,Moderate
26.3,7.5,5.7,14,Brown,18,242,85,Moderate
28.2,7.8,5.8,10,Brown,28,139,128,Moderate
33.5,9.0,6.8,17,Green,38,183,94,Moderate
27.7,7.5,7.1,20,Brown,25,154,131,Moderate
31.4,9.4,2.5,17,Brown,20,246,84,High
28.2,7.3,2.7,26,Light Green,7,268,81,Moderate
29.6,7.3,4.5,6,Black,37,66,150,High
25.9,8.7,3.1,33,Black,18,204,138,High
31.0,9.0,6.1,27,Dark Green,21,142,36,Moderate
34.5,9.0,4.2,11,Brown,14,98,91,Moderate
24.4,8.0,3.7,24,Brown,36,90,18,High
29.5,9.0,3.1,15,Green,15,165,59,Moderate
25.9,8.6,6.1,23,Dark Green,19,115,35,High
27.4,8.6,5.3,19,Light Green,14,224,34,Healthy
33.8,8.9,6.8,12,Black,31,234,51,High
31.1,6.6,6.5,35,Brown,32,101,13,Moderate
34.3,9.3,2.2,22,Brown,18,195,17,High
25.9,7.8,3.6,7,Brown,34,115,43,High
27.3,6.9,2.8,6,Brown,15,136,150,Moderate
32.8,7.7,6.9,20,Light Green,4,143,55,Healthy
25.9,8.1,2.1,30,Light Green,28,148,99,High
24.2,8.1,6.2,22,Dark Green,18,175,20,Moderate
27.0,6.5,5.2,23,Black,11,289,102,Moderate
26.5,9.2,7.5,7,Green,22,191,107,Moderate
28.2,8.0,6.9,28,Green,4,44,62,Healthy
28.5,8.4,6.9,5,Green,14,41,122,Healthy
28.2,7.6,7.7,27,Green,30,171,140,Healthy
33.1,7.2,2.4,16,Black,18,85,96,High
24.1,9.3,7.2,11,Black,2,49,150,Moderate
29.5,6.8,5.8,28,Brown,6,178,71,Moderate
25.6,7.4,7.9,10,Dark Green,21,212,20,High
27.1,6.9,7.6,12,Green,4,81,67,Healthy
30.9,7.3,4.7,17,Dark Green,18,207,72,Moderate
25.7,8.0,7.2,5,Green,30,65,138,Moderate
30.2,7.9,2.2,10,Dark Green,15,54,148,Moderate
24.6,7.3,6.4,6,Dark Green,12,185,62,Moderate
30.9,8.4,2.3,25,Dark Green,31,238,137,High
32.2,9.2,6.6,20,Black,15,189,32,Moderate
31.2,7.5,7.3,20,Brown,5,181,5,Healthy
31.5,8.3,7.8,17,Dark Green,22,144,128,Moderate
32.6,6.8,2.3,5,Green,36,189,28,High
29.4,8.2,5.7,32,Green,5,262,37,Healthy
29.8,6.6,2.1,29,Brown,27,75,99,High
34.3,8.6,7.7,17,Light Green,34,58,2,Moderate
33.2,7.1,6.8,8,Light Green,22,149,57,Moderate
29.5,6.5,7.4,14,Brown,32,146,120,Moderate
34.9,7.0,4.1,34,Light Green,21,174,42,Moderate
31.5,9.5,4.5,6,Black,27,252,67,High
30.7,8.7,5.5,8,Green,35,189,44,Moderate
31.1,7.7,7.4,20,Black,11,182,138,Moderate
30.1,7.9,6.3,22,Dark Green,36,52,108,Moderate
33.8,8.2,5.6,19,Black,4,299,101,Moderate
25.0,8.6,3.1,24,Light Green,26,104,102,High
30.2,8.4,3.9,26,Dark Green,28,116,83,High
32.3,9.5,3.3,21,Brown,4,155,144,Moderate
31.7,7.6,4.7,28,Black,5,86,32,Moderate
26.3,8.6,7.5,18,Dark Green,19,134,91,Moderate
34.9,7.9,3.2,33,Black,40,232,65,High
25.4,8.0,2.4,16,Dark Green,36,178,16,High
27.9,6.7,2.4,35,Black,18,200,39,High
33.0,7.2,7.3,19,Green,24,108,29,Moderate
32.0,6.9,6.3,10,Light Green,12,33,47,Moderate
26.9,6.5,7.1,32,Light Green,9,258,138,Healthy
30.8,7.9,5.7,7,Dark Green,30,298,3,Moderate
28.5,7.0,7.2,8,Light Green,25,273,11,Moderate
27.1,7.2,5.9,9,Green,38,243,32,Moderate
32.7,8.2,6.7,33,Light Green,39,223,104,Moderate
27.8,7.8,7.5,9,Dark Green,37,48,78,Moderate
28.1,8.9,8.0,10,Dark Green,30,277,137,Moderate
25.9,7.8,6.1,24,Black,11,290,27,Moderate
25.4,7.9,3.9,22,Black,11,85,31,High
26.8,8.6,3.6,9,Light Green,33,83,127,Moderate
30.0,9.0,6.7,33,Brown,26,222,36,Moderate
34.4,7.6,6.9,8,Brown,29,299,81,Moderate
25.6,7.1,2.9,21,Dark Green,26,40,71,High
30.4,8.8,3.6,34,Light Green,21,289,56,Moderate
32.8,7.3,5.5,14,Black,18,78,10,High
29.4,7.7,6.4,15,Black,40,156,24,Moderate
28.6,6.9,4.5,15,Green,20,23,101,Moderate
25.4,9.2,2.2,18,Dark Green,30,72,134,High
30.8,7.8,6.8,35,Brown,11,120,96,Healthy
30.2,8.6,6.1,12,Brown,32,176,101,Moderate
27.5,7.9,5.3,20,Dark Green,14,266,92,Healthy
24.2,7.4,4.8,9,Dark Green,10,220,146,Moderate
33.2,8.7,5.6,6,Brown,3,59,119,Moderate
33.9,6.5,6.4,19,Green,27,117,40,Moderate
29.3,8.2,7.4,9,Dark Green,7,231,10,Healthy
33.6,7.4,5.4,34,Dark Green,35,231,86,High
24.6,7.3,5.8,34,Brown,0,271,119,Moderate
32.8,8.5,6.6,33,Dark Green,22,105,52,Moderate
32.9,8.4,4.2,26,Dark Green,26,70,62,Moderate
31.5,7.7,3.0,17,Brown,32,198,96,High
32.4,9.4,4.2,9,Light Green,11,252,141,Moderate
30.2,7.3,2.6,19,Brown,36,281,128,High
30.5,7.4,4.9,31,Green,2,221,141,Healthy
31.4,7.3,6.7,21,Green,36,77,69,Moderate
24.1,6.8,2.6,25,Dark Green,35,247,102,High
26.2,8.2,3.2,24,Green,36,181,33,Moderate
33.2,7.8,5.7,10,Brown,24,223,24,Moderate
26.4,7.4,2.7,19,Green,21,125,91,Moderate
27.4,8.7,2.2,5,Light Green,6,149,114,Moderate
25.4,7.7,5.7,30,Green,16,100,102,Moderate
32.4,9.1,6.0,33,Brown,23,126,130,Moderate
27.4,6.9,6.5,16,Light Green,1,145,123,Healthy
32.8,6.7,7.4,12,Green,15,228,18,Moderate
31.1,6.7,4.6,14,Black,4,53,39,Moderate
24.6,7.2,4.8,33,Dark Green,15,100,72,Moderate
30.1,7.3,6.0,22,Black,26,277,39,Moderate
34.4,7.8,4.2,25,Light Green,3,250,48,Healthy
33.6,8.4,4.8,11,Brown,6,35,63,Moderate
34.0,8.8,6.0,9,Light Green,39,80,121,Moderate
26.2,7.2,6.9,33,Green,0,256,112,Healthy
27.9,7.0,7.3,17,Light Green,38,229,140,Moderate
28.0,6.8,4.0,5,Light Green,37,82,39,Moderate
30.1,8.4,2.6,11,Brown,6,292,15,Moderate
28.5,9.5,5.4,16,Dark Green,40,222,57,Moderate
28.7,8.7,3.6,28,Green,9,99,45,Moderate
33.4,8.7,2.6,15,Dark Green,21,59,28,High
29.6,7.3,3.3,30,Black,22,67,106,High
25.1,6.7,2.4,27,Black,30,40,43,High
32.7,7.7,4.1,19,Brown,24,218,78,Moderate
30.2,9.1,7.8,12,Light Green,12,86,109,Healthy
24.1,8.2,7.9,30,Black,29,29,30,High
30.6,7.8,3.3,7,Light Green,19,39,120,Moderate
33.3,7.2,7.2,17,Light Green,34,214,10,Moderate
31.3,7.6,3.6,33,Light Green,32,115,73,Moderate
29.0,8.8,4.0,27,Dark Green,9,268,137,Moderate
31.2,7.4,5.2,32,Light Green,5,212,57,Healthy
30.2,6.7,3.1,13,Light Green,12,150,131,Moderate
25.4,7.1,3.4,16,Brown,34,267,46,High
32.9,7.0,2.6,31,Black,20,32,49,High
30.2,8.3,2.4,9,Black,26,48,9,High
33.2,7.0,6.7,13,Brown,4,192,139,Moderate
31.6,8.0,4.7,19,Dark Green,4,159,80,Moderate
32.1,6.7,5.1,17,Black,20,186,2,High
24.2,9.2,7.3,10,Brown,15,167,41,Moderate
28.0,9.4,7.5,27,Dark Green,13,298,32,Moderate
24.1,9.0,3.1,22,Brown,1,49,116,Moderate
26.7,7.1,4.0,18,Dark Green,19,64,92,Moderate
27.1,8.9,2.3,19,Black,10,56,9,High
30.2,8.9,7.2,14,Green,25,66,52,Moderate
28.5,8.4,7.9,34,Brown,32,278,41,Moderate
27.4,7.1,5.6,16,Black,2,180,33,Moderate
33.8,8.9,3.0,15,Green,39,218,84,High
26.9,8.3,4.5,24,Green,10,38,126,Healthy
32.2,6.7,6.3,13,Black,12,237,29,Moderate
32.6,8.7,7.3,7,Green,15,268,52,Healthy
30.3,9.0,7.6,30,Light Green,40,154,17,Moderate
28.7,8.1,2.7,33,Green,0,66,59,Healthy
29.8,8.1,4.7,14,Black,23,181,121,Moderate
29.4,6.8,2.5,8,Brown,40,238,96,High
28.4,6.7,4.9,11,Green,21,67,129,Moderate
31.9,8.0,2.9,25,Black,18,244,54,High
30.3,9.2,3.7,11,Light Green,31,80,27,High
26.8,9.4,5.7,35,Light Green,32,62,64,Moderate
26.7,7.3,5.3,17,Green,1,282,26,Healthy
29.8,8.1,4.4,31,Dark Green,34,171,72,Moderate
34.9,7.5,4.9,11,Dark Green,3,218,86,Moderate
25.9,8.1,4.0,31,Green,0,67,76,Healthy
34.0,7.6,6.0,5,Green,37,94,82,Moderate
31.5,8.1,4.4,31,Black,13,157,46,Moderate
32.9,7.1,3.9,12,Light Green,2,171,78,Moderate
25.3,9.2,2.2,14,Black,13,25,54,High
30.2,8.9,3.7,30,Green,2,184,4,Moderate
32.3,8.2,2.0,30,Light Green,17,136,52,Moderate
29.2,8.8,7.3,20,Black,5,145,6,Moderate
29.5,9.2,6.4,20,Brown,30,76,45,Moderate
30.3,9.3,4.0,26,Dark Green,28,92,125,High
24.4,6.8,3.5,31,Black,35,144,22,High
31.9,8.0,7.9,8,Black,40,293,35,Moderate
32.3,7.5,6.3,12,Black,3,140,86,Moderate
31.8,8.9,3.2,12,Brown,6,90,143,Moderate
31.6,8.4,7.6,17,Brown,37,96,102,Moderate
27.3,7.7,4.2,6,Dark Green,38,222,144,Moderate
28.2,7.6,5.5,5,Light Green,40,225,90,Healthy
26.6,9.2,5.0,24,Green,7,125,41,Healthy
27.7,9.1,6.3,8,Brown,12,289,87,Moderate
34.8,9.0,2.8,11,Brown,35,261,30,High
27.7,8.0,5.4,19,Dark Green,36,46,56,Moderate
28.2,6.7,5.7,31,Light Green,17,228,132,Moderate
27.0,9.4,7.3,27,Light Green,19,46,38,Moderate
33.8,9.5,6.6,35,Green,38,179,90,Moderate
34.6,9.5,2.5,31,Light Green,24,115,37,High
25.7,9.0,6.0,19,Brown,17,244,16,Moderate
28.4,6.6,2.1,27,Green,2,261,80,Moderate
29.8,7.9,2.0,13,Brown,25,194,82,Moderate
33.8,8.2,2.6,24,Brown,24,107,92,High
30.2,6.7,5.8,30,Brown,14,217,107,Moderate
28.1,7.5,4.4,21,Dark Green,20,267,83,Moderate
27.0,8.6,6.7,5,Black,11,229,94,Moderate
28.0,7.1,5.0,24,Light Green,2,298,5,Healthy
29.9,7.1,5.0,7,Dark Green,34,97,43,Moderate
25.1,8.6,3.0,14,Light Green,22,223,3,High
26.2,8.6,7.5,17,Black,10,300,49,Moderate
26.4,9.3,5.8,6,Black,26,95,69,High
26.2,6.8,3.2,31,Green,5,179,119,Moderate
31.6,9.0,5.5,25,Dark Green,22,265,106,Moderate
34.5,7.6,5.8,14,Black,18,237,16,High
28.6,9.1,2.1,20,Light Green,24,51,33,High
34.7,6.8,6.7,28,Dark Green,10,280,123,Moderate
32.3,8.2,8.0,6,Brown,19,184,21,Moderate
24.0,8.6,7.6,8,Light Green,24,141,74,Moderate
26.2,6.5,2.4,22,Black,26,186,68,High
34.8,8.4,6.5,33,Black,39,135,124,High
32.9,6.6,4.6,15,Dark Green,22,114,115,High
24.1,8.1,4.0,19,Dark Green,26,44,4,High
31.4,7.5,4.6,23,Brown,21,195,149,Moderate
29.4,6.9,5.7,35,Dark Green,9,86,141,Moderate
33.3,8.6,4.5,21,Brown,19,184,95,High
33.4,7.4,7.8,19,Light Green,30,87,33,Moderate
29.5,9.4,4.8,9,Brown,8,56,7,Moderate
34.9,9.1,4.4,30,Brown,39,100,114,High
27.8,7.8,2.4,18,Light Green,23,261,67,Moderate
29.5,6.8,2.2,16,Green,23,259,89,High
24.2,9.2,3.1,13,Dark Green,2,158,19,High
26.7,6.7,2.2,16,Brown,24,219,135,High
30.3,8.7,2.7,18,Brown,25,259,52,High
25.3,6.6,8.0,33,Black,10,114,47,High
26.2,6.8,6.4,16,Black,5,103,140,Moderate
28.2,7.9,5.4,16,Green,16,96,144,Healthy
32.9,7.9,2.6,7,Brown,13,288,69,Moderate
29.5,9.2,2.1,27,Brown,11,108,60,Moderate
26.8,7.2,7.1,24,Light Green,39,70,68,Moderate
27.5,8.1,3.8,9,Green,17,261,12,Moderate
29.0,9.2,6.4,11,Brown,6,104,117,Moderate
34.7,9.1,6.0,16,Dark Green,0,145,115,Moderate
31.3,8.1,5.7,8,Dark Green,11,133,67,Moderate
34.3,6.6,2.1,32,Dark Green,19,50,20,High
30.8,7.5,6.2,25,Black,27,263,144,Moderate
32.2,6.7,5.7,16,Dark Green,26,134,73,High
29.6,7.7,4.8,12,Brown,31,260,117,Moderate
34.9,8.3,7.5,32,Light Green,30,130,77,Moderate
29.5,6.7,5.1,14,Light Green,5,128,58,Healthy
24.7,8.0,6.7,16,Dark Green,6,178,121,Moderate
24.8,8.8,4.0,8,Light Green,29,283,88,Moderate
31.1,7.8,7.6,30,Black,12,55,102,Moderate
33.9,7.8,6.1,23,Black,37,86,6,High
27.5,6.9,7.8,33,Green,28,241,82,Moderate
25.0,9.3,4.3,18,Green,39,48,2,High
26.0,7.6,7.1,27,Dark Green,18,41,118,Moderate
25.2,9.0,5.1,28,Brown,19,34,103,Moderate
26.7,6.6,6.1,8,Brown,12,268,101,Moderate
26.2,9.1,6.9,26,Black,2,231,145,Moderate
32.4,6.7,5.5,34,Green,21,152,28,Moderate
32.0,6.7,3.7,13,Brown,24,33,48,High
30.1,9.1,3.9,20,Black,6,217,52,High
34.2,7.8,3.4,14,Dark Green,16,36,77,High
26.5,7.2,6.4,12,Dark Green,15,287,37,Moderate
33.9,7.7,3.7,22,Light Green,37,241,139,High
24.2,9.0,5.2,20,Brown,31,228,34,Moderate
28.6,8.6,5.6,32,Light Green,5,156,43,Healthy
24.9,8.3,4.7,9,Green,29,85,47,Moderate
33.6,7.5,5.4,17,Green,38,21,8,Moderate
29.6,7.2,8.0,20,Brown,5,93,48,Healthy
25.3,9.0,7.5,28,Black,4,263,15,Moderate
26.9,7.4,3.8,21,Green,35,87,66,Moderate
33.2,7.2,5.6,5,Dark Green,27,295,54,High
30.7,6.5,3.5,23,Light Green,29,75,102,High
29.3,9.3,6.9,19,Light Green,31,206,99,Moderate
26.3,8.1,5.6,7,Brown,3,42,64,Healthy
29.1,9.2,5.6,13,Green,21,259,3,Moderate
27.9,9.1,2.5,29,Green,16,226,113,High
29.8,6.6,4.1,33,Light Green,21,77,141,Moderate
31.0,8.8,6.8,24,Dark Green,0,107,56,Healthy
24.5,8.6,5.2,7,Dark Green,36,73,44,High
30.6,6.7,7.1,31,Brown,26,114,7,Moderate
29.7,8.6,3.8,32,Black,23,170,43,High
25.1,7.3,2.6,33,Light Green,29,188,23,High
25.3,9.3,2.8,23,Brown,17,81,117,High
26.2,8.2,3.4,27,Brown,35,221,79,Moderate
33.3,9.1,2.2,20,Brown,25,225,22,High
28.6,6.8,5.0,24,Brown,23,30,66,Moderate
27.0,6.9,3.3,7,Brown,2,29,7,Moderate
28.9,8.9,2.4,8,Dark Green,39,231,29,High
25.2,6.7,5.1,6,Dark Green,32,192,145,High
33.1,8.5,4.2,11,Brown,31,31,109,Moderate
32.8,9.1,4.1,29,Brown,10,166,56,Moderate
31.7,6.7,3.5,22,Green,24,263,107,High
28.6,7.2,7.9,15,Green,19,233,11,Moderate
34.9,8.8,7.3,6,Dark Green,29,75,86,High
27.4,9.0,7.3,9,Black,3,127,17,Moderate
31.5,7.2,5.7,13,Black,26,220,112,High
29.3,8.4,6.9,33,Dark Green,21,22,104,Moderate
26.3,7.5,4.4,12,Black,16,119,46,Moderate
25.0,6.6,3.3,29,Green,9,33,6,High
27.2,9.4,3.1,22,Green,26,65,125,High
27.4,9.4,3.9,5,Dark Green,5,34,74,Moderate
32.1,8.8,2.5,21,Black,0,36,138,High
34.7,9.3,6.9,17,Green,6,294,128,Moderate
31.9,8.7,6.5,8,Light Green,1,111,79,Healthy
32.1,8.7,6.2,26,Green,4,133,16,Healthy
28.3,7.9,7.0,23,Brown,8,286,99,Healthy
24.8,9.1,3.2,26,Dark Green,18,223,89,High
27.4,7.7,6.9,25,Brown,15,299,24,Healthy
34.8,7.5,7.4,28,Light Green,21,295,134,Moderate
27.2,8.4,6.8,5,Black,32,126,127,Moderate
29.7,8.9,3.9,22,Brown,40,90,143,High
32.1,6.6,6.3,7,Black,12,158,99,Moderate
26.4,9.4,6.7,6,Brown,20,29,1,Moderate
25.4,9.2,4.3,29,Green,32,171,103,High
34.9,9.2,3.8,33,Light Green,7,289,99,High
30.7,6.7,6.5,28,Black,33,196,82,High
31.8,8.8,2.4,14,Light Green,8,130,8,Moderate
24.2,6.8,6.6,20,Brown,37,283,35,High
30.0,7.0,6.8,16,Dark Green,20,208,67,Moderate
29.2,8.2,6.0,28,Black,19,143,64,Moderate
33.9,8.5,6.3,33,Brown,24,43,131,Moderate
25.3,7.6,5.7,14,Black,17,181,113,High
31.2,7.2,5.1,34,Dark Green,1,266,2,Moderate
33.2,7.4,5.5,25,Brown,31,249,46,Moderate
32.1,8.0,4.9,21,Green,7,21,134,Healthy
30.5,9.5,3.5,20,Light Green,38,233,64,High
28.6,7.6,7.2,25,Green,2,171,47,Healthy
34.4,8.3,2.3,20,Dark Green,10,51,69,High
33.1,8.9,2.3,6,Light Green,23,53,73,High
27.7,7.6,7.7,5,Brown,4,35,30,Healthy
26.5,7.0,5.7,35,Green,20,195,51,Moderate
28.2,6.7,5.9,20,Black,31,153,108,High
29.0,8.7,5.7,21,Dark Green,21,122,144,Moderate
29.5,8.1,5.4,18,Black,20,25,120,Moderate
34.6,7.8,6.0,28,Black,8,160,39,Moderate
24.8,9.4,5.5,19,Brown,21,36,58,High
25.3,8.0,6.3,23,Light Green,23,166,21,Moderate
30.9,9.2,4.9,16,Brown,10,194,137,Moderate
24.8,8.2,2.5,13,Brown,31,135,62,High
32.6,6.6,6.3,9,Black,13,236,79,Moderate
33.5,7.6,4.8,32,Light Green,31,108,144,Moderate
24.9,8.6,4.5,28,Black,34,214,5,High
33.8,7.0,4.6,14,Brown,35,220,4,High
27.6,9.0,6.4,17,Light Green,12,116,89,Healthy
25.3,6.6,2.7,31,Black,19,232,37,High
24.0,8.0,7.6,30,Green,5,263,23,Healthy
29.9,6.6,2.7,25,Light Green,16,140,109,High
26.2,8.8,6.7,24,Light Green,1,240,150,Healthy
26.1,7.9,3.1,28,Brown,21,155,120,Moderate
33.8,6.9,2.9,35,Black,28,82,65,High
28.6,7.0,2.9,15,Brown,5,120,133,Moderate
26.4,8.1,2.1,9,Black,4,227,74,Moderate
24.1,9.1,2.5,22,Black,23,251,49,High
26.3,9.4,2.9,33,Green,6,271,132,Moderate
31.6,8.2,7.9,15,Brown,2,147,35,Healthy
25.8,7.3,8.0,10,Black,19,270,57,High
28.3,7.6,6.8,35,Dark Green,29,299,111,Moderate
32.7,8.5,7.6,12,Brown,6,55,71,Healthy
25.0,7.7,6.3,30,Black,8,240,16,Moderate
27.3,9.4,7.8,30,Brown,0,26,52,Healthy
26.9,8.9,7.7,20,Black,32,186,40,Moderate
32.8,8.0,4.4,14,Green,39,59,23,Moderate
26.9,7.2,7.9,9,Light Green,20,220,31,Moderate
32.3,9.2,7.8,21,Light Green,36,76,129,Moderate
34.7,8.3,5.0,25,Green,28,215,60,Moderate
24.7,8.6,4.2,16,Green,29,174,42,Moderate
30.3,7.6,6.7,8,Black,15,186,92,Moderate
34.7,7.2,7.8,14,Green,13,174,15,Moderate
28.5,7.1,4.8,6,Dark Green,11,95,102,Moderate
33.7,9.0,4.6,18,Dark Green,26,105,128,High
29.4,6.7,2.6,14,Black,21,77,47,High
26.5,8.4,6.9,12,Black,17,204,134,Moderate
26.8,7.7,5.9,28,Green,17,212,32,Healthy
29.4,7.4,4.7,28,Black,22,95,110,High
28.0,7.9,5.6,5,Green,17,141,83,Healthy
33.7,6.9,5.8,25,Black,38,180,8,High
28.0,9.4,6.0,16,Light Green,21,251,121,Moderate
30.2,9.2,4.7,24,Green,18,154,2,Moderate
24.4,7.2,5.8,15,Green,20,36,27,Moderate
25.6,9.5,3.1,7,Green,9,147,24,High
29.8,8.8,5.6,15,Black,13,85,97,Moderate
25.8,6.8,3.5,33,Dark Green,34,267,108,High
29.4,7.5,2.8,14,Black,2,34,116,Moderate
28.8,7.2,3.2,15,Light Green,13,68,17,Moderate
34.3,9.4,5.9,34,Light Green,0,295,33,Moderate
33.1,8.6,5.3,26,Green,35,232,16,Moderate
32.2,8.4,6.4,10,Green,11,108,125,Healthy
29.3,7.6,6.4,30,Brown,20,186,97,Moderate
27.8,8.7,4.8,12,Dark Green,28,163,18,Moderate
33.2,7.8,4.8,18,Dark Green,17,262,24,High
27.4,7.5,7.3,8,Brown,24,180,110,Moderate
26.8,8.2,2.9,13,Green,15,209,40,Moderate
29.1,9.2,6.5,32,Black,5,287,105,Moderate
26.9,8.9,5.0,24,Dark Green,39,197,80,Moderate
24.7,7.8,7.5,29,Light Green,21,294,36,Moderate
24.7,8.6,7.3,13,Dark Green,34,140,16,High
34.2,8.4,6.3,16,Black,23,252,11,High
26.9,9.4,3.1,28,Green,27,262,140,High
29.3,7.8,4.6,24,Light Green,17,174,46,Moderate
29.7,7.3,3.8,20,Light Green,21,160,28,Moderate
31.1,8.3,6.4,13,Black,13,57,139,Moderate
28.0,9.3,4.0,9,Black,6,235,85,Moderate
29.5,8.2,5.0,21,Brown,30,279,98,Moderate
24.7,7.8,7.2,25,Black,2,240,93,Moderate
25.2,9.4,4.8,22,Black,26,177,64,High
30.9,9.3,6.8,10,Light Green,1,153,57,Healthy
30.8,7.4,3.5,31,Dark Green,6,242,100,Moderate
29.0,8.6,5.3,28,Black,16,45,42,Moderate
27.6,7.5,2.5,18,Brown,28,141,94,Moderate
30.9,8.0,2.9,19,Light Green,5,277,100,Healthy
26.0,7.8,3.6,7,Black,9,58,24,Moderate
28.2,6.9,5.6,5,Brown,18,190,13,Moderate
27.6,7.3,2.5,14,Dark Green,2,300,78,Moderate
25.8,7.3,6.9,11,Dark Green,12,292,128,Moderate
33.0,9.2,5.9,31,Black,30,176,53,High
31.4,9.2,2.4,13,Black,2,23,78,High
31.2,8.7,4.4,31,Dark Green,15,206,87,Moderate
26.4,7.9,6.0,27,Green,33,247,9,Healthy
30.6,7.7,6.6,29,Dark Green,34,171,25,Moderate
31.5,9.1,7.8,18,Light Green,37,221,45,Moderate
32.9,7.1,2.7,22,Brown,4,143,9,Moderate
26.9,9.2,6.6,30,Brown,37,32,27,Moderate
28.4,8.1,7.6,17,Dark Green,4,181,123,Healthy
30.0,8.5,7.6,6,Brown,4,76,24,Healthy
25.9,7.7,3.4,29,Green,15,156,142,Moderate
26.3,7.4,2.1,10,Light Green,0,228,42,Moderate
27.2,9.3,5.8,5,Green,39,108,138,Moderate
34.8,9.2,4.4,27,Dark Green,13,151,36,High
27.1,9.3,5.5,11,Green,35,78,80,Moderate
30.1,7.0,5.2,11,Light Green,31,246,11,Moderate
28.4,7.4,5.6,22,Brown,33,101,118,Moderate
28.8,9.0,2.4,14,Black,1,24,80,Moderate
26.8,7.1,7.7,11,Dark Green,28,209,94,Moderate
27.5,8.6,7.6,17,Black,33,93,142,Moderate
28.8,7.0,5.0,11,Green,30,196,148,Moderate
31.3,9.1,4.9,15,Light Green,16,231,21,Moderate
30.9,7.7,3.6,28,Brown,3,55,100,Moderate
28.9,8.7,7.6,18,Dark Green,14,155,84,Moderate
27.0,7.0,2.9,33,Light Green,23,32,72,Moderate
34.5,8.2,5.7,17,Black,35,72,93,High
33.7,8.9,4.9,31,Light Green,21,259,45,Moderate
28.5,7.4,4.0,17,Dark Green,38,239,42,Moderate
25.9,8.2,2.8,21,Brown,9,240,66,Moderate
33.3,7.6,6.5,29,Light Green,3,26,101,Healthy
33.8,7.6,7.9,15,Light Green,16,121,150,Moderate
25.0,8.2,5.5,33,Black,39,154,114,High
32.2,7.2,6.7,30,Green,29,297,100,Moderate
32.4,7.1,6.9,21,Black,23,160,109,High
33.2,7.7,5.5,25,Green,38,26,91,Moderate
28.2,8.1,2.4,28,Light Green,33,26,48,Moderate
25.6,6.5,4.2,33,Light Green,9,183,59,Moderate
27.8,7.6,3.2,24,Black,30,277,10,High
28.4,7.2,7.1,7,Green,13,218,59,Healthy
28.4,8.7,4.2,32,Light Green,37,195,8,Moderate
24.7,8.0,2.9,17,Green,22,113,11,High
33.6,6.7,6.1,31,Dark Green,12,61,94,Moderate
26.3,8.2,7.9,14,Light Green,30,218,95,Healthy
31.4,7.1,4.0,10,Black,25,59,59,High
27.4,9.5,3.6,17,Green,6,59,75,Moderate
32.1,6.6,3.7,30,Brown,10,280,101,High
24.8,7.1,4.5,27,Light Green,14,160,15,Moderate
33.7,8.3,2.3,35,Brown,20,57,75,High
29.1,7.9,2.3,10,Black,7,82,41,Moderate
31.8,6.7,6.2,23,Black,12,215,95,Moderate
31.8,8.7,4.8,18,Green,6,135,141,Moderate
24.8,9.0,3.7,35,Light Green,4,153,69,Moderate
30.3,9.2,3.9,9,Black,18,105,106,High
26.0,7.8,7.0,34,Green,2,20,40,Healthy
29.6,8.0,4.6,8,Dark Green,21,67,80,Moderate
31.8,6.7,6.1,27,Dark Green,12,144,38,Moderate
24.2,7.0,6.0,15,Brown,9,218,62,Moderate
24.5,6.9,6.1,33,Green,21,280,15,Moderate
32.6,7.1,4.7,27,Black,34,191,28,High
28.4,8.2,5.9,30,Dark Green,39,81,5,Moderate
33.0,6.9,7.0,18,Brown,38,65,8,Moderate
24.1,7.9,4.5,7,Green,15,203,79,Moderate
25.2,7.0,4.6,17,Dark Green,11,218,100,Moderate
31.0,8.5,6.2,11,Green,6,44,121,Healthy
25.9,7.4,3.5,8,Light Green,40,53,104,High
33.2,9.0,5.8,33,Brown,16,195,15,Moderate
25.6,9.3,2.6,19,Dark Green,4,181,138,High
26.6,6.6,3.8,12,Light Green,2,212,124,Moderate
32.1,7.1,6.1,10,Brown,16,240,35,Moderate
29.2,7.8,3.1,15,Brown,10,106,56,Moderate
33.6,6.8,5.5,31,Dark Green,22,39,88,High
34.2,9.3,6.2,5,Green,3,87,77,Moderate
25.8,7.5,5.6,25,Black,0,246,61,Moderate
34.2,7.5,4.1,20,Light Green,15,101,114,Moderate
27.5,8.0,4.6,20,Dark Green,32,44,56,Moderate
27.4,8.5,3.7,35,Light Green,17,63,80,Moderate
25.4,8.2,5.0,25,Black,32,36,89,High
25.2,6.5,7.4,13,Brown,8,217,25,Moderate
31.6,7.8,6.7,19,Brown,1,282,42,Healthy
24.2,7.9,2.5,9,Dark Green,6,276,19,High
31.6,7.1,7.2,12,Black,5,152,104,Moderate
33.3,9.3,5.2,16,Dark Green,13,159,86,Moderate
27.5,7.0,4.3,10,Black,13,143,114,Moderate
29.7,8.2,2.7,10,Green,27,110,139,Moderate
